#pragma once
    // ERZEUGT von web/build_web.py aus web/face_designer.css, .html und .js - dort aendern, dann das Skript
    // ausfuehren. Zifferblatt-Designer (Seite /facedesigner): Markup nach Seitenkopf und JS-Objekt FD, CSS
    // und Skript gzip-komprimiert unter /facedesigner.css und /facedesigner.js.

    // GENERATED by web/build_web.py from web/face_designer.css, .html and .js - edit there, then run the
    // script. Clock face designer (page /facedesigner): markup after the page header and the JS object FD,
    // CSS and script gzip-compressed at /facedesigner.css and /facedesigner.js.

static const char FACE_DESIGNER_HTML[] PROGMEM = R"FDRAW(
<link rel="stylesheet" href="/facedesigner.css?v=ad6caaaf">

<div class="hd" id="hdRoot">
  <div class="card" style="margin-bottom:14px">
    <div class="row" style="justify-content:flex-start;align-items:center">
      <span id="baseInfo"></span>
      <button type="button" class="tb" id="resetBtn"></button>
      <span style="flex:1"></span>
      <button type="button" id="saveCurBtn"></button>
      <span style="display:inline-flex;align-items:center;gap:6px;white-space:nowrap">
        <label><span id="tName"></span><input type="text" id="faceName" maxlength="20" spellcheck="false" style="width:130px"></label>
        <button type="button" id="saveBtn"></button>
      </span>
    </div>
    <small id="spaceHint"></small>
    <div id="msg"></div>
  </div>

  <div class="row main">
    <div class="card stick" style="max-width:250px">
      <h3 id="tTools"></h3>
      <div id="toolBtns"></div>
      <small id="toolHint"></small>
      <span id="tBw"></span> <input type="number" class="num2" id="bw" min="1" max="15" value="1"><br>
      <span id="tSym"></span> <select id="symSel"></select>
      <div id="textOpts" style="display:none">
        <input type="text" id="txtVal" value="12" style="width:200px"><br>
        <span id="tTxtSize"></span> <input type="number" class="num2" id="txtSize" min="4" max="120">
        <select id="txtFont"><option value="sans-serif">Sans</option><option value="serif">Serif</option><option value="monospace">Mono</option></select>
        <label><input type="checkbox" id="txtBold" checked>B</label><br>
        <span id="tTxtMode"></span> <select id="txtMode"></select>
        <span id="rotRow"><br><span id="tTxtRot"></span> <input type="number" class="num2" id="txtRot" min="-360" max="360" value="0"> &deg;</span>
      </div>
      <h3 id="tColor"></h3>
      <input type="color" id="color" value="#000000" style="padding:0;height:32px;width:48px;vertical-align:middle">
      <input type="text" id="colorHex" class="hex" maxlength="7" spellcheck="false" style="vertical-align:middle">
      <button type="button" class="tb" id="pickBtn" style="vertical-align:middle"></button>
      <small id="tStd"></small>
      <div id="swatches"></div>
      <small id="tPal"></small>
      <div id="palette" class="pal"></div>
      <h3 id="tEdit"></h3>
      <button type="button" class="tb" id="undoBtn"></button>
      <button type="button" class="tb" id="redoBtn"></button>
      <button type="button" class="tb" id="clearBtn"></button>
      <h3 id="tImport"></h3>
      <select id="fitSel"></select>
      <input type="file" id="imgFile" accept="image/*,.bmp" style="max-width:220px">
      <h3 id="tLogo"></h3>
      <input type="file" id="logoFile" accept="image/*,.bmp" style="max-width:220px"><br>
      <span id="tLogoW"></span> <input type="number" class="num2" id="logoW" min="2"> px
      <small id="logoHint"></small>
      <h3 id="tFonts"></h3>
      <input type="text" id="fontName" spellcheck="false" style="width:140px"><button type="button" class="tb" id="fontAddBtn"></button>
      <small id="fontFileHint"></small>
      <input type="file" id="fontFile" accept=".ttf,.otf,.woff,.woff2" style="max-width:220px">
    </div>

    <div class="card edcard">
      <div style="text-align:center">
        <button type="button" class="tb" id="zoomOut">&minus;</button>
        <span id="zoomInfo" style="display:inline-block;min-width:70px"></span>
        <button type="button" class="tb" id="zoomIn">+</button>
      </div>
      <div class="edwrap"><canvas id="ed"></canvas></div>
      <small id="posInfo" style="text-align:center"></small>
    </div>

    <div class="card stick" style="max-width:340px">
      <h3 id="tGen"></h3>
      <div class="grid2">
        <span id="tBg"></span><span><input type="color" class="clr" id="gBg"></span>
        <span id="tRing"></span><span><input type="number" class="num2" id="gRing" min="0"><input type="color" class="clr" id="gRingC"></span>
        <span id="tHourM"></span><span><input type="number" class="num2" id="gHLen" min="0"><input type="number" class="num2" id="gHW" min="0"><input type="color" class="clr" id="gHC"></span>
        <span id="tMinM"></span><span><input type="number" class="num2" id="gMLen" min="0"><input type="number" class="num2" id="gMW" min="0"><input type="color" class="clr" id="gMC"></span>
        <span id="tNum"></span><span><select id="gNum"></select></span>
        <span id="tNSize"></span><span><input type="number" class="num2" id="gNSize" min="4"><input type="color" class="clr" id="gNC"></span>
        <span id="tNDist"></span><span><input type="number" class="num2" id="gNDist" min="0"></span>
        <span id="tNFont"></span><span><select id="gNFont"><option value="sans-serif">Sans</option><option value="serif">Serif</option><option value="monospace">Mono</option></select><label><input type="checkbox" id="gNBold" checked>B</label></span>
      </div>
      <small id="genHint"></small>
      <button type="button" id="genBtn"></button>
      <h3 id="tPreview"></h3>
      <canvas id="pv"></canvas>
      <label><input type="checkbox" id="live" checked><span id="tLive"></span></label>
      <label><input type="checkbox" id="showHands" checked><span id="tShowHands"></span></label>
      <small id="modeInfo"></small>
      <div id="stripCard" style="display:none">
        <h3 id="tStrip"></h3>
        <div class="grid2">
          <span id="tSPos"></span><span><select id="sBefore"></select></span>
          <span id="tSBg"></span><span><input type="color" class="clr" id="sBg"></span>
          <span id="tSFg"></span><span><input type="color" class="clr" id="sFg"></span>
          <span id="tSFont"></span><span><select id="sFont"></select></span>
          <span class="vlwRow" id="tSVSize"></span><span class="vlwRow"><input type="number" class="num2" id="sVT" min="8" max="120"> / <input type="number" class="num2" id="sVD" min="8" max="120"> px <label><input type="checkbox" id="sVB">B</label></span>
          <span id="tSTFmt"></span><span><select id="sTFmt"></select></span>
          <span id="tSSec"></span><span><select id="sSec"></select></span>
          <span id="tSDFmt"></span><span><select id="sDFmt"></select></span>
          <span></span><span><label><input type="checkbox" id="sBlink"><span id="tSBlink"></span></label></span>
          <span id="tSTime" style="align-self:start;margin-top:4px"></span><span><label><input type="checkbox" id="sTAuto"><span class="tSAuto"></span></label><br>X <input type="range" id="sTX" min="0" style="width:150px;margin:2px 0;vertical-align:middle"><br>Y <input type="range" id="sTY" min="0" style="width:150px;margin:2px 0;vertical-align:middle"></span>
          <span id="tSDate" style="align-self:start;margin-top:4px"></span><span><label><input type="checkbox" id="sDAuto"><span class="tSAuto"></span></label><br>X <input type="range" id="sDX" min="0" style="width:150px;margin:2px 0;vertical-align:middle"><br>Y <input type="range" id="sDY" min="0" style="width:150px;margin:2px 0;vertical-align:middle"></span>
        </div>
        <small id="stripHint"></small>
        <button type="button" class="tb" id="sDefBtn"></button>
        <button type="button" id="sSaveBtn"></button>
      </div>
    </div>
  </div>
</div>

<script src="/designer.js?v=156ce10a"></script>
<script src="/facedesigner.js?v=ad6caaaf"></script>
)FDRAW";

static const uint8_t FACE_DESIGNER_CSS_GZ[] PROGMEM = {
    0x1f, 0x8b, 0x08, 0x00, 0x00, 0x00, 0x00, 0x00, 0x02, 0xff, 0xa5, 0x55, 0xdd, 0x8e, 0x9c, 0x20, 0x14, 0xbe, 0xdf, 0xa7,
    0x30, 0x69, 0x9a, 0xcc, 0x24, 0xab, 0x51, 0xd7, 0xce, 0x4e, 0xf1, 0xa6, 0x0f, 0xd1, 0x17, 0x40, 0x40, 0xa5, 0x8b, 0x40,
    0x00, 0xe7, 0xa7, 0x66, 0xdf, 0xbd, 0x07, 0x44, 0xc7, 0xd9, 0x6d, 0xda, 0x6d, 0x7a, 0x83, 0x08, 0xe7, 0x9c, 0xef, 0xfc,
    0x7c, 0xe7, 0x90, 0xf5, 0x74, 0x1a, 0xf0, 0x25, 0x3d, 0x73, 0xea, 0x7a, 0x54, 0x7c, 0xc9, 0x73, 0x7d, 0xa9, 0x07, 0x6c,
    0x3a, 0x2e, 0x51, 0x9e, 0xe0, 0xd1, 0xa9, 0xda, 0xb1, 0x8b, 0x4b, 0xb1, 0xe0, 0x9d, 0x44, 0x82, 0xb5, 0xee, 0xf5, 0x21,
    0xeb, 0x69, 0x92, 0x19, 0x75, 0x9e, 0x28, 0xb7, 0x5a, 0xe0, 0x2b, 0x6a, 0x05, 0xbb, 0xd4, 0x7e, 0x49, 0xcf, 0x06, 0x6b,
    0xe4, 0x97, 0xba, 0x83, 0x4d, 0x51, 0x81, 0xb1, 0x1f, 0xa3, 0x75, 0xbc, 0xbd, 0xa6, 0x44, 0x49, 0xc7, 0xa4, 0x43, 0x04,
    0x16, 0x66, 0xea, 0x60, 0x30, 0xe5, 0x8e, 0x0d, 0x36, 0xe8, 0xa7, 0xd6, 0x61, 0xb3, 0x18, 0x27, 0xd8, 0xd0, 0xa9, 0xc1,
    0xe4, 0xa5, 0x33, 0x6a, 0x94, 0x14, 0x9d, 0xb0, 0xd9, 0xa5, 0xa9, 0xc6, 0x92, 0x89, 0x7d, 0xdd, 0x28, 0x43, 0x99, 0x41,
    0x85, 0xbe, 0x24, 0x56, 0x09, 0x4e, 0x93, 0xcd, 0x6d, 0x3a, 0x5f, 0x2e, 0x42, 0xa9, 0xc1, 0x94, 0x8f, 0x16, 0x15, 0x3e,
    0x2a, 0x8d, 0x29, 0xe5, 0xb2, 0x0b, 0x3f, 0x49, 0x51, 0xea, 0xcb, 0x0c, 0xd6, 0x3f, 0x4d, 0x31, 0x5e, 0xf0, 0x36, 0xc9,
    0x93, 0x23, 0x88, 0xb6, 0xe0, 0x6b, 0x6a, 0xf9, 0x4f, 0x86, 0x0a, 0xc3, 0x86, 0x59, 0xae, 0x19, 0x9d, 0x53, 0xf2, 0xd1,
    0x6f, 0x2d, 0x13, 0x8c, 0xb8, 0xb0, 0xe5, 0x52, 0x8f, 0x6e, 0x9a, 0xb3, 0x17, 0xb2, 0x15, 0x6d, 0x3d, 0x6d, 0x00, 0x0f,
    0x1e, 0x2f, 0x5f, 0xf0, 0x32, 0xd7, 0xfc, 0x5f, 0x68, 0x44, 0x09, 0x65, 0xa2, 0x9e, 0xaf, 0xcd, 0x7e, 0x76, 0xf7, 0xcc,
    0x78, 0xd7, 0x3b, 0x24, 0x95, 0x19, 0xb0, 0x58, 0xa1, 0x32, 0x25, 0xdf, 0xa3, 0x61, 0xe2, 0x8b, 0xb0, 0x26, 0x69, 0x6b,
    0x70, 0xb9, 0x9a, 0xcf, 0x3e, 0x15, 0xb8, 0x28, 0xf3, 0xfc, 0x0e, 0xa0, 0x51, 0x82, 0x6e, 0x33, 0x82, 0x80, 0x05, 0xb8,
    0x11, 0x8c, 0x4e, 0x4a, 0x63, 0xc2, 0xdd, 0x15, 0x65, 0x55, 0x4d, 0x46, 0x63, 0x41, 0x9f, 0xb2, 0x16, 0x8f, 0x22, 0x56,
    0x95, 0x60, 0x79, 0xc2, 0x76, 0x72, 0x6a, 0x24, 0x3d, 0xe0, 0x38, 0x0e, 0xba, 0x52, 0x49, 0xf6, 0xb1, 0xa8, 0x17, 0xae,
    0x35, 0x42, 0x91, 0x97, 0x7b, 0x86, 0xc6, 0x60, 0xed, 0x39, 0xd6, 0xa1, 0x84, 0xda, 0xd6, 0xfd, 0xec, 0x6d, 0xd8, 0xdf,
    0x93, 0xa1, 0x5a, 0x4f, 0x3e, 0x08, 0xc9, 0xa5, 0xe0, 0x92, 0xa5, 0x33, 0x72, 0x8c, 0x4c, 0x2b, 0x1e, 0x68, 0x1c, 0x1d,
    0xf1, 0x28, 0x27, 0x66, 0x1c, 0x27, 0x58, 0xc4, 0x5e, 0x19, 0x38, 0xa5, 0x82, 0x45, 0xdf, 0x34, 0x16, 0x6b, 0xb7, 0x74,
    0x86, 0xd3, 0xda, 0x2f, 0x50, 0xbd, 0x01, 0x4e, 0x1c, 0xf3, 0x15, 0x18, 0x07, 0x69, 0x91, 0x61, 0x9a, 0x61, 0xb7, 0x2b,
    0x0e, 0x8f, 0x45, 0x0b, 0x0e, 0x84, 0x1e, 0x0a, 0xfd, 0xb8, 0x34, 0x68, 0x59, 0x56, 0xb7, 0xfe, 0x2c, 0x03, 0x5f, 0xab,
    0x95, 0x58, 0x00, 0x92, 0x58, 0x08, 0x61, 0xc2, 0x56, 0x03, 0x3f, 0x21, 0x5e, 0xc8, 0x31, 0x2a, 0xde, 0xba, 0x7c, 0x9f,
    0x8d, 0xb5, 0x0f, 0x20, 0x7f, 0x59, 0xe4, 0xf7, 0x6a, 0xc9, 0xb3, 0x47, 0x8d, 0xce, 0x87, 0x1f, 0xd0, 0xb6, 0xb9, 0x5a,
    0x98, 0x12, 0xef, 0x53, 0xd5, 0xb6, 0x96, 0x39, 0xef, 0x6f, 0xb4, 0xd7, 0xb3, 0x4b, 0x2c, 0xc8, 0xf1, 0xb0, 0xf4, 0x54,
    0x8b, 0x07, 0x2e, 0xae, 0x68, 0x50, 0x52, 0x81, 0x7d, 0xb2, 0xa4, 0x47, 0x8e, 0x43, 0x14, 0x7d, 0x2e, 0xdf, 0x34, 0x8e,
    0x6f, 0x4a, 0xff, 0x3d, 0xae, 0x76, 0x41, 0xb8, 0x8c, 0xd2, 0x87, 0xea, 0xaf, 0xd2, 0x44, 0x98, 0x28, 0xfc, 0x54, 0x6d,
    0x68, 0x71, 0xdc, 0x28, 0xe6, 0x7f, 0x2a, 0x9d, 0xc0, 0x0d, 0x13, 0xd3, 0xb9, 0x87, 0x49, 0x95, 0x06, 0x97, 0x81, 0xb3,
    0x61, 0xc0, 0xbd, 0x61, 0x47, 0x98, 0x81, 0xdb, 0xa1, 0x16, 0xe7, 0x9c, 0xaf, 0xe1, 0xa6, 0x66, 0x4f, 0xd1, 0x41, 0xff,
    0xcd, 0xa3, 0x8b, 0x9e, 0x0b, 0xe5, 0x47, 0xe8, 0xe1, 0xc9, 0x3e, 0xcf, 0x64, 0x6f, 0xb5, 0x9c, 0xe3, 0xfc, 0x0d, 0x68,
    0xb4, 0xcb, 0x68, 0x98, 0xa3, 0xde, 0x33, 0xe8, 0x94, 0x62, 0xd6, 0x1c, 0xb8, 0x5c, 0xb8, 0x94, 0xdf, 0x66, 0x12, 0xa3,
    0x3e, 0xa6, 0x49, 0x41, 0x22, 0x5a, 0xa1, 0xce, 0xcb, 0x28, 0x5b, 0xdf, 0x85, 0x3c, 0xff, 0x1c, 0x7e, 0x63, 0xfa, 0x20,
    0x55, 0x64, 0x07, 0x87, 0xa7, 0x3e, 0x49, 0x23, 0x1d, 0x7a, 0xfa, 0x5d, 0xe9, 0xc7, 0x67, 0x30, 0xb9, 0x87, 0xb3, 0xc2,
    0xcf, 0xbb, 0xfd, 0xeb, 0xc3, 0xb7, 0x81, 0x51, 0x8e, 0x93, 0xdd, 0x0d, 0xf5, 0xab, 0x47, 0xdd, 0x4f, 0xcb, 0x1b, 0x92,
    0x0d, 0x98, 0xcb, 0xe9, 0xf6, 0x76, 0xcc, 0xc9, 0x7d, 0x0d, 0x6e, 0x65, 0xf0, 0x70, 0x90, 0x17, 0x25, 0x93, 0x79, 0x33,
    0x69, 0x65, 0x79, 0x98, 0x1a, 0xe1, 0xf7, 0x5a, 0x3b, 0xa5, 0xd1, 0x3b, 0xf0, 0x7f, 0x72, 0xf3, 0xe8, 0x15, 0x96, 0xa0,
    0xd3, 0x2b, 0xda, 0x4c, 0x93, 0xc1, 0x76, 0xcb, 0xbb, 0x70, 0xf4, 0xb5, 0xda, 0x64, 0xc3, 0x0f, 0xad, 0x59, 0xca, 0xc2,
    0xa8, 0xbd, 0x35, 0xf6, 0xdd, 0x68, 0xaa, 0xe6, 0x02, 0xff, 0x02, 0x8c, 0x82, 0xd6, 0x59, 0x60, 0x07, 0x00, 0x00,
};

static const uint8_t FACE_DESIGNER_JS_GZ[] PROGMEM = {
    0x1f, 0x8b, 0x08, 0x00, 0x00, 0x00, 0x00, 0x00, 0x02, 0xff, 0xcd, 0x7d, 0x6d, 0x7b, 0xdb, 0xc6, 0xd1, 0xee, 0x77, 0xfd,
    0x0a, 0x38, 0xcd, 0x29, 0xc9, 0x9a, 0xa2, 0x5e, 0xfc, 0x12, 0x57, 0x8a, 0xe3, 0xcb, 0xb2, 0xac, 0xc8, 0x4f, 0x6d, 0xc7,
    0xc7, 0x52, 0xe3, 0x38, 0x8a, 0x9a, 0x0b, 0x24, 0x40, 0x91, 0x11, 0x49, 0xb0, 0x00, 0x28, 0x89, 0x4e, 0xfd, 0xdf, 0xcf,
    0x7d, 0xcf, 0xec, 0x2e, 0x76, 0x41, 0x50, 0x56, 0x7a, 0x7a, 0xce, 0xf3, 0xa4, 0xb5, 0x08, 0xec, 0xeb, 0xec, 0xec, 0xec,
    0xcc, 0xec, 0xec, 0xec, 0xa0, 0x3d, 0x5c, 0xcc, 0x06, 0xe5, 0x38, 0x9b, 0x45, 0xed, 0x4e, 0xf4, 0xfb, 0xc6, 0x55, 0x9c,
    0x47, 0x47, 0xc7, 0xd1, 0xd3, 0xe8, 0xe8, 0xb0, 0x37, 0xea, 0x46, 0x27, 0xe6, 0xb1, 0x28, 0xf3, 0xf1, 0x3c, 0x7a, 0xe6,
    0x1e, 0x7b, 0xa3, 0x68, 0x2f, 0xda, 0xee, 0x46, 0x3f, 0x7c, 0x44, 0x7e, 0xdb, 0x15, 0xf8, 0xf3, 0x9f, 0xab, 0x12, 0xfd,
    0x74, 0x98, 0xe5, 0x69, 0x07, 0x95, 0xd0, 0x08, 0x0a, 0xef, 0x4b, 0xdb, 0x1f, 0xb4, 0xbd, 0xeb, 0x6e, 0x24, 0x2d, 0x1f,
    0x47, 0xf7, 0x91, 0xdd, 0x8d, 0xde, 0xe2, 0xe5, 0x43, 0xf4, 0x97, 0x08, 0x8f, 0x2f, 0x7e, 0x92, 0xe7, 0xad, 0x68, 0x17,
    0xcf, 0x6c, 0x1e, 0x7d, 0xdc, 0x67, 0x49, 0x49, 0x79, 0x8f, 0x84, 0x37, 0x71, 0x39, 0xea, 0x4d, 0xc7, 0xb3, 0xf6, 0x87,
    0x2e, 0xd2, 0x3b, 0xcc, 0xd0, 0xc6, 0x0f, 0x5f, 0x1e, 0x21, 0xbb, 0xb5, 0x35, 0x8c, 0x07, 0xe9, 0xaf, 0x49, 0x3a, 0x8c,
    0x17, 0x93, 0xb2, 0xd7, 0x9f, 0xce, 0x5b, 0x9a, 0x7d, 0xca, 0x96, 0x7f, 0xdf, 0x48, 0xd2, 0xbd, 0xe8, 0xf7, 0xa8, 0x1f,
    0x17, 0xf8, 0x6d, 0x1d, 0xc4, 0xc5, 0xb8, 0xd8, 0x6b, 0x75, 0xa3, 0x18, 0x48, 0xb8, 0x62, 0x4a, 0x7c, 0x89, 0x07, 0x24,
    0xe4, 0x69, 0x91, 0x96, 0x78, 0xff, 0x65, 0xb1, 0xbd, 0x3d, 0x78, 0x38, 0x4b, 0xd2, 0x7c, 0x31, 0xbb, 0x48, 0x67, 0xd1,
    0x55, 0x9a, 0x5f, 0xa7, 0xf9, 0x30, 0x9d, 0xb5, 0xba, 0x1b, 0x45, 0x7c, 0x95, 0x1e, 0x94, 0x33, 0x94, 0x7a, 0x3e, 0x29,
    0xa2, 0x59, 0xba, 0x48, 0x8b, 0xe8, 0xe7, 0xf1, 0x70, 0x98, 0xe6, 0xfd, 0x49, 0x5c, 0x96, 0x51, 0x31, 0x4f, 0xc7, 0x83,
    0x51, 0x9a, 0xa3, 0x6c, 0x34, 0x8b, 0xa7, 0x6c, 0xfe, 0x2d, 0x7f, 0x4c, 0xd5, 0x17, 0x8b, 0xdc, 0xd4, 0xbe, 0x2c, 0x17,
    0xe9, 0x64, 0xb2, 0xae, 0x76, 0xb4, 0x98, 0x25, 0x51, 0x3c, 0xbb, 0x4e, 0x01, 0x05, 0x9b, 0x2a, 0xb3, 0x6c, 0x52, 0xa0,
    0xda, 0x87, 0x34, 0xbf, 0xfc, 0x94, 0x2e, 0x2e, 0x90, 0xd4, 0xbf, 0xc6, 0xfb, 0x49, 0x39, 0x1e, 0x96, 0xfd, 0x3c, 0x1d,
    0x97, 0xd2, 0xc5, 0x3c, 0x9d, 0xd9, 0x44, 0x94, 0x98, 0x8c, 0x67, 0xec, 0xff, 0xf5, 0x78, 0x36, 0x4e, 0x65, 0x78, 0x03,
    0x8e, 0xee, 0x7d, 0x3c, 0x9a, 0x4a, 0x9b, 0x7c, 0x1f, 0x32, 0x21, 0x1d, 0x8c, 0xca, 0x74, 0x70, 0x89, 0x24, 0x40, 0x84,
    0x84, 0x97, 0x93, 0xc9, 0x78, 0x5e, 0xa4, 0xfa, 0x3e, 0xac, 0x12, 0xa2, 0x8b, 0x74, 0x48, 0xdc, 0x0c, 0x07, 0x93, 0x09,
    0xdb, 0x1f, 0x8c, 0xf3, 0x01, 0x72, 0xff, 0x86, 0xee, 0x0b, 0xf3, 0x3a, 0xb4, 0xef, 0xf5, 0xb2, 0x79, 0x9c, 0x8c, 0x17,
    0x85, 0x74, 0xcf, 0x07, 0xc2, 0x9a, 0x4d, 0x96, 0x78, 0x7f, 0x87, 0x9f, 0x8b, 0x8c, 0xf0, 0x0c, 0xc7, 0xd2, 0xfb, 0x91,
    0xad, 0xa6, 0x03, 0x4f, 0x6f, 0x08, 0xf4, 0x29, 0x7e, 0xf0, 0x36, 0x1f, 0x0f, 0x2e, 0x59, 0x67, 0x3c, 0x4f, 0xcb, 0x92,
    0x00, 0x16, 0xcb, 0x29, 0x07, 0xbc, 0x9c, 0x4e, 0x53, 0x90, 0x20, 0x71, 0x10, 0x95, 0x37, 0xe5, 0xc9, 0xf8, 0x13, 0x07,
    0xfe, 0x7d, 0x2e, 0x4d, 0x3d, 0xe6, 0xdf, 0x64, 0x28, 0x08, 0x9a, 0x65, 0x82, 0x92, 0xcb, 0x14, 0xa8, 0x41, 0xd9, 0xe9,
    0x0d, 0x5e, 0x80, 0xa6, 0xcb, 0x62, 0x2b, 0x27, 0x16, 0x08, 0x76, 0x31, 0x1f, 0xa7, 0x17, 0xa9, 0x00, 0x3d, 0xbd, 0x21,
    0x84, 0x0f, 0x37, 0x41, 0x5d, 0xa3, 0x30, 0x27, 0x7f, 0xe8, 0x67, 0x24, 0x79, 0x3a, 0x42, 0xea, 0x46, 0xbe, 0xb3, 0x8b,
    0xe4, 0x9d, 0xdd, 0x20, 0x3d, 0x6a, 0x9f, 0x94, 0x0b, 0x4e, 0x63, 0x87, 0xf5, 0x1e, 0x6f, 0xa3, 0xc4, 0xe3, 0xed, 0x5a,
    0x89, 0x37, 0xe3, 0xd9, 0xa2, 0x94, 0x12, 0x1b, 0x1c, 0xa2, 0x21, 0x91, 0xc5, 0x70, 0x96, 0x9a, 0xb9, 0x62, 0xea, 0xe9,
    0x78, 0x4e, 0xf4, 0xc4, 0x79, 0x3f, 0x8d, 0xe2, 0x45, 0x11, 0x71, 0x0c, 0xd3, 0xe8, 0xdd, 0xf8, 0x26, 0x9d, 0xe0, 0xdd,
    0x94, 0x8d, 0x36, 0xf1, 0x8c, 0xa6, 0xe7, 0x69, 0x1e, 0xc9, 0xc4, 0x16, 0x97, 0x13, 0xd4, 0x8d, 0xc6, 0xb3, 0x28, 0x19,
    0xa7, 0xd1, 0xcf, 0x42, 0x5f, 0xb3, 0xe1, 0x84, 0x38, 0x49, 0x1f, 0xe2, 0x39, 0xca, 0x40, 0xe7, 0xd1, 0xdf, 0xfc, 0x42,
    0x3f, 0x66, 0x79, 0x31, 0x18, 0xc5, 0x0b, 0x40, 0x33, 0xc8, 0x26, 0x59, 0x6e, 0x7b, 0x25, 0xbe, 0xcb, 0x44, 0x08, 0x2c,
    0x9e, 0x25, 0x71, 0x9e, 0x0c, 0x99, 0x2a, 0xe0, 0xc5, 0x9c, 0xb9, 0x77, 0xf1, 0xc4, 0x4c, 0xcb, 0x30, 0x4f, 0x65, 0xa9,
    0xa5, 0x93, 0x71, 0xda, 0x1f, 0x5f, 0xa4, 0x91, 0xad, 0x3f, 0x4a, 0x6f, 0x8e, 0xc7, 0x33, 0xce, 0xe8, 0x9f, 0xde, 0xbf,
    0xff, 0xfe, 0xfb, 0x83, 0x03, 0xed, 0xfe, 0xfd, 0xf7, 0x07, 0x8f, 0x1e, 0x3f, 0x8a, 0xda, 0xdb, 0x37, 0x47, 0xf8, 0x8f,
    0x68, 0x48, 0x93, 0x71, 0x29, 0x2d, 0xb0, 0x22, 0xa8, 0x9b, 0xbd, 0x00, 0x8b, 0x19, 0x29, 0x48, 0x09, 0x64, 0x70, 0x79,
    0xa1, 0x83, 0x98, 0x5d, 0x8c, 0x2f, 0x84, 0x9c, 0x25, 0xf7, 0xc3, 0x38, 0x45, 0x8b, 0xa3, 0x4c, 0xc9, 0x67, 0x30, 0x41,
    0x03, 0xb2, 0x58, 0xb9, 0xd4, 0x86, 0x3e, 0x69, 0x6d, 0x8c, 0xa7, 0xf3, 0x2c, 0x97, 0x4e, 0xc6, 0x93, 0x24, 0x9a, 0xc4,
    0xba, 0xd2, 0x06, 0x19, 0x96, 0x3b, 0x47, 0xec, 0xa1, 0x28, 0xa8, 0x87, 0x12, 0xb3, 0x32, 0x1e, 0x73, 0x86, 0x2e, 0xe2,
    0xd9, 0xa7, 0xe8, 0x53, 0x8a, 0x01, 0xb2, 0xbd, 0x0b, 0x59, 0x7c, 0xfe, 0x72, 0x4e, 0x73, 0xae, 0x55, 0xa9, 0xd4, 0xbf,
    0x40, 0x1e, 0x87, 0x9e, 0xe6, 0x17, 0x60, 0x2b, 0x09, 0x01, 0x1e, 0xcf, 0x2e, 0x64, 0x41, 0xc8, 0xdb, 0x28, 0x5b, 0xe4,
    0x6f, 0x04, 0xb7, 0x42, 0x2c, 0xe4, 0xa8, 0xe8, 0x9a, 0x44, 0x38, 0x9e, 0x31, 0xdd, 0x90, 0x88, 0x4b, 0xdf, 0x98, 0x2d,
    0xa6, 0xae, 0x3b, 0xe1, 0x36, 0x86, 0xea, 0x4d, 0xca, 0x66, 0x8d, 0xfa, 0x59, 0xe2, 0x70, 0x5c, 0x94, 0x55, 0x89, 0xe8,
    0x79, 0xbf, 0x28, 0xb5, 0xf3, 0xd9, 0x51, 0x26, 0x93, 0x72, 0x32, 0x18, 0xe5, 0xc2, 0x3b, 0xd8, 0xfa, 0xdb, 0x70, 0xad,
    0x20, 0xe5, 0x79, 0x1e, 0xf7, 0xc7, 0x5c, 0xf2, 0x3b, 0x20, 0xb3, 0x9d, 0x5d, 0x4d, 0xfc, 0xdf, 0x8b, 0x38, 0x2f, 0x05,
    0x65, 0x3b, 0xe0, 0xd6, 0x0f, 0xba, 0xd1, 0xe3, 0x6e, 0xf4, 0x57, 0xcd, 0x7a, 0x9f, 0x4d, 0x63, 0xe2, 0xe4, 0x15, 0x8a,
    0xff, 0xf4, 0xea, 0x95, 0xe2, 0xc8, 0xcc, 0xff, 0x89, 0x0e, 0x64, 0x2f, 0x7a, 0x6d, 0x67, 0x31, 0x15, 0xa6, 0x77, 0x20,
    0xcc, 0x8c, 0xa4, 0x28, 0x94, 0x3d, 0xeb, 0x59, 0x30, 0xf7, 0x0c, 0xa7, 0x9c, 0x4d, 0xc7, 0x20, 0xb2, 0xa8, 0x0f, 0x1e,
    0x43, 0xd4, 0xf5, 0xd0, 0x15, 0x5a, 0xd5, 0x25, 0xf3, 0xd2, 0x21, 0x7c, 0x63, 0x9e, 0xa7, 0x57, 0xe3, 0x94, 0x3c, 0xb2,
    0x22, 0x67, 0x70, 0xc4, 0x2b, 0xe5, 0x88, 0x57, 0xe9, 0xe6, 0xdf, 0x47, 0x28, 0x3c, 0xe6, 0x62, 0x2e, 0x46, 0xd9, 0xf5,
    0x31, 0x9a, 0x22, 0x7b, 0xfa, 0x99, 0xb3, 0x99, 0x2b, 0xb7, 0xd6, 0xf9, 0x39, 0x31, 0x3c, 0x39, 0xed, 0xf5, 0xd8, 0x17,
    0xb9, 0x78, 0xb2, 0x96, 0xfd, 0x7f, 0xf5, 0xfb, 0xf6, 0xe7, 0xaf, 0x84, 0x55, 0x68, 0xa5, 0xd2, 0xca, 0x99, 0xb8, 0x94,
    0x5a, 0xca, 0xd7, 0x29, 0x6f, 0xc6, 0x92, 0x29, 0x42, 0x21, 0x81, 0x54, 0x40, 0xde, 0x4a, 0x5d, 0x23, 0x04, 0x2e, 0x52,
    0x11, 0x03, 0xc2, 0xd1, 0x33, 0x70, 0x4f, 0x81, 0xea, 0x35, 0xc8, 0x55, 0x01, 0x62, 0x9a, 0x42, 0xc4, 0x66, 0x6b, 0xf0,
    0x80, 0x5d, 0x29, 0x5d, 0x6f, 0x0c, 0xe3, 0xf1, 0x44, 0x8a, 0x1d, 0xa5, 0xa3, 0x89, 0x4c, 0x17, 0x49, 0xab, 0x28, 0xb4,
    0xb9, 0xa6, 0xba, 0x33, 0x40, 0x51, 0x46, 0x58, 0x37, 0x7d, 0x48, 0xd2, 0xcd, 0xc8, 0x2e, 0x7a, 0x15, 0x87, 0x0a, 0xd0,
    0x46, 0x3f, 0x4e, 0xde, 0x7a, 0x52, 0x0e, 0x93, 0x9e, 0x47, 0x07, 0xe0, 0x3f, 0x98, 0x31, 0x70, 0x86, 0xae, 0x9d, 0xb2,
    0x6e, 0xf4, 0xab, 0x0c, 0x66, 0x13, 0x74, 0xae, 0x54, 0xc9, 0x22, 0xa0, 0xe6, 0x68, 0x77, 0xdb, 0xf2, 0xa4, 0x9e, 0xb0,
    0x9b, 0xd9, 0x70, 0x9c, 0x4f, 0x5f, 0xde, 0x80, 0x50, 0x39, 0x1b, 0x87, 0x71, 0x23, 0x7a, 0xc7, 0x7d, 0xac, 0xad, 0x22,
    0xc2, 0xac, 0x66, 0x64, 0x78, 0xba, 0x3a, 0xfb, 0x29, 0xa7, 0x19, 0xd4, 0x83, 0x8e, 0x9f, 0x55, 0x6d, 0xbd, 0x37, 0x42,
    0x9d, 0x1c, 0x20, 0x5a, 0x2b, 0xd9, 0x05, 0xba, 0x04, 0xbd, 0xc9, 0xdc, 0xa4, 0x21, 0x1e, 0xd2, 0x85, 0x72, 0x07, 0xaf,
    0xd5, 0x17, 0x86, 0xaf, 0x10, 0x40, 0x72, 0x81, 0xb0, 0x06, 0x28, 0x34, 0x22, 0x5b, 0x8b, 0x8d, 0x90, 0x9f, 0x29, 0xff,
    0xf3, 0xf9, 0xc8, 0x33, 0x61, 0x40, 0x17, 0x2f, 0xf3, 0xdc, 0x32, 0xa0, 0xcb, 0x6c, 0x06, 0xee, 0x60, 0xb0, 0x8e, 0x79,
    0x03, 0xdc, 0xb3, 0x08, 0xd0, 0x25, 0x8a, 0x9a, 0x49, 0x76, 0x7d, 0x32, 0x87, 0x96, 0x23, 0x4a, 0xc0, 0x6c, 0x7c, 0x41,
    0x1e, 0x0b, 0x1a, 0x8a, 0x2c, 0x79, 0x46, 0x6d, 0xe0, 0x26, 0xfa, 0xdb, 0x41, 0x07, 0x08, 0xc1, 0x8a, 0x6d, 0xa0, 0xcd,
    0x7e, 0x4e, 0xc9, 0x50, 0xca, 0xca, 0xf9, 0xb4, 0x88, 0x7e, 0xdf, 0x61, 0x71, 0x36, 0x3d, 0xfa, 0xd5, 0xd3, 0x1b, 0xf6,
    0x8c, 0x44, 0x41, 0x1b, 0x9f, 0xb0, 0xfc, 0x22, 0x60, 0xef, 0x13, 0x00, 0x11, 0x36, 0xcd, 0x2e, 0x47, 0xa0, 0x02, 0xf2,
    0xbc, 0xc1, 0x68, 0xc6, 0x09, 0xa6, 0xc8, 0x40, 0x0e, 0x4a, 0x83, 0x70, 0x4b, 0x0c, 0x16, 0xb3, 0x1a, 0x79, 0x5a, 0x89,
    0xb6, 0xef, 0x6b, 0x22, 0x7b, 0xd1, 0x55, 0x36, 0x8d, 0x9e, 0xcf, 0x86, 0xa0, 0xec, 0x62, 0x13, 0x90, 0x4c, 0xa3, 0x97,
    0xb3, 0x64, 0xbe, 0x98, 0x5d, 0x96, 0xd1, 0xa7, 0x71, 0xaa, 0x94, 0x10, 0x8d, 0x7e, 0x0d, 0xd4, 0x95, 0xbd, 0xc8, 0x6a,
    0x29, 0x9b, 0x7f, 0x9f, 0xe6, 0x20, 0x5b, 0x4a, 0x3c, 0x57, 0x7a, 0x43, 0x4b, 0xfb, 0xca, 0xcc, 0x5e, 0xa0, 0x80, 0x00,
    0x13, 0x36, 0xa3, 0x5e, 0x31, 0x50, 0x79, 0xf6, 0xa2, 0xf1, 0x34, 0x7a, 0x43, 0xfe, 0x32, 0x51, 0x80, 0xe2, 0x99, 0x19,
    0x3f, 0xe9, 0x43, 0xab, 0x01, 0xbf, 0xd7, 0x71, 0x0c, 0x26, 0x21, 0x0d, 0xe6, 0x92, 0x83, 0xa9, 0xba, 0xb4, 0xef, 0x86,
    0x5d, 0x45, 0x58, 0x59, 0x89, 0x88, 0xd3, 0xe3, 0x78, 0xd2, 0x87, 0xb4, 0x2f, 0xbc, 0x1e, 0xd7, 0x29, 0x55, 0x77, 0xe9,
    0xbf, 0x1b, 0x5d, 0xa3, 0x51, 0x53, 0x5b, 0x5b, 0xf4, 0x15, 0xb1, 0x3b, 0x0e, 0x21, 0xf1, 0x20, 0xfd, 0x84, 0x45, 0xfb,
    0x86, 0x1a, 0x05, 0x56, 0x9d, 0x64, 0xa8, 0x8e, 0xd6, 0x95, 0x67, 0xd5, 0xe6, 0x98, 0x93, 0xde, 0x80, 0x9e, 0x23, 0x0a,
    0xaf, 0xaa, 0xd7, 0x66, 0x7d, 0xef, 0xee, 0xc3, 0x90, 0xba, 0xda, 0xdc, 0xaa, 0xfa, 0xb7, 0xa7, 0x0b, 0x26, 0x7d, 0x98,
    0x63, 0xbd, 0x13, 0x93, 0x9f, 0x16, 0x45, 0x0c, 0x4d, 0x6f, 0x36, 0x72, 0x22, 0x03, 0x4b, 0x39, 0xba, 0x98, 0x90, 0x1a,
    0xa9, 0x8b, 0x88, 0xa6, 0xe1, 0xc9, 0xed, 0xc5, 0xd4, 0x90, 0x77, 0xa0, 0x36, 0xee, 0x19, 0x6d, 0xc7, 0xb1, 0x8d, 0xd9,
    0x78, 0x3a, 0xd5, 0x0e, 0x74, 0x99, 0x26, 0x20, 0x17, 0x59, 0x04, 0x06, 0xb2, 0x50, 0x53, 0xc5, 0x02, 0xe1, 0x98, 0xa0,
    0x83, 0xcd, 0x44, 0xb5, 0xe2, 0x50, 0x0e, 0xb3, 0xf9, 0x3c, 0x9d, 0xa8, 0xa6, 0xe5, 0xe9, 0x53, 0x20, 0x35, 0x34, 0x36,
    0x83, 0x1e, 0x40, 0x66, 0xa7, 0xf5, 0xc8, 0xb5, 0xa0, 0x15, 0xa9, 0x54, 0x2e, 0xbb, 0xd1, 0xcb, 0x62, 0x80, 0x95, 0x29,
    0x8b, 0x3e, 0xee, 0x6b, 0x7f, 0x9e, 0xce, 0x4b, 0x32, 0x86, 0xea, 0x9c, 0x62, 0xc6, 0xb4, 0x49, 0xe2, 0xb1, 0x94, 0x46,
    0x99, 0x4d, 0x4e, 0x53, 0x82, 0x17, 0xc4, 0xaa, 0xb8, 0x9d, 0x70, 0x01, 0xa6, 0xfb, 0xc4, 0xfe, 0x41, 0x76, 0x21, 0xf3,
    0xac, 0xb5, 0x26, 0xe9, 0x45, 0x69, 0x66, 0x55, 0xa6, 0x40, 0xe6, 0x46, 0xc6, 0x29, 0xe5, 0xa0, 0x19, 0x61, 0xf1, 0xf6,
    0xa2, 0x97, 0xe3, 0x99, 0xac, 0x61, 0x65, 0x8e, 0x60, 0xf6, 0x0b, 0xea, 0x2b, 0x0a, 0x14, 0x48, 0x65, 0x4a, 0xfd, 0xf3,
    0x75, 0x76, 0x01, 0x35, 0x4b, 0x32, 0xa2, 0xaf, 0xf8, 0xf2, 0x95, 0xb0, 0x9b, 0x4a, 0x87, 0x52, 0x56, 0x0a, 0x68, 0x8c,
    0x24, 0x4f, 0x4d, 0xa3, 0xc4, 0x53, 0x12, 0xcf, 0x66, 0xa2, 0x9a, 0x2a, 0x58, 0x4d, 0xd0, 0x1b, 0x86, 0xc3, 0x4e, 0xfd,
    0x2e, 0x55, 0xb1, 0x7f, 0x93, 0x71, 0x2b, 0xd7, 0x7a, 0x3e, 0xcb, 0xf2, 0x64, 0x06, 0x28, 0xf7, 0x44, 0x25, 0xcd, 0xe3,
    0xf1, 0xc5, 0x88, 0x18, 0x53, 0x5c, 0x51, 0xe4, 0xe6, 0x83, 0xd3, 0x8c, 0x55, 0x15, 0x0d, 0x99, 0x6a, 0xa9, 0x48, 0x3d,
    0xc8, 0xca, 0x32, 0x9b, 0xba, 0x0c, 0x0e, 0x63, 0xa6, 0x4d, 0xbf, 0xcf, 0xd8, 0xc2, 0x21, 0xf4, 0x71, 0x6d, 0x17, 0x0c,
    0x97, 0x03, 0xb5, 0x9d, 0xf3, 0xed, 0x03, 0xeb, 0xd9, 0xbd, 0x96, 0xa4, 0x18, 0x5d, 0xe6, 0x55, 0x92, 0xc6, 0x13, 0x5d,
    0x23, 0xd4, 0x5b, 0xde, 0x7e, 0x2f, 0x12, 0x00, 0x70, 0xcd, 0x8a, 0x79, 0x9c, 0xa7, 0xe8, 0x64, 0x1a, 0x79, 0xba, 0x5f,
    0x2f, 0xa2, 0xd8, 0x10, 0x8c, 0xf5, 0x41, 0xbb, 0x20, 0x6e, 0xb3, 0x74, 0x72, 0xf0, 0x7b, 0xb4, 0x9e, 0xa7, 0x8a, 0x9f,
    0xc2, 0x8a, 0xef, 0x9e, 0xec, 0x5c, 0x14, 0xf3, 0xad, 0x9f, 0x17, 0x24, 0xa7, 0xdb, 0x66, 0x80, 0xfc, 0x73, 0x08, 0x85,
    0x8e, 0x12, 0xf4, 0x25, 0x95, 0x53, 0xe0, 0xd6, 0x2a, 0x76, 0x92, 0xf1, 0x3c, 0x49, 0x54, 0x1b, 0xfd, 0xb4, 0x30, 0x3d,
    0xab, 0x92, 0xca, 0xbc, 0x77, 0x23, 0x64, 0x71, 0xca, 0x62, 0x70, 0x18, 0x28, 0x21, 0x5e, 0xdd, 0x0d, 0xe6, 0x1f, 0x41,
    0x8d, 0x30, 0xc3, 0x16, 0x4a, 0x37, 0xb9, 0x09, 0x14, 0x9c, 0x71, 0xd4, 0xee, 0x95, 0xe5, 0xb0, 0x1b, 0xf5, 0x32, 0xf9,
    0x7b, 0x9d, 0x0d, 0x87, 0x1d, 0x43, 0x14, 0x9b, 0xe0, 0x87, 0x29, 0x96, 0x3c, 0xf4, 0x07, 0x5d, 0x15, 0x79, 0x04, 0x05,
    0x6c, 0x45, 0xdb, 0x01, 0xa5, 0x8c, 0x3c, 0x74, 0x90, 0xc6, 0xbb, 0xba, 0x71, 0x31, 0x3a, 0x2b, 0x48, 0xfb, 0x7b, 0x0c,
    0x28, 0x8f, 0xcb, 0x4c, 0x59, 0x6f, 0x22, 0xf2, 0x06, 0xb3, 0x42, 0x29, 0xde, 0x36, 0x4a, 0xdd, 0xd6, 0x61, 0x5c, 0x2e,
    0xa6, 0x1d, 0xe1, 0x6c, 0x3f, 0x42, 0xc0, 0x9b, 0x41, 0x62, 0x66, 0x7b, 0x66, 0x18, 0x40, 0x81, 0x68, 0x43, 0x06, 0x7c,
    0xa3, 0x59, 0x8c, 0x88, 0x12, 0xc7, 0xc9, 0x2e, 0x8c, 0x06, 0xb6, 0x28, 0xa0, 0x82, 0x29, 0x57, 0x19, 0x4d, 0x2c, 0x0e,
    0xdf, 0x38, 0xdd, 0xe9, 0x70, 0xec, 0x70, 0x64, 0x9a, 0x21, 0x25, 0xc8, 0x28, 0xc7, 0x10, 0xe2, 0xd8, 0xa2, 0xbd, 0x30,
    0x52, 0xdd, 0x43, 0xab, 0x85, 0x43, 0x15, 0x80, 0x00, 0x89, 0x5f, 0x50, 0x04, 0xf2, 0x0c, 0x40, 0x99, 0x19, 0x78, 0xcf,
    0xbd, 0x42, 0x11, 0x41, 0xaf, 0x9f, 0x4f, 0x62, 0xf0, 0x28, 0x51, 0x3a, 0xfa, 0xd8, 0x56, 0x82, 0xd3, 0x60, 0xa3, 0x8a,
    0x35, 0x08, 0x62, 0x42, 0x3b, 0x15, 0x44, 0x06, 0xef, 0xda, 0x78, 0xc1, 0xbf, 0xd0, 0xee, 0xd8, 0xec, 0x14, 0xb3, 0xf9,
    0xbc, 0xd0, 0x0d, 0x94, 0x5f, 0x94, 0xa4, 0x3e, 0x85, 0xee, 0x47, 0x83, 0x11, 0x21, 0x4d, 0x2f, 0xd9, 0x27, 0x44, 0x20,
    0x48, 0x43, 0xdb, 0x94, 0x8d, 0xc0, 0xf4, 0x24, 0x1d, 0x9c, 0x4c, 0xb3, 0xac, 0x1c, 0x79, 0x85, 0xc8, 0xea, 0x54, 0xb9,
    0x4b, 0x4c, 0x91, 0x53, 0xe5, 0xc4, 0xb6, 0x40, 0x29, 0xfc, 0x33, 0x61, 0xf7, 0xd8, 0xdf, 0xb8, 0xfa, 0xba, 0xd7, 0xa9,
    0x57, 0x47, 0xea, 0x7f, 0x2d, 0x84, 0x21, 0xd8, 0xfc, 0x39, 0xb7, 0x50, 0xa2, 0x45, 0xd3, 0xfe, 0xa4, 0x9b, 0x0a, 0x25,
    0x84, 0x80, 0x0e, 0xc8, 0x24, 0xde, 0x65, 0x85, 0x68, 0xcd, 0x17, 0xb2, 0x76, 0x0b, 0xec, 0x4c, 0x33, 0xee, 0x0d, 0x74,
    0x15, 0x59, 0xac, 0xb4, 0xff, 0xb9, 0xa0, 0x66, 0xac, 0xa6, 0x00, 0x6e, 0xd7, 0x8b, 0xe7, 0xfd, 0x4c, 0x76, 0x0c, 0x4e,
    0x56, 0xd4, 0xcb, 0x8a, 0xf1, 0x40, 0x8a, 0x1e, 0xd4, 0x76, 0x78, 0xd2, 0xcf, 0xd1, 0x45, 0x35, 0xbb, 0xb2, 0x5b, 0xd6,
    0xd4, 0x60, 0xb7, 0x05, 0x4c, 0x8a, 0x79, 0xe8, 0x74, 0x2c, 0x8a, 0xb4, 0x01, 0x5d, 0x0a, 0x02, 0xfc, 0x54, 0xb4, 0x4c,
    0x8c, 0x42, 0x12, 0x9e, 0x2f, 0x4a, 0xf2, 0x80, 0x18, 0x3f, 0x53, 0x4c, 0x09, 0x30, 0x24, 0x5d, 0x13, 0x0a, 0x96, 0x13,
    0x31, 0xa4, 0x22, 0xb7, 0xcf, 0x34, 0x98, 0x16, 0xb2, 0x11, 0x97, 0xbf, 0xe2, 0x5b, 0x4c, 0x10, 0xc5, 0x61, 0x3a, 0xf4,
    0xf6, 0xf0, 0x4c, 0x39, 0x89, 0x65, 0x90, 0x0e, 0x7b, 0x9e, 0x11, 0x4b, 0x51, 0x6b, 0xc8, 0xed, 0x90, 0xeb, 0xdd, 0x16,
    0x22, 0x49, 0x9d, 0xa6, 0xe3, 0x89, 0x60, 0xa4, 0xc1, 0xae, 0xc0, 0xa5, 0x23, 0xeb, 0x5d, 0xb5, 0xe1, 0x69, 0x6d, 0x5f,
    0x52, 0xad, 0xfb, 0xb6, 0x74, 0xf1, 0x2b, 0x37, 0x10, 0x34, 0xdd, 0x75, 0x7a, 0x51, 0x6b, 0xe3, 0xfe, 0xaa, 0x15, 0x6e,
    0x44, 0x6d, 0x97, 0x9b, 0x6d, 0x15, 0xd5, 0x9c, 0x83, 0x22, 0x83, 0xc1, 0x91, 0xda, 0x45, 0x37, 0x68, 0x50, 0xd7, 0x8a,
    0x30, 0x1c, 0xf6, 0xfd, 0xcb, 0x62, 0x77, 0x7b, 0x27, 0x5d, 0x1d, 0x9c, 0xa4, 0x0f, 0xd0, 0x1b, 0x8c, 0x8d, 0xad, 0x9f,
    0xb6, 0x68, 0x78, 0xb4, 0x72, 0x51, 0x06, 0x04, 0x59, 0x04, 0x6e, 0x53, 0xf1, 0x96, 0x51, 0x36, 0x18, 0x5d, 0xc6, 0xb3,
    0xb2, 0xb3, 0x1f, 0x71, 0xee, 0x85, 0x57, 0xa5, 0xce, 0xac, 0x42, 0x2d, 0xdf, 0x9b, 0x16, 0xe5, 0xcf, 0xe0, 0xcb, 0x31,
    0x47, 0xd0, 0xb3, 0x88, 0x3c, 0x31, 0xbb, 0x47, 0xd7, 0xaa, 0x07, 0x77, 0x4f, 0x85, 0xd9, 0x78, 0x6e, 0x78, 0x82, 0x2d,
    0x12, 0xf0, 0x03, 0x23, 0x2b, 0x0d, 0xef, 0x94, 0x6d, 0x98, 0xc7, 0x1b, 0x8a, 0xd3, 0xa3, 0x69, 0xa9, 0xbb, 0xd8, 0x12,
    0xa8, 0x01, 0x2c, 0x42, 0x35, 0x58, 0x78, 0xd5, 0xa2, 0x9b, 0x49, 0x52, 0x3a, 0xd8, 0x0e, 0xe9, 0xa8, 0x46, 0x29, 0x62,
    0xd5, 0xc8, 0x3b, 0x5a, 0x74, 0x87, 0xcc, 0xde, 0xcf, 0xd5, 0x64, 0x1a, 0xbb, 0x88, 0xe0, 0x2a, 0x75, 0xa3, 0x38, 0x54,
    0x00, 0x84, 0x62, 0x0b, 0x0f, 0x84, 0x1f, 0x9b, 0x6d, 0x72, 0x76, 0xa1, 0xc2, 0xa2, 0xeb, 0x88, 0xbc, 0x1c, 0x12, 0xb4,
    0xdd, 0x87, 0x91, 0x31, 0x85, 0xa0, 0xd9, 0x72, 0xb8, 0x23, 0xf6, 0x05, 0x9b, 0x24, 0xf3, 0xfa, 0xfc, 0xcd, 0xd6, 0xbb,
    0x37, 0x52, 0x7e, 0x37, 0xc8, 0x44, 0x52, 0x22, 0x4d, 0x9c, 0xf6, 0xde, 0xbc, 0xe9, 0xfd, 0x17, 0xfe, 0x93, 0x14, 0xb6,
    0x70, 0x1a, 0x26, 0xed, 0x7a, 0x49, 0x92, 0xf0, 0x80, 0xcc, 0xe5, 0xcd, 0xd6, 0xe9, 0xe9, 0x96, 0x96, 0xd9, 0x48, 0x86,
    0x34, 0xf4, 0xf1, 0x65, 0xf3, 0xcd, 0x9b, 0xcd, 0xd3, 0x53, 0x29, 0xf5, 0xc8, 0x55, 0xc3, 0xeb, 0xd5, 0xe4, 0x5a, 0xb7,
    0xef, 0x51, 0xdb, 0xe3, 0x9a, 0x1d, 0xcd, 0x09, 0xb8, 0x7b, 0x25, 0xd6, 0x02, 0x99, 0x15, 0x4c, 0xaf, 0x5a, 0x8c, 0xfc,
    0x29, 0x9d, 0x0b, 0xe3, 0x12, 0x75, 0x94, 0xb6, 0x27, 0x2a, 0x13, 0xb9, 0xb0, 0x40, 0x5a, 0xda, 0xa2, 0xcf, 0xb0, 0x94,
    0xcd, 0x42, 0xe3, 0x76, 0x9a, 0x44, 0xd9, 0x2c, 0xb4, 0x6f, 0xcb, 0x83, 0x67, 0xe0, 0x86, 0xbc, 0x18, 0x70, 0x27, 0x0f,
    0xab, 0x08, 0xb7, 0x6d, 0x81, 0x59, 0x9b, 0x14, 0x1a, 0xc5, 0xb4, 0x6d, 0x5c, 0xc3, 0x7a, 0x96, 0x41, 0x4b, 0xa3, 0x6d,
    0xfd, 0x0b, 0xd6, 0x6c, 0xad, 0x44, 0x59, 0x39, 0x9f, 0x4f, 0x96, 0xd1, 0x60, 0x91, 0x53, 0xeb, 0x09, 0xeb, 0x5b, 0x13,
    0xf6, 0x29, 0x7e, 0xad, 0xf9, 0xfa, 0x1d, 0x25, 0xdb, 0x38, 0x01, 0xd3, 0x77, 0xc6, 0xeb, 0x77, 0x32, 0x81, 0xd5, 0x86,
    0xd1, 0xb3, 0x5c, 0x1f, 0xe5, 0xe8, 0x3b, 0x34, 0x5c, 0x83, 0x89, 0x41, 0xfd, 0x5f, 0x6f, 0xb9, 0x86, 0xb6, 0x02, 0xab,
    0x07, 0xdf, 0x4c, 0xba, 0xd9, 0x2a, 0xbd, 0xc0, 0xcf, 0x24, 0xf5, 0x8c, 0xd6, 0xa6, 0xe0, 0xc0, 0xa6, 0xff, 0x01, 0x7b,
    0x35, 0x7e, 0xd6, 0x1b, 0xaa, 0x21, 0xdf, 0xf2, 0xba, 0x9d, 0x7a, 0x19, 0x9a, 0xa9, 0xe5, 0xa7, 0xb2, 0x4d, 0xf3, 0xc7,
    0x9a, 0xa6, 0xa7, 0xe3, 0x3c, 0xc7, 0x91, 0x0a, 0xf4, 0xba, 0x74, 0x58, 0x6e, 0xe5, 0x54, 0x73, 0x9d, 0x59, 0xda, 0xe5,
    0x3d, 0x84, 0x30, 0x5e, 0x16, 0xd6, 0x28, 0x9d, 0x67, 0x25, 0x6d, 0x4d, 0x48, 0x2d, 0x21, 0x4f, 0x0a, 0x67, 0x95, 0xb6,
    0xe9, 0x58, 0x27, 0x92, 0x41, 0x7e, 0xb6, 0xc8, 0x8b, 0xca, 0x28, 0x6d, 0x0b, 0x3c, 0xde, 0xb6, 0x05, 0xa6, 0x22, 0x66,
    0x8b, 0xd0, 0x2a, 0xcd, 0x21, 0x05, 0x06, 0x69, 0x26, 0x44, 0x25, 0x18, 0x3e, 0x6d, 0xc5, 0xd0, 0xb7, 0xb2, 0x61, 0x14,
    0x23, 0x9b, 0x36, 0x04, 0xd8, 0xa2, 0x27, 0x45, 0x16, 0xf5, 0x97, 0x91, 0x80, 0xbe, 0x39, 0xa0, 0x56, 0x0b, 0x91, 0x2d,
    0xc5, 0x93, 0x3c, 0xbe, 0xe6, 0x33, 0x14, 0xe4, 0x38, 0x82, 0x32, 0x17, 0x64, 0x1a, 0xeb, 0x9d, 0x67, 0x81, 0x7e, 0x21,
    0xad, 0xaf, 0x98, 0xa0, 0x4d, 0xaf, 0xc5, 0x7a, 0x23, 0xf4, 0xf3, 0xd9, 0xd2, 0x14, 0x6a, 0xb6, 0x3f, 0xdf, 0x62, 0x7d,
    0x7e, 0x99, 0x88, 0x7d, 0xd0, 0xd8, 0x9d, 0xff, 0x8e, 0x9f, 0xca, 0xce, 0xfc, 0x3e, 0x95, 0x37, 0x6b, 0x60, 0x26, 0x15,
    0x60, 0xb4, 0x13, 0xdf, 0xae, 0xfc, 0x1a, 0x96, 0x39, 0x88, 0x10, 0xe8, 0x1c, 0x9e, 0x5d, 0x79, 0x28, 0x05, 0x31, 0xe6,
    0xc0, 0x92, 0x4c, 0x13, 0x64, 0x74, 0x4d, 0xab, 0xb5, 0x33, 0x24, 0x1b, 0x35, 0x37, 0x0d, 0x57, 0x91, 0xd8, 0x91, 0x0f,
    0x62, 0x18, 0xbf, 0x45, 0x0f, 0xf4, 0xcc, 0xc8, 0xe3, 0xa9, 0x67, 0x45, 0x3e, 0xe6, 0x4c, 0x4c, 0xe3, 0xfc, 0xb2, 0xa8,
    0x5b, 0x90, 0x6d, 0xaa, 0xb1, 0x1f, 0xbf, 0x5d, 0x4c, 0xd1, 0xcb, 0xa4, 0xf0, 0x0c, 0xc8, 0x26, 0x09, 0xf2, 0xf3, 0x93,
    0x6f, 0x35, 0xb6, 0xc9, 0xc9, 0x98, 0x56, 0x03, 0x65, 0x09, 0x46, 0x91, 0xe1, 0x4f, 0x60, 0x33, 0x36, 0x34, 0xfc, 0x1f,
    0x36, 0x19, 0xbf, 0x21, 0xe4, 0x50, 0xb9, 0x52, 0x28, 0x7d, 0x23, 0x61, 0x37, 0xc2, 0x3b, 0x68, 0x83, 0x9a, 0xeb, 0x76,
    0x9d, 0x9a, 0xb0, 0x00, 0x47, 0x4b, 0xa4, 0x82, 0x4b, 0x8e, 0x89, 0x0d, 0x55, 0x99, 0x45, 0x69, 0x72, 0x91, 0x06, 0xd6,
    0x62, 0x8b, 0xe1, 0xc0, 0x5a, 0xfc, 0xce, 0x52, 0x9e, 0x6f, 0x2c, 0x96, 0x15, 0x51, 0xb3, 0x14, 0xcb, 0x6f, 0x60, 0x28,
    0x96, 0x87, 0xd0, 0x4a, 0x2c, 0xf2, 0x7e, 0x95, 0x9d, 0xea, 0x3e, 0xa1, 0x6e, 0x1b, 0x16, 0x06, 0x6a, 0x13, 0x9a, 0x6c,
    0xc3, 0x85, 0xb6, 0x66, 0xf8, 0xec, 0x98, 0x85, 0x7c, 0x93, 0xb0, 0x3e, 0xd5, 0xad, 0xc2, 0xc2, 0xfc, 0xfd, 0xbe, 0x35,
    0xcb, 0x37, 0x09, 0xbf, 0x24, 0x27, 0xa9, 0x5b, 0x84, 0x57, 0xea, 0xcd, 0x32, 0x58, 0x7f, 0xd2, 0x38, 0x89, 0xb1, 0x69,
    0x15, 0x0b, 0x92, 0x9c, 0xb6, 0x46, 0x8b, 0x42, 0x1a, 0xab, 0x5b, 0x82, 0x65, 0x15, 0xe6, 0x34, 0x22, 0x8d, 0x2f, 0xc6,
    0x65, 0x41, 0x0b, 0x30, 0x01, 0xdf, 0x84, 0x70, 0x9a, 0x2c, 0x31, 0x70, 0xd8, 0x2e, 0x32, 0x68, 0x90, 0xb0, 0xff, 0x42,
    0x0a, 0xe5, 0x18, 0x36, 0x0a, 0x37, 0x99, 0x80, 0x4f, 0x47, 0xe9, 0x0a, 0xe2, 0xb0, 0xd0, 0x08, 0xc8, 0x12, 0x26, 0x29,
    0x96, 0x62, 0xa3, 0xb4, 0xe4, 0xe6, 0xd8, 0x3b, 0x37, 0x58, 0x7e, 0xad, 0xb4, 0xc3, 0xea, 0xb4, 0x12, 0x4f, 0x40, 0xc9,
    0x53, 0x62, 0x42, 0xd8, 0x4d, 0x5c, 0x1f, 0x6c, 0x83, 0xa9, 0x57, 0x56, 0x38, 0x0b, 0xcb, 0x32, 0xf5, 0x61, 0xba, 0x1e,
    0x83, 0x08, 0x85, 0x03, 0x5a, 0xb9, 0x27, 0xec, 0x26, 0x30, 0xf1, 0xbe, 0x22, 0x1b, 0x40, 0xc6, 0x02, 0x9b, 0x74, 0x22,
    0x12, 0x66, 0x26, 0x0e, 0xa1, 0x66, 0xd9, 0x7d, 0x0d, 0xa9, 0x8e, 0xb6, 0xc9, 0xb9, 0xa0, 0xa7, 0xb2, 0x6d, 0xcf, 0xaa,
    0x1b, 0xd7, 0x89, 0x68, 0x96, 0xa6, 0x09, 0xec, 0x39, 0x73, 0x12, 0xf7, 0xaa, 0x35, 0xf7, 0x1d, 0xff, 0x02, 0x03, 0x34,
    0x44, 0x42, 0x46, 0x9a, 0x25, 0x42, 0x7e, 0x47, 0xce, 0x2b, 0x7d, 0xd0, 0x96, 0x2b, 0x53, 0x21, 0xc0, 0x8f, 0x32, 0x6e,
    0x34, 0xe7, 0x56, 0x24, 0xd7, 0x2d, 0xb7, 0xf8, 0x41, 0x45, 0xda, 0x9d, 0x61, 0xbe, 0x65, 0x85, 0x82, 0x3b, 0x17, 0xf6,
    0xcd, 0x17, 0x68, 0xa2, 0xd1, 0x3c, 0xc3, 0x3a, 0x0d, 0x8c, 0xb7, 0x22, 0xb1, 0x4d, 0xbd, 0x6c, 0x01, 0xed, 0x55, 0x64,
    0xb7, 0xc8, 0x6c, 0xbe, 0xb3, 0xf1, 0x15, 0xf3, 0xad, 0x66, 0x07, 0x95, 0x86, 0x2a, 0x9c, 0x5d, 0xdd, 0x46, 0xcb, 0xad,
    0x82, 0x63, 0x07, 0xa3, 0xab, 0x9e, 0xd3, 0x2c, 0xed, 0x6c, 0x82, 0x33, 0xe6, 0xe3, 0x4f, 0xe4, 0xb7, 0x13, 0x49, 0x05,
    0xbd, 0x60, 0xf3, 0xe9, 0xb1, 0x33, 0xf2, 0x64, 0x1d, 0x56, 0x3a, 0x1d, 0x6f, 0xc6, 0x37, 0x69, 0x11, 0x58, 0x6b, 0x43,
    0x45, 0xe2, 0xf6, 0xde, 0xc8, 0x3a, 0x2e, 0x53, 0x5b, 0x36, 0x30, 0xd1, 0xaa, 0xde, 0xf1, 0x45, 0x60, 0x45, 0x3e, 0x5a,
    0xc0, 0x0c, 0x86, 0xa7, 0x19, 0x56, 0x1a, 0x76, 0x5d, 0xf2, 0x92, 0x1b, 0x0b, 0xad, 0x54, 0x97, 0x36, 0x99, 0x03, 0x0b,
    0xed, 0xa0, 0x84, 0xfe, 0x25, 0xa2, 0x21, 0x34, 0xd2, 0x06, 0xfa, 0xcd, 0x9d, 0xc0, 0xd7, 0xa2, 0xa1, 0x6d, 0x56, 0x7e,
    0x30, 0x0d, 0x2a, 0x73, 0x8d, 0xd4, 0x9f, 0xcd, 0x30, 0x2f, 0xe4, 0x4b, 0x22, 0xc8, 0x87, 0x8a, 0x44, 0xcc, 0xbb, 0x59,
    0x06, 0x35, 0x13, 0x2c, 0x15, 0xa2, 0x3d, 0xcc, 0xa9, 0x88, 0xfb, 0xa8, 0x8c, 0x2f, 0xb1, 0x1a, 0xb9, 0x7a, 0x6b, 0x2a,
    0x84, 0x28, 0x01, 0xa4, 0xd8, 0x66, 0x13, 0xac, 0xd6, 0x16, 0x82, 0x23, 0x8b, 0xc9, 0x16, 0xe0, 0x49, 0xaa, 0x5e, 0x38,
    0x55, 0x42, 0x9a, 0xc0, 0x02, 0x06, 0x93, 0x91, 0x72, 0xc4, 0x23, 0x16, 0x4f, 0x91, 0xaa, 0xcd, 0x75, 0x40, 0xdc, 0x5a,
    0x0b, 0x6f, 0x60, 0x71, 0xb5, 0x06, 0x45, 0x59, 0x72, 0xa6, 0xa3, 0x09, 0xd6, 0x9b, 0x8e, 0x97, 0x45, 0x0d, 0xc6, 0xa8,
    0x68, 0x23, 0x2d, 0xa6, 0xdf, 0x46, 0x56, 0xee, 0xf3, 0x0d, 0xdb, 0x33, 0x58, 0x19, 0xbd, 0x9a, 0x58, 0x80, 0x85, 0x99,
    0x2d, 0x41, 0xb0, 0xc1, 0xb5, 0x19, 0x21, 0xca, 0xf6, 0xb0, 0x7d, 0x82, 0x15, 0x14, 0x67, 0x21, 0xe0, 0x09, 0x60, 0x05,
    0x4d, 0xd6, 0x56, 0xe1, 0x53, 0xf1, 0x4c, 0x75, 0x09, 0xaa, 0x23, 0x95, 0xe5, 0x4f, 0x4e, 0x1a, 0xb0, 0xc8, 0xc1, 0x62,
    0x75, 0xd9, 0x0a, 0x4d, 0xcc, 0xea, 0x90, 0x8f, 0x9b, 0x61, 0xbe, 0xd5, 0xca, 0xfa, 0x3a, 0x5e, 0x62, 0xf9, 0xd5, 0x4c,
    0xac, 0xf6, 0xd1, 0x37, 0xb2, 0x72, 0xc4, 0x86, 0x94, 0xca, 0x6c, 0x5e, 0x33, 0xb4, 0x7a, 0x99, 0x7d, 0x49, 0xf3, 0xcd,
    0xad, 0xef, 0x33, 0x63, 0x58, 0x5a, 0x6b, 0x6f, 0xfd, 0x60, 0x76, 0x07, 0xbe, 0xb9, 0xf5, 0xb9, 0x98, 0x58, 0x85, 0xeb,
    0xc6, 0xbe, 0x95, 0x15, 0x9b, 0x20, 0xab, 0x17, 0x45, 0xd7, 0x19, 0x74, 0x05, 0x60, 0x94, 0x66, 0x6d, 0x8a, 0x10, 0x45,
    0x1d, 0xc6, 0xba, 0x2c, 0x8c, 0x00, 0x84, 0x15, 0x0f, 0x27, 0x5a, 0x8b, 0xbc, 0xe4, 0xe1, 0x99, 0x20, 0xab, 0x08, 0xec,
    0xac, 0xaf, 0xd7, 0x23, 0x5d, 0xa8, 0xca, 0xb7, 0xb2, 0xfe, 0x70, 0x3d, 0x93, 0xe7, 0xc0, 0xbe, 0x8a, 0xbf, 0x0d, 0x36,
    0x55, 0xe9, 0x78, 0xd6, 0x64, 0x4d, 0xcd, 0xcd, 0x3c, 0x4b, 0x3e, 0x79, 0x5e, 0xda, 0x68, 0x4f, 0xdd, 0xe4, 0x64, 0x62,
    0xb1, 0x17, 0x65, 0xe6, 0xa6, 0xd3, 0x8a, 0x23, 0x51, 0x0d, 0xae, 0x20, 0xd6, 0x45, 0x46, 0x73, 0x80, 0xa5, 0x58, 0x50,
    0x59, 0xe2, 0xc2, 0x99, 0x4d, 0x8d, 0x6a, 0xa4, 0x04, 0xa9, 0x9c, 0x9c, 0xae, 0x5c, 0x6d, 0x2a, 0x39, 0x5b, 0xb4, 0x41,
    0x76, 0xea, 0x56, 0x52, 0x2a, 0x78, 0x56, 0xf4, 0x32, 0xc9, 0x90, 0xdd, 0x44, 0x16, 0xfe, 0x8a, 0x41, 0x94, 0xf8, 0x1e,
    0x56, 0x35, 0x00, 0x2b, 0x25, 0x5e, 0x35, 0x7e, 0x01, 0x19, 0xa9, 0xef, 0x5e, 0x84, 0x56, 0xd0, 0x23, 0x37, 0xee, 0x46,
    0x39, 0x19, 0x18, 0x3e, 0x33, 0x3d, 0x65, 0x30, 0x76, 0x4f, 0xe1, 0x97, 0xd0, 0x0e, 0x31, 0x44, 0xc3, 0x87, 0x4c, 0xa7,
    0x57, 0xe3, 0x62, 0x4c, 0x54, 0xf8, 0x58, 0x0a, 0xac, 0x9d, 0xcf, 0x8b, 0x20, 0xaf, 0x66, 0xed, 0x84, 0x91, 0x23, 0x23,
    0x31, 0xc5, 0x5c, 0x5e, 0xa0, 0xe2, 0x55, 0x53, 0x67, 0x21, 0x0f, 0x91, 0x16, 0x0c, 0x8d, 0x9c, 0xa5, 0xd9, 0xcf, 0xd8,
    0xbc, 0xd0, 0xc6, 0x69, 0x2a, 0xea, 0x1e, 0x2b, 0x34, 0x6f, 0x6a, 0x5a, 0xf4, 0x1b, 0xde, 0x0a, 0xcf, 0xb8, 0x79, 0x6a,
    0xa7, 0x47, 0xe7, 0xab, 0xb2, 0x6a, 0xbe, 0xe3, 0x1a, 0xc7, 0xb1, 0x58, 0x19, 0x98, 0x36, 0x85, 0x9b, 0x78, 0xb4, 0xd1,
    0x9e, 0x50, 0x61, 0x1d, 0xc4, 0x73, 0xac, 0x6d, 0xd9, 0x8e, 0x05, 0x06, 0xce, 0x98, 0xbf, 0x6b, 0x4a, 0x73, 0xf3, 0x59,
    0x99, 0x38, 0xab, 0xcd, 0x47, 0x65, 0xe1, 0x94, 0xb3, 0x28, 0x65, 0xde, 0xbe, 0x81, 0x53, 0x7e, 0x3c, 0xd3, 0xa6, 0xfc,
    0x84, 0x76, 0xcd, 0xb4, 0xc9, 0xac, 0x39, 0xf0, 0x8d, 0x9a, 0xdc, 0xf8, 0xcd, 0xd4, 0x9c, 0x89, 0x3d, 0x29, 0x57, 0x3d,
    0x95, 0x02, 0x45, 0x6a, 0xe1, 0x19, 0x34, 0x0f, 0x55, 0x1f, 0xf5, 0xed, 0x99, 0xb4, 0x4a, 0x18, 0x5c, 0x05, 0x76, 0xcc,
    0x53, 0x47, 0xf3, 0x20, 0x93, 0x39, 0x25, 0xa1, 0xe1, 0xc7, 0xc1, 0x9e, 0x94, 0x34, 0xce, 0x75, 0x26, 0x4a, 0x77, 0xa5,
    0xe3, 0x55, 0xfa, 0x97, 0x31, 0x5c, 0xce, 0x6a, 0x86, 0xcb, 0x4a, 0x63, 0xe5, 0x76, 0xa1, 0x70, 0x3a, 0x27, 0x7d, 0x48,
    0x14, 0xf3, 0x51, 0x8c, 0x1d, 0xbb, 0xac, 0xca, 0xa5, 0xa8, 0x1d, 0x66, 0x29, 0x4b, 0x1f, 0x5f, 0x55, 0x50, 0x7f, 0x15,
    0xd8, 0x26, 0x43, 0xc9, 0x41, 0xd5, 0x89, 0x1b, 0x1f, 0x6f, 0xf9, 0x72, 0xd7, 0x09, 0xe6, 0x4c, 0xfb, 0x24, 0x32, 0xdc,
    0xfc, 0xb9, 0xe2, 0x85, 0xf4, 0x15, 0xe7, 0x39, 0xc1, 0x49, 0x54, 0xda, 0x44, 0x29, 0xfd, 0xd0, 0x32, 0xe1, 0x81, 0x0e,
    0xfb, 0x58, 0xa5, 0xcb, 0x26, 0x8b, 0x25, 0x3a, 0x11, 0x64, 0xd4, 0x0c, 0x95, 0x2f, 0xdc, 0x62, 0xa5, 0x3d, 0xd2, 0x83,
    0xc8, 0x28, 0x2e, 0x6e, 0xd1, 0x59, 0xeb, 0x24, 0xc9, 0x20, 0x6a, 0x30, 0x4f, 0xca, 0x8c, 0x36, 0x58, 0x27, 0x07, 0xf5,
    0x69, 0x8f, 0xa8, 0xb8, 0x7a, 0xb6, 0xc9, 0x1a, 0x51, 0x54, 0xd6, 0x49, 0xc1, 0xa8, 0x4b, 0xf5, 0xad, 0x93, 0x01, 0x00,
    0x3f, 0x7a, 0x96, 0x18, 0xd9, 0xea, 0xc1, 0x1c, 0x99, 0x18, 0xda, 0x74, 0xd6, 0xc8, 0x91, 0x9a, 0x19, 0x2a, 0x5b, 0xa4,
    0x24, 0xe8, 0xa4, 0xad, 0x98, 0x22, 0x4d, 0x61, 0x63, 0x88, 0x3c, 0xa4, 0xad, 0xf0, 0x23, 0xfe, 0x73, 0x86, 0xc8, 0xc3,
    0x30, 0x69, 0xd7, 0x4b, 0xf2, 0x0d, 0x91, 0x87, 0x87, 0x5b, 0x5a, 0xc6, 0x18, 0x22, 0xf9, 0x42, 0x43, 0xe4, 0xe1, 0xa1,
    0x33, 0x44, 0x6a, 0xb5, 0xd0, 0x10, 0xe9, 0x73, 0xb4, 0xc0, 0x12, 0x59, 0x4d, 0xd5, 0x00, 0x14, 0x5e, 0x2a, 0x6d, 0xa8,
    0xb8, 0xc9, 0xf2, 0x6a, 0xe6, 0x6e, 0xb1, 0x3b, 0xbe, 0x10, 0x2a, 0x14, 0xc3, 0xe3, 0x67, 0xf5, 0xb1, 0x7d, 0x0d, 0xda,
    0x3c, 0xfd, 0xe9, 0x0c, 0x2e, 0xbe, 0x20, 0xb9, 0x8b, 0x73, 0x75, 0x19, 0xe6, 0x23, 0x5c, 0x80, 0x5b, 0x30, 0xe6, 0xed,
    0x6f, 0x38, 0x7f, 0xe3, 0xb2, 0x7d, 0x09, 0xe5, 0x00, 0x46, 0x0c, 0xeb, 0x77, 0x5c, 0x68, 0xdd, 0xd7, 0xe7, 0x67, 0x97,
    0xe7, 0xd1, 0xbf, 0xfe, 0x85, 0xe7, 0x5e, 0x3a, 0x33, 0xcf, 0x97, 0xfb, 0x1b, 0xe3, 0x21, 0x8c, 0xaa, 0xd1, 0xbd, 0xa7,
    0x4f, 0x45, 0xfc, 0x0e, 0x41, 0xc3, 0x49, 0x47, 0xea, 0x14, 0xbd, 0x3c, 0x15, 0xcd, 0xa6, 0xdd, 0x82, 0x88, 0xa1, 0xc6,
    0xd1, 0xd9, 0xdf, 0xc8, 0xd3, 0x72, 0x81, 0x13, 0xc2, 0x7e, 0xf4, 0xd4, 0xaf, 0x00, 0x78, 0x0a, 0x40, 0xe2, 0xd7, 0xd8,
    0x61, 0x8d, 0x3e, 0x6a, 0x7c, 0x16, 0x20, 0xa0, 0x66, 0xa2, 0x49, 0xee, 0xad, 0xfe, 0x0e, 0xf6, 0xb0, 0xf3, 0xf8, 0x39,
    0x56, 0xc8, 0xb2, 0xfd, 0xb6, 0xd3, 0xa3, 0xd6, 0x6b, 0x8d, 0x42, 0x6a, 0x05, 0x3a, 0x29, 0x51, 0xf2, 0xec, 0x5c, 0x8d,
    0x40, 0xe6, 0x45, 0xb1, 0x40, 0xeb, 0x26, 0x3d, 0x91, 0xe7, 0xc6, 0x45, 0x10, 0x46, 0x2b, 0xbc, 0x6e, 0xdf, 0x6c, 0xe3,
    0x3f, 0xee, 0x81, 0xf3, 0x72, 0x89, 0xf7, 0x21, 0xa4, 0x2e, 0xf4, 0x4f, 0x1a, 0x6b, 0xf1, 0x06, 0xe7, 0x65, 0x0f, 0x39,
    0x50, 0x48, 0x7f, 0xb0, 0xbb, 0x58, 0x3a, 0x66, 0x47, 0x66, 0x3c, 0x5b, 0xff, 0xf8, 0x45, 0xdd, 0x9b, 0xcf, 0x9e, 0x6f,
    0xfe, 0x1c, 0x6f, 0x7e, 0xda, 0xde, 0xfc, 0xeb, 0xaf, 0xbd, 0xcd, 0xf3, 0xfb, 0xbf, 0x90, 0xe7, 0x7c, 0xbd, 0xd5, 0x83,
    0x85, 0xae, 0x6c, 0xb3, 0x45, 0xac, 0xfb, 0xcf, 0x55, 0x73, 0x50, 0x0a, 0x0f, 0xd9, 0x6b, 0xfb, 0x8a, 0xc8, 0xb6, 0x00,
    0x5c, 0xed, 0x47, 0x5f, 0xb7, 0x5b, 0xc6, 0xda, 0xdb, 0xea, 0xf4, 0x20, 0x41, 0xa9, 0x2a, 0x24, 0x16, 0xb6, 0xfd, 0x0d,
    0x93, 0xad, 0xa6, 0xdd, 0xb0, 0xc4, 0xbd, 0x10, 0x44, 0xe2, 0xcf, 0x75, 0x97, 0x5f, 0xf4, 0x61, 0x43, 0x6b, 0xe7, 0x30,
    0xaf, 0xe8, 0xfc, 0x5a, 0xf0, 0xdb, 0xe2, 0xbb, 0x2d, 0xf2, 0xa2, 0x9d, 0xc3, 0xdf, 0xfb, 0xc1, 0x0e, 0xbd, 0xb7, 0x1f,
    0x3d, 0xea, 0x44, 0xdf, 0x7e, 0x1b, 0xed, 0xec, 0x74, 0xa2, 0x7f, 0x05, 0x45, 0x2e, 0x50, 0xe4, 0xf1, 0x03, 0xaf, 0xc8,
    0x23, 0x96, 0xf0, 0x0a, 0xf4, 0xfd, 0x36, 0x82, 0x11, 0x97, 0x19, 0x21, 0x80, 0x85, 0xcf, 0xeb, 0xdd, 0x80, 0x05, 0x1e,
    0x5f, 0xa4, 0xaf, 0x66, 0x25, 0x73, 0x7b, 0xc5, 0x02, 0x7e, 0x2f, 0x79, 0x7b, 0xa7, 0x1b, 0xed, 0x62, 0x5a, 0x77, 0x1e,
    0x77, 0x68, 0x3a, 0x5c, 0xcd, 0x7f, 0xf0, 0x85, 0xfc, 0x47, 0x2e, 0x3f, 0x04, 0xa3, 0xbf, 0x18, 0x9e, 0x66, 0xb2, 0xdd,
    0x07, 0x9b, 0x89, 0xdb, 0x78, 0x85, 0x97, 0x54, 0x62, 0x29, 0x9e, 0x78, 0x1c, 0x27, 0x3d, 0x70, 0x97, 0x18, 0x73, 0x0f,
    0x22, 0x69, 0x33, 0x75, 0x4c, 0x5a, 0x01, 0xdb, 0x8e, 0xbe, 0x8d, 0xde, 0xe2, 0xe7, 0xfe, 0x7d, 0x5b, 0xfc, 0x0a, 0x19,
    0x68, 0xe1, 0x6c, 0x0c, 0x9a, 0xfb, 0x8d, 0x55, 0x31, 0xfa, 0x87, 0xfb, 0x1b, 0xc9, 0xd9, 0x6f, 0xe7, 0x74, 0xc3, 0x6f,
    0x5f, 0x45, 0xdf, 0x7d, 0x27, 0x58, 0xfc, 0x33, 0x90, 0xd2, 0x41, 0x26, 0xb0, 0x02, 0xdc, 0x3c, 0xd8, 0xd9, 0x8f, 0x50,
    0x06, 0xc2, 0x63, 0xc7, 0x2b, 0xf7, 0x88, 0xc5, 0x1e, 0x3f, 0xa8, 0x8a, 0x3d, 0x7e, 0x60, 0x8b, 0xed, 0x4a, 0xb1, 0xab,
    0xb5, 0xcd, 0x3c, 0x60, 0x3e, 0x12, 0x39, 0xe7, 0x06, 0xb5, 0xe3, 0x24, 0x20, 0x00, 0xac, 0x9f, 0x17, 0xf1, 0xec, 0x2a,
    0x2e, 0xda, 0xf0, 0xf4, 0x1f, 0x71, 0x0a, 0x08, 0xff, 0x00, 0xd5, 0x92, 0x6c, 0xb0, 0xa0, 0x76, 0xd2, 0x53, 0x9e, 0xf3,
    0x72, 0x22, 0xba, 0x4a, 0xbb, 0x35, 0x90, 0xe2, 0x2d, 0x60, 0x6f, 0xd0, 0x53, 0x43, 0xde, 0xd3, 0xe8, 0x9a, 0x2f, 0xa3,
    0x54, 0x84, 0xe4, 0xd3, 0x68, 0xb4, 0x6f, 0xe7, 0x71, 0x50, 0x47, 0xb1, 0xe9, 0x0b, 0x4f, 0x16, 0x55, 0x03, 0x5d, 0xc4,
    0x26, 0x03, 0x17, 0x05, 0x8e, 0x31, 0x3b, 0x03, 0x2e, 0xed, 0x41, 0xef, 0x22, 0x2d, 0x5f, 0x80, 0xcb, 0x41, 0x4b, 0x69,
    0xb7, 0x76, 0x13, 0x74, 0xb9, 0x31, 0xb8, 0xe9, 0xcd, 0x17, 0x65, 0x30, 0x4d, 0x2b, 0xb3, 0x86, 0x32, 0x0a, 0x72, 0x95,
    0x2e, 0xcd, 0xa2, 0x5d, 0xac, 0xe9, 0xed, 0x8a, 0xe5, 0x0c, 0x02, 0x4c, 0xe8, 0xb8, 0x0e, 0x16, 0xc3, 0xf6, 0xc0, 0x9f,
    0xf5, 0x55, 0x28, 0x98, 0x50, 0x35, 0xbd, 0x2d, 0xad, 0x4a, 0x07, 0x42, 0x1e, 0x5d, 0x31, 0x7e, 0x34, 0x31, 0xa6, 0xdb,
    0x09, 0x07, 0xb5, 0x40, 0x2e, 0x48, 0x37, 0xb4, 0x9f, 0x9c, 0x09, 0xd1, 0x80, 0x80, 0xcc, 0x93, 0x50, 0x85, 0xff, 0xb6,
    0x7b, 0x5e, 0x0d, 0x05, 0xb5, 0x2d, 0x5f, 0x94, 0x35, 0x0f, 0x76, 0x00, 0x0d, 0x1f, 0x23, 0x86, 0xaa, 0x4f, 0x5c, 0x42,
    0xfa, 0xaf, 0x22, 0x93, 0xa5, 0xb1, 0x37, 0x69, 0x9a, 0x80, 0x4c, 0xab, 0x21, 0x77, 0xa5, 0x1e, 0x32, 0x61, 0x1e, 0x63,
    0x26, 0xca, 0x34, 0x63, 0x5a, 0x9b, 0xfe, 0xf9, 0xcd, 0x2b, 0xde, 0x16, 0xc1, 0x82, 0xfd, 0xf9, 0xcd, 0x73, 0xde, 0xe8,
    0xd8, 0x81, 0xbd, 0xf8, 0x67, 0x77, 0x2d, 0x24, 0xbe, 0x69, 0xc3, 0x8a, 0xec, 0xae, 0x88, 0xb0, 0x8c, 0x79, 0x1d, 0x4e,
    0xb2, 0x2c, 0x6f, 0x43, 0x79, 0x00, 0xeb, 0xbe, 0xee, 0x8d, 0x61, 0xa8, 0xc8, 0x8f, 0x53, 0xb3, 0xb5, 0xdf, 0x79, 0xb8,
    0xcd, 0x7b, 0x24, 0x98, 0x4d, 0xf4, 0x82, 0x33, 0x19, 0x43, 0xb0, 0x9f, 0x28, 0x5e, 0xee, 0x43, 0x70, 0xc6, 0x93, 0x13,
    0x68, 0x65, 0x80, 0x46, 0x66, 0x09, 0x1e, 0x3c, 0xed, 0xd6, 0x62, 0x94, 0x3f, 0x3c, 0x4a, 0x7e, 0xce, 0xb0, 0x87, 0xa5,
    0x8e, 0x05, 0xe1, 0x84, 0xd2, 0xdf, 0x3d, 0x55, 0xf8, 0x70, 0x11, 0x06, 0x6f, 0xdf, 0x3e, 0x15, 0x18, 0x3b, 0x02, 0xde,
    0xa7, 0x02, 0x54, 0x0b, 0x72, 0x28, 0x79, 0xba, 0x9a, 0x72, 0x49, 0x78, 0x54, 0x22, 0x27, 0x65, 0x6c, 0x4b, 0x2e, 0xe1,
    0x00, 0xad, 0x76, 0x09, 0xf0, 0x52, 0xcc, 0xcf, 0xfb, 0x44, 0xb4, 0x5b, 0x07, 0xc7, 0x92, 0x44, 0xd6, 0xfc, 0x09, 0x15,
    0x5e, 0xcd, 0x86, 0x19, 0x88, 0x87, 0x88, 0x14, 0x7c, 0xce, 0x58, 0xa4, 0xc5, 0xa6, 0x44, 0x5d, 0xfc, 0x99, 0x2a, 0xe3,
    0x4d, 0xcb, 0x15, 0xff, 0x61, 0x51, 0x86, 0x6c, 0xfc, 0x67, 0x85, 0xf2, 0xd5, 0x5b, 0x91, 0x05, 0xda, 0x62, 0xbd, 0xc4,
    0x77, 0x3a, 0x8e, 0x80, 0xae, 0x21, 0x51, 0x04, 0xde, 0x4f, 0x04, 0x38, 0x40, 0x3f, 0x1b, 0x5b, 0x99, 0x81, 0x4f, 0x15,
    0x62, 0x03, 0x74, 0x16, 0x0d, 0xe8, 0xc4, 0x74, 0x76, 0x56, 0x71, 0xe5, 0xa1, 0x68, 0x5f, 0x54, 0x73, 0x9e, 0xc7, 0x60,
    0x42, 0xf1, 0xb6, 0x98, 0x53, 0x3f, 0x3b, 0xe1, 0x16, 0x6b, 0xa9, 0x92, 0xc8, 0x2f, 0xbc, 0x61, 0x66, 0x1c, 0x7b, 0xd5,
    0x97, 0x57, 0xc0, 0xcf, 0xeb, 0x31, 0xfd, 0xef, 0xd2, 0xbc, 0xdd, 0xc2, 0x09, 0xa8, 0x9e, 0x6a, 0xf8, 0x0d, 0xa0, 0x42,
    0xbd, 0xbd, 0x00, 0x77, 0xd9, 0x4c, 0x6d, 0x29, 0x90, 0x91, 0xfe, 0xcd, 0x29, 0x87, 0x90, 0x9f, 0x49, 0x4e, 0x84, 0xdf,
    0x9b, 0xa2, 0x3b, 0x55, 0xbb, 0x6f, 0xab, 0x61, 0xb2, 0x57, 0x61, 0xbd, 0x1e, 0xa5, 0xa2, 0x7b, 0x55, 0xb5, 0x53, 0x91,
    0xe5, 0x24, 0xbc, 0x7b, 0xe9, 0x55, 0x6f, 0x50, 0xe6, 0x93, 0xbf, 0xa5, 0xcb, 0x8e, 0xe1, 0x91, 0x68, 0xe5, 0xaa, 0xc7,
    0x73, 0x0c, 0x34, 0x62, 0xf6, 0x42, 0x1c, 0x89, 0xdf, 0x1b, 0x1a, 0xe8, 0x25, 0xf0, 0x0b, 0x8a, 0x3f, 0x82, 0x5f, 0x6c,
    0x43, 0x33, 0xda, 0x81, 0x66, 0xb4, 0xb9, 0xc3, 0x89, 0xfa, 0xdc, 0x05, 0x64, 0xf3, 0x18, 0x5b, 0x78, 0x6e, 0x9d, 0x44,
    0x17, 0x88, 0x3e, 0x77, 0x3c, 0xf5, 0xc4, 0xc3, 0xbf, 0x61, 0xba, 0xb2, 0x6c, 0xbf, 0xc0, 0x44, 0xa9, 0xc8, 0x41, 0xbf,
    0xd2, 0xa5, 0x5e, 0xf1, 0x4d, 0x32, 0x93, 0x9e, 0x18, 0x56, 0x74, 0x3f, 0x8c, 0x3d, 0xd7, 0xcb, 0x59, 0x4d, 0x11, 0x91,
    0x32, 0xec, 0x55, 0x1a, 0x6c, 0x83, 0x83, 0x68, 0xf5, 0xae, 0xae, 0x90, 0xae, 0xae, 0x8a, 0x8e, 0x6a, 0x89, 0x42, 0xb1,
    0x8f, 0x65, 0x25, 0xb1, 0x1a, 0xe4, 0x73, 0x76, 0x89, 0xe9, 0x5c, 0x4e, 0xa8, 0x67, 0xb5, 0xc0, 0x09, 0xe3, 0xf6, 0xce,
    0xee, 0x93, 0xae, 0xfd, 0xb7, 0xdd, 0xdb, 0x79, 0xd2, 0x69, 0xed, 0x0b, 0x53, 0xeb, 0x71, 0x6f, 0xf4, 0xc1, 0x2c, 0xbe,
    0x1d, 0x93, 0xd6, 0x4f, 0x2f, 0xc6, 0xb3, 0x77, 0x20, 0xe8, 0xb6, 0xcf, 0x6d, 0x2f, 0x6e, 0xb4, 0x08, 0x7e, 0xbf, 0x8d,
    0x3e, 0xf0, 0x57, 0x24, 0xb5, 0x56, 0x99, 0x62, 0x03, 0x7d, 0x9a, 0xb5, 0x91, 0xf7, 0x17, 0x59, 0x83, 0xdb, 0xbd, 0x47,
    0x32, 0xd8, 0xaa, 0x93, 0x95, 0x5c, 0x33, 0x02, 0xb2, 0x05, 0xd7, 0xc5, 0xd2, 0x74, 0xb1, 0x44, 0x17, 0xc7, 0xfc, 0x5d,
    0xed, 0x02, 0x28, 0x40, 0xb6, 0x6b, 0xa7, 0xd6, 0x85, 0xc1, 0x4e, 0xad, 0xc4, 0x67, 0x1f, 0x31, 0xba, 0x62, 0x88, 0x37,
    0xa8, 0xea, 0xa2, 0x56, 0x39, 0xcc, 0x51, 0xe7, 0x0d, 0xf1, 0xb6, 0xdd, 0x95, 0xff, 0xf5, 0xa0, 0x6e, 0xb5, 0x9a, 0xb0,
    0x23, 0x29, 0x34, 0xcd, 0xb7, 0x9b, 0x66, 0x47, 0x2b, 0xc0, 0x08, 0xd8, 0xc6, 0x2d, 0x3f, 0xc9, 0xc0, 0x0d, 0x3f, 0xf9,
    0x7d, 0xaf, 0x3f, 0xdb, 0x86, 0x71, 0xbc, 0x7b, 0x45, 0xb5, 0xc3, 0xb6, 0x27, 0xaa, 0x77, 0x8b, 0xb4, 0x9c, 0x25, 0x22,
    0x62, 0x3e, 0xaf, 0x9f, 0xd8, 0xdd, 0x87, 0x8f, 0xba, 0x3b, 0x8f, 0x1f, 0x77, 0x1f, 0x3c, 0x02, 0x94, 0x0f, 0x6f, 0x83,
    0xd2, 0xe0, 0xcf, 0x42, 0x52, 0x9f, 0x1c, 0x9b, 0x6e, 0x09, 0xab, 0x86, 0x73, 0x05, 0xbc, 0x19, 0xdb, 0x61, 0x5e, 0x85,
    0x65, 0xe2, 0x98, 0xb6, 0xeb, 0x77, 0x65, 0xd1, 0xd3, 0x73, 0xcb, 0x75, 0x34, 0xfa, 0xa7, 0xe1, 0xa3, 0xf8, 0xf1, 0xee,
    0x83, 0x46, 0xe0, 0x6d, 0x0b, 0xa0, 0x92, 0x97, 0xd8, 0xaf, 0xb7, 0x2b, 0x8e, 0x30, 0x87, 0x6e, 0x49, 0xf2, 0x60, 0x3f,
    0x78, 0xf0, 0x21, 0x9b, 0xf7, 0x6e, 0x14, 0xb6, 0x79, 0x6f, 0x69, 0x81, 0xe3, 0xaa, 0xf6, 0x47, 0xd5, 0x50, 0xe6, 0xb3,
    0x1d, 0x78, 0x35, 0x88, 0x5b, 0xba, 0x77, 0xa4, 0x19, 0xd0, 0x4d, 0x6d, 0x2c, 0xcc, 0xe3, 0xc1, 0x8e, 0xed, 0x0e, 0xec,
    0x72, 0xd7, 0x75, 0xa9, 0x2f, 0x0f, 0xf1, 0x7f, 0xd3, 0xf9, 0x67, 0x5f, 0xe6, 0xbc, 0x89, 0x8b, 0x4b, 0x61, 0x9a, 0x34,
    0x18, 0xf6, 0xa6, 0x9e, 0x3a, 0xf4, 0xc4, 0x69, 0x43, 0x9a, 0x77, 0xb3, 0x4d, 0xd9, 0x69, 0x5e, 0x96, 0x7c, 0x39, 0xb6,
    0x39, 0x3b, 0x78, 0xd9, 0xdc, 0xb1, 0x59, 0xf6, 0xed, 0xf3, 0x06, 0x1b, 0x07, 0xc7, 0xcc, 0xca, 0xac, 0x5c, 0xce, 0x45,
    0x30, 0x05, 0xbc, 0x1a, 0x5c, 0x6b, 0x69, 0xf9, 0xed, 0x8d, 0x30, 0x4c, 0x30, 0xb3, 0xa5, 0x7d, 0xb8, 0x21, 0xc7, 0xf9,
    0xa0, 0x49, 0x78, 0x3a, 0xae, 0xd8, 0xb0, 0x82, 0x7a, 0xc6, 0xd1, 0x7d, 0xc0, 0xfa, 0xbb, 0x39, 0x97, 0x15, 0xed, 0x9a,
    0x31, 0xd0, 0x76, 0x3c, 0xb0, 0x6f, 0x54, 0x9b, 0x40, 0x93, 0x16, 0xe2, 0x8e, 0x07, 0xfa, 0x8d, 0xd6, 0x5d, 0xda, 0xba,
    0x4b, 0x5b, 0x57, 0x46, 0xb9, 0xd4, 0xba, 0x4b, 0x5b, 0x77, 0x69, 0xeb, 0xca, 0x40, 0x97, 0xfb, 0x76, 0x9b, 0x8e, 0x8d,
    0xe9, 0x07, 0x05, 0x04, 0x32, 0xaa, 0x7f, 0x2d, 0xf2, 0x69, 0x3c, 0x9b, 0x2f, 0xca, 0x15, 0xf9, 0x64, 0x4a, 0x3a, 0xe9,
    0xbe, 0xe3, 0x89, 0xf6, 0x1d, 0x70, 0xad, 0xfb, 0xd2, 0xfc, 0x55, 0x3c, 0x59, 0xa4, 0x1c, 0xfe, 0x4e, 0x47, 0x65, 0x58,
    0x0d, 0x9b, 0x49, 0xb6, 0x1e, 0x9b, 0xda, 0x03, 0x76, 0xe9, 0x3b, 0x6e, 0x6a, 0x81, 0x7c, 0x2d, 0x62, 0x55, 0x7e, 0x4e,
    0x10, 0xe1, 0xce, 0x77, 0xd1, 0x8c, 0x54, 0xf8, 0x8b, 0xfe, 0x6c, 0x89, 0xce, 0xba, 0xdd, 0xdb, 0x05, 0x28, 0x33, 0x0b,
    0xe7, 0x00, 0x0e, 0x78, 0x6d, 0x93, 0xbd, 0xeb, 0xb3, 0xec, 0x84, 0xfc, 0x74, 0x13, 0xad, 0xe1, 0x01, 0x6a, 0x8f, 0x3c,
    0x80, 0xa3, 0x7a, 0x05, 0x6e, 0x6c, 0x81, 0x1b, 0x5b, 0x40, 0xb8, 0x3a, 0xe1, 0x4c, 0x48, 0xae, 0xf8, 0x73, 0x9f, 0xb5,
    0xff, 0x62, 0x9a, 0xc8, 0x77, 0x3b, 0x1e, 0xc8, 0xcc, 0x23, 0xdc, 0x52, 0xa6, 0x23, 0xd8, 0xae, 0x14, 0xa6, 0x25, 0xdc,
    0x19, 0xca, 0xb6, 0xdd, 0x0b, 0x15, 0xaa, 0x4e, 0x23, 0xf5, 0x04, 0x72, 0xbd, 0xa3, 0x18, 0x74, 0x3b, 0x9c, 0xa2, 0xc7,
    0x73, 0xf0, 0xe7, 0xe0, 0xa2, 0x1d, 0x41, 0x4d, 0x2b, 0x6f, 0x41, 0x40, 0xdf, 0x47, 0x37, 0x50, 0x22, 0xd2, 0x36, 0x30,
    0xb5, 0x17, 0xed, 0x04, 0xbb, 0xa0, 0x39, 0x5c, 0x47, 0x4a, 0xdd, 0xa9, 0x4c, 0x61, 0x57, 0x71, 0xba, 0xc1, 0xf4, 0x92,
    0x74, 0x03, 0x32, 0xad, 0x48, 0x72, 0x6d, 0xf7, 0xa8, 0x8a, 0x64, 0xd4, 0x98, 0x7a, 0x38, 0x5b, 0x6a, 0xd2, 0x12, 0x1b,
    0x0b, 0x19, 0x31, 0x9f, 0xd1, 0xb5, 0x48, 0x22, 0x57, 0xe8, 0x46, 0x0b, 0xdd, 0xa0, 0xd0, 0x8d, 0x29, 0x74, 0x83, 0x42,
    0x2a, 0x11, 0x55, 0x47, 0xf1, 0xd7, 0x40, 0x47, 0x9c, 0x5d, 0x60, 0xd8, 0x86, 0x64, 0xe7, 0x86, 0x36, 0x58, 0x1d, 0x57,
    0x4a, 0xe1, 0x85, 0x0e, 0x7c, 0x7a, 0xd3, 0x22, 0x5d, 0xb9, 0xb7, 0x65, 0xab, 0x13, 0xf9, 0x55, 0xc0, 0x73, 0xa1, 0x6f,
    0xe1, 0xdf, 0x4d, 0xa7, 0xa9, 0x32, 0x8b, 0xeb, 0xae, 0x6b, 0xca, 0x81, 0xec, 0xa2, 0x16, 0xb8, 0xb3, 0xd6, 0xc0, 0x62,
    0xd9, 0xda, 0x12, 0x1f, 0x4a, 0x75, 0xd3, 0xd3, 0xab, 0x84, 0xd5, 0xcd, 0x5e, 0x50, 0x8f, 0x73, 0xab, 0xb2, 0x87, 0xa3,
    0x62, 0xc9, 0x55, 0xe3, 0xab, 0xa2, 0x57, 0xd6, 0xfb, 0x36, 0x15, 0xfe, 0xa9, 0x08, 0x69, 0xce, 0x2f, 0xe1, 0x9b, 0xd6,
    0xc6, 0x14, 0x26, 0xae, 0x40, 0x1d, 0x7d, 0x16, 0x56, 0x47, 0x40, 0x49, 0xc6, 0x96, 0x58, 0xbc, 0x79, 0xb8, 0x54, 0x55,
    0xe0, 0x12, 0x9d, 0x80, 0x2c, 0x2f, 0x2b, 0xab, 0x40, 0x8c, 0x8c, 0x4b, 0x8a, 0x4b, 0xfc, 0xb3, 0xc2, 0x73, 0x2b, 0x82,
    0x17, 0xec, 0x20, 0x76, 0x0b, 0x22, 0x2b, 0xda, 0x71, 0x87, 0x8e, 0x28, 0x36, 0x05, 0x87, 0x33, 0xed, 0xd8, 0xec, 0xa8,
    0x6e, 0x0a, 0x63, 0xc7, 0x5a, 0x16, 0xc6, 0x86, 0x75, 0x76, 0x26, 0x93, 0xd9, 0xd5, 0x89, 0x47, 0xce, 0x99, 0x92, 0xd1,
    0x7d, 0x6e, 0xbb, 0x82, 0x34, 0x53, 0x66, 0xc7, 0x6c, 0x23, 0xeb, 0xe5, 0x34, 0xfd, 0x7c, 0x8d, 0xb0, 0x90, 0xde, 0x17,
    0x5c, 0xd1, 0x67, 0xdb, 0xe7, 0x40, 0xc6, 0x0b, 0x6c, 0x14, 0xae, 0xe5, 0x75, 0x47, 0x5e, 0x3f, 0xee, 0x6f, 0xdc, 0x14,
    0x50, 0x2a, 0x8b, 0x11, 0xa5, 0xf1, 0x7d, 0x14, 0xfd, 0x0b, 0x07, 0x85, 0x2b, 0x57, 0x78, 0x28, 0x00, 0x3e, 0x20, 0x36,
    0xd9, 0x1f, 0x4d, 0x36, 0x46, 0x78, 0x5f, 0xb2, 0x07, 0x1c, 0xdd, 0x67, 0x33, 0xc2, 0x44, 0x18, 0xab, 0xe3, 0x61, 0xdb,
    0xc1, 0x8e, 0xd0, 0xb2, 0xb3, 0x9e, 0x6c, 0x1a, 0xda, 0xb3, 0xc5, 0x64, 0xd2, 0x05, 0x4e, 0x3a, 0xdc, 0xd9, 0x27, 0xc2,
    0x73, 0xab, 0x80, 0x03, 0x9c, 0xb5, 0xae, 0xc7, 0x64, 0x6c, 0x93, 0xab, 0x75, 0x4d, 0xc7, 0xcb, 0x3f, 0xda, 0xf1, 0xd2,
    0x74, 0xbc, 0x0c, 0x3a, 0x3e, 0xbe, 0x53, 0xc7, 0x4b, 0xed, 0x38, 0x64, 0x77, 0x09, 0x57, 0xae, 0x32, 0xab, 0x84, 0x0b,
    0x37, 0x09, 0x57, 0xae, 0x70, 0xbc, 0x84, 0x0b, 0x57, 0x59, 0x5e, 0xc2, 0x75, 0x9b, 0xdc, 0x54, 0xe4, 0xb5, 0x58, 0x48,
    0x01, 0xd5, 0x1d, 0xed, 0x24, 0x5d, 0x4b, 0xc3, 0x55, 0xda, 0x47, 0xc3, 0x55, 0x6e, 0x2c, 0xd0, 0x3a, 0x42, 0x9d, 0x35,
    0x33, 0x6d, 0xf7, 0x59, 0x4d, 0xe6, 0x8d, 0x1e, 0x90, 0xb5, 0x82, 0x5c, 0x93, 0x8b, 0x6a, 0x02, 0xdd, 0x0c, 0xca, 0x62,
    0x16, 0xe9, 0x2a, 0xd4, 0xc6, 0x75, 0x56, 0x54, 0x1c, 0x46, 0x5e, 0x97, 0x26, 0x77, 0xb9, 0x6d, 0x5e, 0x2d, 0x93, 0x92,
    0x45, 0x79, 0x56, 0xd8, 0x35, 0x57, 0x90, 0xef, 0x70, 0x15, 0x26, 0x36, 0x25, 0xb1, 0xfc, 0xe6, 0x73, 0xa8, 0x67, 0x14,
    0x74, 0xa5, 0x71, 0x32, 0xea, 0x16, 0x76, 0xa9, 0x36, 0x99, 0xb3, 0x33, 0x16, 0x3d, 0x3f, 0xff, 0x22, 0xdf, 0x42, 0x71,
    0x25, 0xd7, 0x33, 0xb7, 0xfc, 0x59, 0xb1, 0xd3, 0xc0, 0xb3, 0xaa, 0xa2, 0x28, 0x12, 0x72, 0x2d, 0x2e, 0x33, 0xaf, 0x7e,
    0x2d, 0xd3, 0x10, 0xde, 0x7f, 0x8c, 0x89, 0x70, 0xf6, 0x6b, 0x93, 0x4f, 0x4d, 0x22, 0x98, 0xfa, 0x0a, 0xd8, 0x95, 0xb9,
    0xb7, 0xcd, 0x29, 0x07, 0x32, 0x4b, 0xd7, 0xe3, 0x40, 0x9d, 0x6e, 0x8d, 0x0c, 0xbc, 0x3a, 0x5a, 0xc2, 0xac, 0x67, 0xaf,
    0x95, 0xce, 0x79, 0xc7, 0xb3, 0x3c, 0x1a, 0x1b, 0x95, 0x9b, 0x3c, 0x2a, 0xbc, 0x3f, 0xcc, 0xda, 0x14, 0x82, 0xe4, 0x4e,
    0x4b, 0xfc, 0xbb, 0xc1, 0xd2, 0xa1, 0x26, 0x64, 0xcc, 0x6f, 0x8e, 0x48, 0xe3, 0x3e, 0x66, 0x59, 0xd0, 0xb8, 0x4d, 0x9a,
    0x64, 0x3a, 0x48, 0xec, 0x5b, 0x94, 0x77, 0xbb, 0xe1, 0xae, 0xd1, 0x19, 0x5c, 0xf9, 0xa5, 0xa0, 0x79, 0xdb, 0xd2, 0xf0,
    0x92, 0xe5, 0x97, 0x7e, 0xf9, 0xd4, 0x2e, 0x97, 0x64, 0x69, 0x10, 0xbf, 0xbf, 0xcf, 0xae, 0x41, 0x92, 0xd0, 0x82, 0xda,
    0x0a, 0x93, 0x99, 0x72, 0xb2, 0x25, 0xcc, 0xb9, 0x12, 0xf2, 0x52, 0x5f, 0x08, 0x28, 0x6e, 0xcb, 0xc6, 0x97, 0x3a, 0x91,
    0xe9, 0xae, 0x11, 0x5b, 0xa9, 0x56, 0xc1, 0xfb, 0x77, 0x5c, 0x7b, 0xa2, 0x6b, 0x47, 0xf7, 0xf9, 0xb8, 0x4f, 0xa8, 0xf1,
    0x54, 0xdc, 0x50, 0x8c, 0x98, 0x42, 0xb2, 0x94, 0xab, 0x42, 0xc8, 0x5a, 0x6a, 0xa1, 0xa5, 0x95, 0x35, 0x95, 0xb5, 0x1e,
    0xda, 0xb8, 0xc1, 0x18, 0x8f, 0x63, 0xba, 0xc6, 0xc3, 0xca, 0xe2, 0xcb, 0xe3, 0x9d, 0x9c, 0x90, 0x1e, 0x68, 0xae, 0xdf,
    0xbb, 0xe9, 0x10, 0xad, 0x3e, 0x6f, 0xf3, 0x32, 0x96, 0xb5, 0x1a, 0x4b, 0x66, 0x2c, 0x99, 0x51, 0xab, 0x61, 0x32, 0x6a,
    0xda, 0x86, 0x53, 0x35, 0x9a, 0xf5, 0x0c, 0xa7, 0x64, 0xd4, 0x34, 0x0c, 0x0b, 0x35, 0x10, 0x5d, 0xe9, 0x8f, 0x1b, 0xb2,
    0xcb, 0x51, 0x7d, 0x5a, 0x50, 0x6d, 0xd4, 0x75, 0x83, 0x76, 0x51, 0xd8, 0x05, 0xeb, 0xdb, 0xde, 0xf3, 0x8e, 0x34, 0x22,
    0xb3, 0xa5, 0x8d, 0x84, 0xdc, 0x61, 0x84, 0x73, 0x54, 0x3a, 0x82, 0x8f, 0xdb, 0xfe, 0xe9, 0x95, 0x90, 0x15, 0xc6, 0x4f,
    0x77, 0x1f, 0xa2, 0x42, 0xe8, 0x06, 0xa3, 0x93, 0xf7, 0xa5, 0x4e, 0x9e, 0x9e, 0x0b, 0x71, 0x95, 0xd3, 0x9f, 0x4a, 0x18,
    0x44, 0x98, 0x34, 0x6c, 0x59, 0xfd, 0x30, 0xb7, 0x98, 0xd2, 0x83, 0x0e, 0x5d, 0x10, 0xff, 0xcc, 0xcb, 0x55, 0x35, 0xb4,
    0xd3, 0xd1, 0xc5, 0xe8, 0x94, 0x47, 0x9c, 0x77, 0xc0, 0x5d, 0x1c, 0x87, 0x2f, 0xf0, 0x2d, 0x47, 0x3b, 0x9f, 0x39, 0xe1,
    0x41, 0x96, 0x23, 0x66, 0x52, 0x88, 0xb1, 0x3e, 0xb0, 0x6c, 0x95, 0xbe, 0x34, 0xe9, 0x54, 0xe5, 0xbd, 0xa1, 0xc3, 0x89,
    0xcd, 0x10, 0xca, 0x00, 0x35, 0x6e, 0x58, 0xab, 0x4e, 0x2d, 0xc6, 0xc6, 0x7e, 0x63, 0xdb, 0x1d, 0x2c, 0xe5, 0xdd, 0x30,
    0x0c, 0x4f, 0x1f, 0x86, 0x07, 0xc8, 0x38, 0x49, 0x2d, 0x97, 0x8d, 0xac, 0x2a, 0xd0, 0xae, 0x98, 0xcd, 0xe0, 0x86, 0x36,
    0x59, 0x76, 0x43, 0x96, 0xd3, 0xae, 0x78, 0xce, 0x60, 0x29, 0x19, 0x4b, 0x37, 0x62, 0xb2, 0x8c, 0x85, 0x61, 0x14, 0xd7,
    0x24, 0x8d, 0x1d, 0xbb, 0x61, 0xa8, 0x88, 0x57, 0x39, 0xcc, 0x80, 0xf3, 0x93, 0x87, 0xd4, 0x2b, 0x02, 0x75, 0xc0, 0x7e,
    0xf3, 0x90, 0x7a, 0x4d, 0x15, 0x4e, 0x61, 0x1e, 0x92, 0xaf, 0x56, 0x21, 0x44, 0xf9, 0x7f, 0x8a, 0x7c, 0xef, 0xf9, 0x08,
    0xf1, 0x15, 0xe4, 0x3b, 0xd0, 0xb6, 0xab, 0xab, 0x6a, 0x02, 0xd0, 0x03, 0xca, 0xaa, 0x12, 0xef, 0x37, 0x24, 0x72, 0x97,
    0x42, 0x43, 0xe5, 0x4a, 0x22, 0xcd, 0x90, 0xb7, 0xd2, 0x3f, 0x0d, 0x00, 0x86, 0x0a, 0xe6, 0xb8, 0x18, 0x67, 0xd5, 0xeb,
    0xf1, 0x8c, 0x7e, 0x09, 0x08, 0xe0, 0x84, 0xa5, 0xfd, 0x51, 0x0e, 0x22, 0x36, 0xe6, 0xeb, 0xcd, 0x04, 0xa6, 0xb8, 0x63,
    0x12, 0x7c, 0x17, 0x2b, 0x00, 0x94, 0x3a, 0xd3, 0x80, 0xe3, 0x13, 0x7c, 0xb7, 0x79, 0x9f, 0xeb, 0xd8, 0x5e, 0xa3, 0x5b,
    0xb1, 0x3d, 0x6e, 0x45, 0x65, 0x22, 0xd6, 0xab, 0x51, 0x6c, 0x5a, 0x8a, 0xe9, 0x3c, 0x04, 0x13, 0xa5, 0xf3, 0x44, 0x2b,
    0x82, 0xa7, 0x0d, 0xcd, 0x6f, 0x2a, 0x79, 0x08, 0x98, 0x96, 0x95, 0x2c, 0xec, 0x1a, 0x8a, 0xae, 0x6c, 0x96, 0xe1, 0xb9,
    0x8c, 0x1e, 0xd9, 0xcd, 0x9d, 0xe9, 0x87, 0xa0, 0xe8, 0x59, 0x4d, 0x95, 0xb6, 0xaf, 0xc7, 0x7a, 0xa1, 0x58, 0x46, 0xb6,
    0x9c, 0xf8, 0xf5, 0xcd, 0xf3, 0x6f, 0x46, 0xd1, 0x20, 0xff, 0xc4, 0x3e, 0x7f, 0x8e, 0x89, 0xe5, 0xa1, 0x78, 0xbb, 0xef,
    0x5e, 0x21, 0x4c, 0xe6, 0x04, 0xbd, 0xed, 0xd8, 0x11, 0x4f, 0xf1, 0xda, 0x73, 0xc3, 0x8b, 0xb8, 0x78, 0xda, 0x8e, 0x33,
    0x71, 0xa5, 0x4b, 0x09, 0x07, 0xbe, 0x21, 0x07, 0x6b, 0x15, 0xd4, 0xb7, 0x3a, 0xed, 0xd5, 0x64, 0x08, 0xb1, 0x9e, 0x80,
    0x2a, 0x64, 0x03, 0xca, 0x22, 0xde, 0x16, 0xf4, 0x8f, 0x98, 0x4b, 0xe4, 0xf4, 0x3c, 0xce, 0x2f, 0xc4, 0xfa, 0x12, 0x6e,
    0x0d, 0x0d, 0x0b, 0x35, 0x99, 0x18, 0xf1, 0x55, 0x6d, 0x4b, 0x5b, 0xc6, 0x62, 0x5f, 0x57, 0x6d, 0x0c, 0x66, 0xff, 0x91,
    0x38, 0xcd, 0x49, 0xb2, 0x67, 0x6e, 0x93, 0x59, 0xe4, 0xbc, 0x69, 0xc6, 0x3c, 0x9b, 0xb7, 0x79, 0xa6, 0x7b, 0x13, 0xa6,
    0x18, 0x63, 0x9d, 0x03, 0x7d, 0xee, 0x60, 0x9f, 0x57, 0xc0, 0xcf, 0x15, 0x7a, 0x3e, 0x12, 0xd4, 0xb9, 0x85, 0x75, 0x0e,
    0xbd, 0x92, 0x53, 0xa2, 0xb0, 0xd6, 0x37, 0xbb, 0x41, 0x31, 0x51, 0x3f, 0x4d, 0xbf, 0xd4, 0xa0, 0xe6, 0x66, 0xb5, 0xce,
    0x97, 0x02, 0xd3, 0x66, 0xf5, 0x2c, 0xd4, 0xa6, 0x79, 0xfa, 0x2c, 0xc7, 0x0c, 0xe1, 0x2c, 0xf0, 0x14, 0xc8, 0x9f, 0x04,
    0x3b, 0x5e, 0xb8, 0x58, 0xaa, 0x02, 0x8b, 0x87, 0x1f, 0xe3, 0xca, 0xdc, 0xa0, 0x8c, 0x07, 0x89, 0x21, 0x26, 0xff, 0xc8,
    0xe1, 0x29, 0xd6, 0x7b, 0x26, 0x54, 0xa3, 0xad, 0xd3, 0x5b, 0xb4, 0x6a, 0x1e, 0x67, 0xa6, 0xe2, 0x4f, 0x02, 0xea, 0xd4,
    0xec, 0x83, 0x6c, 0xc2, 0xa3, 0x4e, 0xdc, 0x70, 0x84, 0xe7, 0x2f, 0xbd, 0x31, 0x5a, 0x7d, 0xa4, 0xe0, 0xa4, 0x0a, 0xde,
    0x21, 0x2d, 0x52, 0xa2, 0x5b, 0xce, 0xb0, 0x01, 0xde, 0xd7, 0x3a, 0xf4, 0xc3, 0xb1, 0x4d, 0x8a, 0x89, 0x69, 0x97, 0x05,
    0x5b, 0xc0, 0x0e, 0x0f, 0xb8, 0xb4, 0x8c, 0xdc, 0x39, 0xf1, 0xbb, 0x25, 0x80, 0xcf, 0x27, 0xe3, 0x0b, 0xea, 0xc1, 0x2d,
    0xf5, 0x57, 0x81, 0x01, 0xd2, 0x64, 0xf0, 0x5e, 0x9c, 0xb8, 0x4c, 0x51, 0xdd, 0x1e, 0x27, 0x09, 0xee, 0xd9, 0x48, 0x5e,
    0x68, 0xb6, 0x84, 0xaf, 0x46, 0x4b, 0x31, 0xa4, 0x23, 0xa4, 0x8c, 0x76, 0x0e, 0xaf, 0xc4, 0x2c, 0x5b, 0xa3, 0xbf, 0x29,
    0xee, 0xb0, 0xa6, 0x6d, 0xc7, 0x13, 0x96, 0xd6, 0xca, 0xce, 0x7c, 0xbd, 0x46, 0xd5, 0x6e, 0x9b, 0xa1, 0x40, 0x1d, 0xf7,
    0x47, 0xb2, 0xdd, 0x09, 0xb4, 0xed, 0x9d, 0x27, 0xdb, 0x5a, 0x8b, 0x70, 0xd0, 0x89, 0xae, 0x5d, 0xd2, 0x5d, 0xd3, 0x9c,
    0x92, 0x7c, 0x56, 0x76, 0xef, 0x29, 0x1b, 0xa1, 0x5a, 0x9e, 0x2c, 0x6b, 0x7a, 0x79, 0xb7, 0xd2, 0x21, 0x7c, 0xc3, 0xdd,
    0x3a, 0x25, 0x82, 0xd7, 0x3d, 0x12, 0xa7, 0x19, 0xc3, 0xd9, 0x7c, 0xb7, 0x4d, 0x5b, 0xd6, 0xa6, 0x18, 0xb2, 0x84, 0x2a,
    0x60, 0x91, 0xe2, 0x3e, 0x48, 0x4c, 0xad, 0x3d, 0x3a, 0xfe, 0x13, 0xbe, 0x4e, 0x57, 0x3d, 0x8d, 0x99, 0x23, 0x25, 0xd0,
    0xd9, 0xdc, 0xe3, 0xf6, 0x83, 0x91, 0xe7, 0x80, 0x81, 0xb1, 0x4d, 0xd3, 0xb8, 0x58, 0xe4, 0xa9, 0x0c, 0x0f, 0x79, 0x7a,
    0xd0, 0xa9, 0x7c, 0x5d, 0x3d, 0x67, 0xe8, 0x93, 0xff, 0xd4, 0xb4, 0x89, 0x93, 0x84, 0x64, 0x01, 0x7b, 0x57, 0xd5, 0x5c,
    0x1c, 0xfa, 0x93, 0x70, 0xb3, 0xd8, 0x47, 0x6d, 0xa2, 0x48, 0x1c, 0x6b, 0x68, 0x87, 0x72, 0xb3, 0xa5, 0x3e, 0xc9, 0x2d,
    0x4f, 0x39, 0x8f, 0x07, 0x03, 0x15, 0x4d, 0x0a, 0xea, 0xaa, 0x70, 0x1a, 0x8c, 0xd4, 0x86, 0xee, 0xb8, 0x2f, 0x91, 0x72,
    0x5f, 0x5a, 0x06, 0x07, 0x65, 0xf5, 0xfb, 0x06, 0x36, 0x1e, 0xab, 0xc3, 0xbc, 0x48, 0xff, 0x7c, 0x81, 0x99, 0xa6, 0x46,
    0x6a, 0x25, 0xfb, 0x1b, 0x52, 0xea, 0x69, 0x55, 0x4c, 0xe6, 0x94, 0x6e, 0x34, 0x6d, 0x9d, 0xde, 0x8a, 0x68, 0x64, 0x8f,
    0xe4, 0xef, 0x75, 0xfe, 0x42, 0xb5, 0x4d, 0x76, 0x73, 0xfe, 0xae, 0x09, 0xa9, 0x01, 0x39, 0x11, 0x9a, 0xef, 0xe4, 0xc8,
    0x2e, 0x8e, 0xe8, 0x3d, 0xbf, 0x69, 0x89, 0xa8, 0x46, 0x3e, 0x1c, 0x8c, 0xa1, 0x1e, 0x56, 0x4e, 0xc5, 0xb3, 0xb0, 0x6d,
    0xec, 0x22, 0x9f, 0x37, 0x70, 0xc2, 0x36, 0x4b, 0x9e, 0x4f, 0xe6, 0xa3, 0xca, 0xc3, 0xe1, 0x0b, 0x3e, 0x08, 0xe2, 0xc9,
    0xe4, 0x5c, 0xa5, 0xe8, 0x84, 0xfd, 0x4a, 0xce, 0xec, 0x69, 0x7e, 0xf0, 0x4d, 0x9d, 0x74, 0x22, 0x6f, 0xe2, 0x43, 0x63,
    0x2a, 0x72, 0xa6, 0x5a, 0x6f, 0x86, 0x2b, 0xbe, 0x70, 0x3c, 0xd6, 0xc3, 0x36, 0xac, 0x06, 0x9b, 0x6e, 0x1c, 0xd7, 0xc7,
    0xa3, 0xd5, 0xb2, 0xe6, 0xbc, 0xde, 0x2b, 0xac, 0xa7, 0xe2, 0x4a, 0x3b, 0x93, 0xeb, 0x9a, 0x17, 0x00, 0x57, 0x9d, 0xb8,
    0x8e, 0xfb, 0x8b, 0x8e, 0x6e, 0x3a, 0x13, 0x69, 0x9b, 0xda, 0x22, 0x7a, 0xd9, 0x02, 0x58, 0x15, 0xdf, 0x0b, 0xbd, 0x49,
    0x6e, 0xf7, 0x19, 0x09, 0xcf, 0x2c, 0x71, 0x8f, 0x6d, 0x32, 0x16, 0xbf, 0xaa, 0xd6, 0x08, 0x40, 0xb5, 0xa4, 0x48, 0x75,
    0x64, 0x69, 0x20, 0xee, 0x7a, 0xcb, 0x16, 0x10, 0x48, 0x50, 0xcb, 0x6a, 0xd5, 0x4e, 0x46, 0x9a, 0x32, 0xb9, 0x26, 0x90,
    0x9e, 0x4f, 0x89, 0xe7, 0x45, 0x12, 0x68, 0xe4, 0xf5, 0x39, 0x4c, 0x8c, 0xdc, 0x95, 0xe1, 0x88, 0x13, 0x1a, 0x4e, 0xc5,
    0x7e, 0x18, 0xc2, 0xef, 0xeb, 0x2e, 0x0e, 0x46, 0x24, 0xf8, 0xca, 0x13, 0xe4, 0xc1, 0xb9, 0x3a, 0x56, 0x59, 0xd7, 0x3b,
    0x08, 0xc0, 0xde, 0xf6, 0xe3, 0xba, 0x6a, 0x1a, 0x93, 0x14, 0x7b, 0x7f, 0x7d, 0x68, 0x0d, 0x9f, 0x63, 0x63, 0xd0, 0x74,
    0xa5, 0x8c, 0x26, 0xbe, 0x70, 0xb0, 0x68, 0xa9, 0x8e, 0x4a, 0x43, 0xdf, 0x39, 0x65, 0x41, 0x33, 0x20, 0x8c, 0xa3, 0x00,
    0x5c, 0x0d, 0x82, 0x4c, 0x20, 0xf9, 0x83, 0xf4, 0x16, 0xb4, 0x09, 0x9a, 0xbc, 0x1d, 0xcd, 0xdb, 0xa9, 0xf2, 0x76, 0x5d,
    0xde, 0xae, 0xe6, 0xed, 0x6a, 0xde, 0x8a, 0xee, 0x0a, 0x19, 0xcb, 0x9b, 0x9b, 0xe2, 0x66, 0xa1, 0x3e, 0x7c, 0x46, 0xee,
    0x8e, 0x6f, 0x8c, 0x6d, 0xbd, 0x63, 0x64, 0xbf, 0xc9, 0x35, 0xca, 0xda, 0x77, 0x11, 0x3d, 0x44, 0x4c, 0x5a, 0x31, 0xc2,
    0x05, 0xee, 0xb6, 0xcc, 0x8e, 0xe7, 0xf8, 0xe7, 0x3b, 0xfd, 0x64, 0x53, 0x18, 0x93, 0xcd, 0xd1, 0xb8, 0xd7, 0xe9, 0xbe,
    0x71, 0x2f, 0x44, 0xc6, 0x7e, 0xe5, 0x93, 0x57, 0xe6, 0x8b, 0x74, 0xc5, 0xa7, 0x01, 0x97, 0xf0, 0xc1, 0xfb, 0x26, 0xa9,
    0xb9, 0x81, 0xd8, 0xee, 0x58, 0x3c, 0xca, 0xa5, 0x20, 0x5d, 0x72, 0xdd, 0xc8, 0x1c, 0xc6, 0x19, 0x08, 0xaa, 0xfe, 0xb1,
    0x51, 0x33, 0xfe, 0x01, 0x76, 0x2f, 0xa9, 0xae, 0x3a, 0x07, 0xdc, 0x4c, 0x82, 0x56, 0x5f, 0xe0, 0xbe, 0xe0, 0xac, 0x94,
    0x63, 0xb8, 0x8a, 0xc8, 0x7e, 0x8f, 0xec, 0xde, 0xd0, 0xb8, 0xca, 0xd0, 0xad, 0x40, 0x0a, 0xfe, 0xc4, 0x1d, 0x50, 0x4f,
    0x3c, 0xbf, 0x45, 0x77, 0x01, 0x9b, 0xd3, 0x65, 0xca, 0x4d, 0xd1, 0x9a, 0x3a, 0x1f, 0xa5, 0x0e, 0xae, 0x80, 0xb0, 0xca,
    0xb1, 0x54, 0xd1, 0xc5, 0xda, 0xa9, 0x6d, 0x2a, 0xc7, 0xb3, 0xef, 0xf3, 0x71, 0x22, 0xee, 0x51, 0x4e, 0x4e, 0xf4, 0x6e,
    0x9c, 0x59, 0x9d, 0x7b, 0xc7, 0xea, 0x59, 0x34, 0x72, 0x9b, 0x2c, 0x67, 0xe2, 0x9f, 0x9b, 0xfd, 0x25, 0xe4, 0x96, 0x0f,
    0xee, 0xcd, 0x67, 0xd7, 0xb3, 0x35, 0x5e, 0x13, 0x80, 0xb4, 0xbf, 0xc0, 0x1d, 0x94, 0x99, 0x08, 0x8b, 0xdd, 0x55, 0x15,
    0xc8, 0x62, 0x71, 0xdf, 0xee, 0xcf, 0x0c, 0x9c, 0x9e, 0x8f, 0x45, 0x42, 0x95, 0xf8, 0x9d, 0x76, 0xf5, 0x22, 0x9e, 0x23,
    0x35, 0x65, 0xbb, 0xa6, 0xf3, 0x57, 0x49, 0xa7, 0xbe, 0xef, 0xe7, 0xcd, 0xa7, 0x96, 0xf1, 0xfb, 0xa0, 0x2f, 0x7b, 0x4e,
    0xca, 0x3b, 0x1b, 0xf4, 0xac, 0x4e, 0x88, 0x11, 0x9e, 0x0b, 0x99, 0x0c, 0x2e, 0x0f, 0x71, 0x6d, 0xb6, 0x1d, 0x9c, 0x80,
    0x85, 0x4d, 0x91, 0xcd, 0xbb, 0xd3, 0x8d, 0xa1, 0xec, 0x0e, 0x2a, 0x22, 0xa6, 0xab, 0x07, 0x8d, 0x98, 0x03, 0x9a, 0x22,
    0xd0, 0x7c, 0x67, 0xdd, 0x46, 0xcc, 0x2a, 0xee, 0x43, 0xd8, 0x7d, 0x68, 0x86, 0xef, 0x8a, 0xf5, 0xdd, 0xb1, 0x7a, 0x11,
    0xcc, 0x86, 0x9c, 0x87, 0x7d, 0x47, 0x2b, 0x76, 0x6f, 0x50, 0x41, 0x43, 0xd6, 0xe8, 0xa0, 0x29, 0x57, 0xa0, 0x31, 0x9a,
    0x69, 0xd9, 0x27, 0x34, 0x06, 0x24, 0xd7, 0x70, 0x79, 0x5b, 0xc3, 0x22, 0x4c, 0x5a, 0x76, 0xd2, 0x0c, 0x17, 0xed, 0xd8,
    0x25, 0x66, 0x45, 0x8d, 0xb8, 0x95, 0xb8, 0x96, 0xed, 0xde, 0x98, 0x2e, 0xf7, 0x6f, 0x8a, 0x8b, 0x36, 0x98, 0xb6, 0xde,
    0xe4, 0xa1, 0xbe, 0x2a, 0xbb, 0xb3, 0x5b, 0x3a, 0xe4, 0x9a, 0x72, 0x23, 0x99, 0x73, 0x75, 0xcb, 0xc2, 0xf0, 0x6c, 0x1a,
    0xcb, 0xbd, 0xca, 0xa2, 0x41, 0x62, 0x5e, 0x3d, 0xd7, 0x27, 0xc5, 0x3e, 0x20, 0x99, 0x3a, 0x93, 0xca, 0xbc, 0x94, 0xbd,
    0x98, 0x29, 0x06, 0x44, 0x73, 0xcb, 0x05, 0x9f, 0xd7, 0x7a, 0xa1, 0x65, 0x58, 0x68, 0x29, 0x85, 0x38, 0x51, 0x72, 0x5b,
    0x8d, 0x57, 0xde, 0x42, 0x9a, 0xb0, 0xfd, 0x2a, 0x17, 0x83, 0xbb, 0xff, 0x46, 0xc0, 0x47, 0xd6, 0x8f, 0x12, 0xae, 0xc9,
    0x1c, 0xa4, 0xc7, 0x9c, 0x74, 0x1f, 0x7f, 0x69, 0x8e, 0xd5, 0xf5, 0xb0, 0x7d, 0xdf, 0x5a, 0x02, 0xaa, 0x59, 0x33, 0x47,
    0x8d, 0x82, 0x71, 0x31, 0x05, 0x19, 0xa5, 0xa0, 0xc6, 0xcf, 0x36, 0x0c, 0xa3, 0xfa, 0x5d, 0xaf, 0x17, 0xee, 0xd1, 0x64,
    0x34, 0x89, 0x79, 0x79, 0x7c, 0x40, 0x9c, 0xad, 0x83, 0xf2, 0xf6, 0x5a, 0xe2, 0x8f, 0x70, 0xcb, 0x72, 0xa7, 0x27, 0x43,
    0xc3, 0x72, 0x5f, 0x5d, 0xd1, 0x5f, 0xb3, 0x4a, 0xd1, 0xe8, 0x3c, 0x57, 0xf1, 0xa3, 0x67, 0xf0, 0x51, 0x67, 0x31, 0xd9,
    0x99, 0xb4, 0x64, 0xbb, 0xa1, 0x54, 0xd0, 0x02, 0x3b, 0xd3, 0xb7, 0xa5, 0xbc, 0x45, 0x51, 0x9b, 0xaf, 0x74, 0x63, 0xd5,
    0xad, 0x46, 0x55, 0x41, 0x54, 0x3c, 0x5b, 0x5e, 0xec, 0xdb, 0xad, 0x8e, 0x6e, 0x77, 0x0c, 0x5b, 0xe1, 0x80, 0x2d, 0x75,
    0xd7, 0x96, 0x13, 0x69, 0xc3, 0xe3, 0x3a, 0x6a, 0x24, 0x9b, 0xd7, 0xd7, 0x96, 0xdd, 0xf5, 0xcd, 0x83, 0xb5, 0xe5, 0x8b,
    0x93, 0x79, 0xbf, 0xb3, 0xca, 0x3e, 0x74, 0x5d, 0xb1, 0x0b, 0xab, 0xc7, 0x85, 0xbd, 0x79, 0xf5, 0xd7, 0x2e, 0xb2, 0x6a,
    0xda, 0x84, 0x07, 0x61, 0x4b, 0xf0, 0x42, 0xc6, 0x0f, 0x08, 0xb7, 0xfe, 0xd1, 0x06, 0xb2, 0xff, 0x45, 0xa3, 0x66, 0xc7,
    0xb8, 0xa5, 0xb3, 0x6f, 0xcb, 0x4c, 0xab, 0xb2, 0x42, 0xdb, 0xbd, 0x9b, 0x26, 0x53, 0x8e, 0x77, 0xe4, 0x86, 0x12, 0x1d,
    0xf1, 0x0d, 0x5e, 0xae, 0x2b, 0x78, 0x6c, 0x0b, 0x2e, 0x3b, 0x0d, 0xa3, 0xb5, 0xe4, 0xde, 0x48, 0xe2, 0xde, 0x91, 0x01,
    0x67, 0xa3, 0x47, 0x82, 0x13, 0x13, 0xae, 0x7b, 0x59, 0x06, 0xa8, 0x5d, 0xb3, 0x00, 0x5c, 0x71, 0x52, 0xda, 0xed, 0x14,
    0xee, 0x15, 0x13, 0xf3, 0x9e, 0x8f, 0x0d, 0x15, 0xd9, 0xc4, 0xa1, 0x67, 0x69, 0x96, 0x4a, 0xb2, 0x24, 0xd0, 0xdf, 0x6d,
    0xf4, 0x8b, 0x8d, 0x07, 0xe9, 0xd1, 0x90, 0xa3, 0xde, 0x35, 0xf5, 0xc8, 0xb1, 0x9d, 0xe7, 0xbd, 0x5c, 0xcd, 0xdf, 0x7c,
    0x5a, 0x82, 0xc6, 0x35, 0x65, 0x53, 0x98, 0xd9, 0x9e, 0x2d, 0x20, 0xaf, 0x1d, 0x8f, 0x74, 0xdb, 0x5a, 0x5c, 0xd3, 0x3b,
    0x66, 0x1c, 0x8e, 0x40, 0x08, 0x28, 0xb5, 0xd3, 0x10, 0xcc, 0xce, 0x97, 0x17, 0xec, 0x62, 0x1e, 0x2c, 0x57, 0x67, 0x0c,
    0xd5, 0x55, 0x61, 0x91, 0xd6, 0x38, 0x97, 0xbe, 0x26, 0xd4, 0xa8, 0x2f, 0x85, 0xae, 0x23, 0x7d, 0x8b, 0xd0, 0x3a, 0x9c,
    0x6e, 0x3e, 0x2a, 0x9e, 0xa5, 0xfb, 0x19, 0xab, 0xc5, 0xdd, 0x61, 0x18, 0x88, 0x0a, 0x50, 0x63, 0x3c, 0xd6, 0x0f, 0x6b,
    0x65, 0x4d, 0x07, 0x36, 0x7f, 0x2b, 0xdc, 0xb0, 0xf4, 0xcc, 0x90, 0x43, 0x2d, 0x70, 0x6d, 0xbf, 0x49, 0x7f, 0x22, 0xfe,
    0xa4, 0x8d, 0x7d, 0xd6, 0x64, 0x99, 0xd8, 0x03, 0x57, 0xc5, 0x53, 0x27, 0x14, 0x29, 0xec, 0xca, 0x39, 0xe7, 0xaf, 0x76,
    0x78, 0x99, 0x2e, 0x6f, 0xd1, 0xa5, 0xa4, 0xc7, 0x7b, 0x9e, 0xf4, 0xf4, 0x67, 0x0e, 0x0a, 0x11, 0x6a, 0x2b, 0x40, 0x2f,
    0xe5, 0x16, 0x9a, 0x4c, 0x5f, 0xa0, 0xbb, 0xd6, 0xc7, 0xbd, 0x5a, 0x51, 0xf8, 0xea, 0x9d, 0x86, 0xb2, 0x11, 0xb8, 0xaa,
    0xba, 0x39, 0xf7, 0x0f, 0x6b, 0xe8, 0x8c, 0x1a, 0x70, 0xd1, 0xee, 0x0a, 0x57, 0xa8, 0x11, 0x1d, 0x79, 0x04, 0xc0, 0xf6,
    0x58, 0x85, 0x9c, 0xf2, 0x98, 0x33, 0xac, 0x1b, 0x7b, 0x90, 0xe5, 0x4c, 0xf2, 0x55, 0x4d, 0x1e, 0xaf, 0x09, 0x46, 0xea,
    0xa7, 0x6c, 0x46, 0x0f, 0x59, 0x53, 0x65, 0xd8, 0x54, 0xc7, 0x88, 0x56, 0x57, 0xc5, 0xe7, 0xb2, 0xc3, 0x67, 0x5f, 0xfb,
    0x8c, 0xd6, 0x1d, 0x24, 0xd5, 0x38, 0x89, 0xa0, 0x61, 0xdf, 0x3b, 0xca, 0x41, 0x82, 0xac, 0x79, 0xfd, 0xc1, 0x70, 0xb6,
    0x86, 0x61, 0x43, 0xa2, 0x66, 0x84, 0xee, 0x45, 0x96, 0xe5, 0xd9, 0x5b, 0x56, 0xd8, 0xcf, 0x04, 0xfb, 0x9f, 0x6a, 0x36,
    0xfe, 0x00, 0xc2, 0xfd, 0x83, 0x05, 0x9d, 0x63, 0x26, 0x36, 0x77, 0x1c, 0x6e, 0x7c, 0xbc, 0xfd, 0x56, 0x00, 0x47, 0x36,
    0xe7, 0x4f, 0xd1, 0x86, 0xb9, 0xaf, 0x1b, 0x81, 0x94, 0xe4, 0xb4, 0x82, 0xbf, 0x0d, 0xda, 0xf0, 0xa5, 0x45, 0x58, 0x76,
    0xcb, 0x2d, 0x15, 0x6d, 0x90, 0x0e, 0xff, 0x99, 0xb1, 0x28, 0xe0, 0xd8, 0x1c, 0x7a, 0x1a, 0xdf, 0x43, 0x2d, 0x02, 0xb7,
    0xdb, 0xb8, 0x41, 0xe5, 0x36, 0x6f, 0x42, 0x27, 0x0d, 0x6c, 0xd3, 0x5f, 0xc0, 0x20, 0x9d, 0xb4, 0x33, 0xe7, 0xd9, 0x68,
    0x6f, 0x8a, 0xe1, 0x6a, 0x15, 0x35, 0x1e, 0xa8, 0x37, 0x67, 0xe6, 0xc6, 0x98, 0x52, 0x5b, 0xd7, 0xd0, 0x4e, 0xd7, 0x12,
    0x04, 0x1e, 0x52, 0x09, 0x2f, 0xc5, 0x1f, 0x79, 0x95, 0x63, 0xc4, 0xae, 0x3d, 0x3b, 0xec, 0x9a, 0xe5, 0xd7, 0x35, 0x9b,
    0x83, 0xae, 0xe1, 0x39, 0x5d, 0xcb, 0x68, 0xba, 0x66, 0x03, 0x72, 0xbe, 0x66, 0xfc, 0x1b, 0x06, 0x1c, 0x5e, 0xba, 0xe3,
    0x2e, 0x95, 0xbb, 0x23, 0xb1, 0xdc, 0x6a, 0x72, 0x41, 0xf5, 0x19, 0x03, 0xeb, 0xd4, 0x99, 0x0e, 0x1b, 0x7d, 0xaf, 0xa4,
    0xe0, 0xf8, 0xb1, 0xdc, 0x07, 0x67, 0x78, 0x2f, 0x94, 0xd7, 0x11, 0x57, 0x8d, 0xf7, 0xca, 0x71, 0x29, 0x56, 0x56, 0xa0,
    0x74, 0xf4, 0x2b, 0xc5, 0xcb, 0xa5, 0x59, 0xb6, 0x76, 0xc6, 0x3c, 0x67, 0x0b, 0xb8, 0x3b, 0xd8, 0x10, 0x42, 0xf4, 0xaa,
    0xe8, 0xaa, 0x8b, 0x04, 0x91, 0xf2, 0x50, 0xfe, 0xca, 0x35, 0xec, 0x16, 0xc2, 0x56, 0x61, 0x58, 0xa1, 0xed, 0xf1, 0xd2,
    0xdb, 0x52, 0x9e, 0x81, 0x78, 0x2e, 0xcf, 0x09, 0x48, 0xd8, 0xcb, 0x70, 0x5c, 0xda, 0x5e, 0xce, 0x5a, 0x12, 0x96, 0x49,
    0xf0, 0x29, 0x0f, 0xf4, 0xb4, 0x68, 0x99, 0xb0, 0x4c, 0x9a, 0xaa, 0x8f, 0xe7, 0xe7, 0x61, 0x1b, 0xce, 0xee, 0x2d, 0x8d,
    0x78, 0x41, 0x11, 0xaa, 0x67, 0x69, 0xca, 0xd8, 0x23, 0xbb, 0xce, 0x32, 0x69, 0x53, 0x0f, 0x6c, 0x2c, 0x04, 0xef, 0x45,
    0x3a, 0x09, 0x8c, 0xea, 0xb8, 0x42, 0x20, 0x97, 0x87, 0x57, 0x7c, 0x34, 0x51, 0x0a, 0x96, 0xc1, 0xf7, 0x19, 0xfd, 0x38,
    0x0b, 0xda, 0xaf, 0x7b, 0xe6, 0x2e, 0x3c, 0x31, 0x5c, 0xb9, 0x67, 0x86, 0x16, 0x6c, 0x1a, 0xdf, 0x45, 0x11, 0x15, 0xdc,
    0x8a, 0xd3, 0xa6, 0xe7, 0x00, 0xe3, 0x4d, 0x9e, 0x21, 0x0b, 0x52, 0xfa, 0x7e, 0xcd, 0xe0, 0xf0, 0x43, 0xff, 0x37, 0x94,
    0x23, 0x93, 0x2e, 0xda, 0x66, 0x76, 0x9b, 0x36, 0x9a, 0xff, 0x14, 0xc7, 0x4e, 0x33, 0xfb, 0xff, 0x3c, 0x87, 0x81, 0x00,
    0x57, 0x0b, 0x18, 0x18, 0x88, 0xb6, 0xb2, 0xb2, 0x2f, 0xea, 0xc5, 0x3f, 0x05, 0xbc, 0x4b, 0x42, 0x85, 0x3b, 0xf8, 0xe6,
    0x40, 0x40, 0xe9, 0x86, 0xba, 0x8e, 0x46, 0x1c, 0xe3, 0xd1, 0x41, 0x43, 0xdd, 0x4b, 0x6f, 0x6f, 0x5d, 0x6b, 0x40, 0x30,
    0x48, 0xfd, 0x18, 0x27, 0x67, 0x0d, 0xd8, 0xb9, 0xf4, 0x25, 0x73, 0x88, 0x90, 0x0d, 0x43, 0xf7, 0xbc, 0x25, 0xbe, 0xb2,
    0x47, 0x08, 0xe8, 0x36, 0x54, 0xf4, 0xc2, 0x3b, 0x32, 0xba, 0xc7, 0xbf, 0x82, 0xb7, 0x48, 0x2e, 0xf7, 0xbf, 0xec, 0x5d,
    0x50, 0xeb, 0xa7, 0x88, 0x78, 0x18, 0xf7, 0x2c, 0xec, 0xb2, 0x6f, 0x40, 0xaf, 0x52, 0xc6, 0x99, 0x2c, 0x9f, 0x32, 0x4c,
    0x19, 0xac, 0x66, 0x96, 0xf3, 0x05, 0xd5, 0x90, 0xe5, 0xd5, 0x39, 0xe6, 0xdb, 0x9a, 0x6a, 0xf2, 0xfb, 0x02, 0x7c, 0xa3,
    0xd1, 0xea, 0xad, 0x4a, 0xb8, 0xe0, 0x96, 0x22, 0x1f, 0x66, 0x9b, 0x0b, 0x44, 0xd6, 0x01, 0xbf, 0x23, 0xdd, 0xdf, 0x1f,
    0x88, 0xf9, 0x17, 0xa3, 0xe9, 0x5d, 0x09, 0xbe, 0x7c, 0xdb, 0xc0, 0xe7, 0x0d, 0x0f, 0xe2, 0x55, 0xb5, 0x41, 0x9c, 0x8a,
    0x57, 0x94, 0x14, 0x87, 0x18, 0xbd, 0xa5, 0x59, 0xd1, 0x68, 0xa7, 0x5b, 0xa1, 0xc2, 0x4d, 0xbe, 0x37, 0xb6, 0x3b, 0x76,
    0x20, 0xac, 0x75, 0x14, 0x50, 0x3f, 0xac, 0xee, 0xe3, 0xa9, 0x15, 0xeb, 0x5b, 0xff, 0xf8, 0xd3, 0xb3, 0x33, 0x5c, 0x9d,
    0x8d, 0x37, 0x87, 0xe7, 0xbf, 0x3f, 0xfe, 0xfc, 0xf5, 0xd6, 0x58, 0xe5, 0xdd, 0x08, 0x52, 0xb3, 0x06, 0xdb, 0xa8, 0xee,
    0x89, 0xfb, 0x27, 0x12, 0x0a, 0x3f, 0x7f, 0xc4, 0xa7, 0xfb, 0x11, 0x4d, 0x60, 0x3a, 0x0d, 0x81, 0x58, 0xde, 0xbe, 0x71,
    0xed, 0xef, 0x74, 0x1f, 0xae, 0xe9, 0xa1, 0xba, 0x48, 0x6a, 0x6e, 0x96, 0xda, 0x86, 0xee, 0x32, 0x70, 0xe5, 0x05, 0x2b,
    0xa8, 0xf5, 0xd7, 0x7b, 0x48, 0x02, 0xee, 0x8c, 0xa5, 0x22, 0x85, 0xba, 0xdd, 0x10, 0xbd, 0x30, 0xbd, 0xad, 0x11, 0x54,
    0x18, 0xcf, 0xae, 0xf0, 0xed, 0xc9, 0xb7, 0x08, 0x46, 0x04, 0x5d, 0xa1, 0x58, 0x14, 0xec, 0xa2, 0x56, 0xc7, 0x52, 0x93,
    0x59, 0xa9, 0x48, 0x02, 0x09, 0x9a, 0xe5, 0xe7, 0x05, 0x66, 0x41, 0x4e, 0x51, 0xa8, 0x79, 0x1a, 0x35, 0xac, 0x54, 0x50,
    0xb0, 0x35, 0xcd, 0xa3, 0x3c, 0x2e, 0x9a, 0xc1, 0x6d, 0x17, 0xa9, 0xcc, 0x62, 0x53, 0x0f, 0x74, 0x1d, 0x43, 0x20, 0x7a,
    0x07, 0x6c, 0xb1, 0x5a, 0x07, 0x62, 0x32, 0x51, 0x7b, 0xfa, 0x99, 0xbd, 0x9b, 0xbd, 0x7d, 0xf3, 0x70, 0x77, 0xfb, 0x09,
    0x7f, 0x9f, 0x3c, 0xdc, 0x91, 0xf7, 0xa3, 0x27, 0x9a, 0x7e, 0x60, 0xf2, 0x8f, 0x0e, 0x77, 0xe5, 0xf7, 0xc5, 0xe3, 0x1d,
    0x29, 0xc7, 0x0b, 0xe1, 0x5d, 0xb9, 0xdb, 0xbd, 0xa3, 0xbf, 0xdf, 0xbc, 0xdc, 0x6e, 0x92, 0xaf, 0x44, 0xa3, 0x43, 0x30,
    0xc5, 0xdb, 0x35, 0xaf, 0xb7, 0xa5, 0x22, 0x53, 0xf1, 0xc2, 0x8b, 0xf9, 0xd6, 0xbf, 0xc1, 0xd6, 0x19, 0x15, 0x13, 0x21,
    0x41, 0x3a, 0xee, 0x62, 0x36, 0x26, 0xbe, 0x99, 0x1e, 0x29, 0xf6, 0xf0, 0x90, 0xbb, 0x5f, 0xe8, 0x37, 0x74, 0x4c, 0x9b,
    0xf8, 0xd5, 0x87, 0xed, 0x99, 0xd5, 0x69, 0x88, 0xae, 0xf6, 0x8c, 0xe4, 0xca, 0x8b, 0xbc, 0x20, 0xe5, 0xff, 0x85, 0x63,
    0x54, 0xe7, 0x3e, 0xe3, 0xf9, 0x19, 0xf1, 0xaa, 0x2f, 0x0e, 0xba, 0x24, 0x5a, 0xa3, 0x6b, 0x1f, 0x3b, 0xed, 0x4d, 0xdf,
    0xef, 0xff, 0x12, 0xb9, 0xb8, 0x10, 0xfd, 0x57, 0xfc, 0x40, 0xaa, 0xc2, 0x5d, 0x44, 0x75, 0xc4, 0xf0, 0x96, 0xf5, 0xb0,
    0xcd, 0x23, 0xb9, 0x61, 0xfb, 0x89, 0xfc, 0x7d, 0xd8, 0xa9, 0x6e, 0xd8, 0xc7, 0x93, 0xf7, 0x8c, 0x84, 0x41, 0xc7, 0x49,
    0x62, 0x12, 0xee, 0xc1, 0x10, 0xac, 0xb8, 0xec, 0xd7, 0x3e, 0xeb, 0xe1, 0xe8, 0xa3, 0x87, 0x96, 0x7b, 0x38, 0xfd, 0xa5,
    0xa1, 0xad, 0x87, 0xab, 0x9d, 0xbd, 0x6f, 0xf0, 0xef, 0x49, 0x5d, 0xb4, 0x4f, 0x7c, 0xd1, 0x0e, 0xd8, 0x26, 0x22, 0xda,
    0x29, 0x7f, 0xa5, 0xee, 0x83, 0x47, 0x14, 0xad, 0xf2, 0xf8, 0xf8, 0x91, 0x48, 0x52, 0xd3, 0x6b, 0xc3, 0xc4, 0xd0, 0x51,
    0x6a, 0x1c, 0x78, 0x7f, 0x78, 0xe7, 0x23, 0x3b, 0x8f, 0xcd, 0x01, 0x89, 0x37, 0x73, 0x73, 0x13, 0x54, 0x92, 0x13, 0x27,
    0x21, 0x17, 0x85, 0x31, 0xf0, 0x38, 0xce, 0x4c, 0x98, 0x1e, 0x9c, 0x8d, 0x79, 0xa4, 0xfb, 0x88, 0x9e, 0xfa, 0x26, 0x99,
    0xe7, 0x2a, 0xbb, 0xbb, 0xe2, 0x6c, 0x25, 0x86, 0xd6, 0x9c, 0x0a, 0x62, 0xb5, 0xda, 0x79, 0xb8, 0xa0, 0x32, 0x6e, 0x0d,
    0x89, 0xeb, 0xce, 0x38, 0x38, 0x97, 0xa8, 0x36, 0x5a, 0x7a, 0x14, 0xe1, 0x0e, 0x33, 0xdc, 0x51, 0x83, 0x3d, 0xe4, 0x10,
    0xa7, 0x86, 0x3f, 0x7c, 0xe6, 0xb0, 0xa1, 0xb7, 0x18, 0xd9, 0xf8, 0x1d, 0x40, 0x33, 0x30, 0xd4, 0x41, 0xab, 0x9d, 0xb3,
    0x38, 0xd0, 0x2c, 0xc8, 0xff, 0x57, 0xa0, 0x49, 0xc8, 0xcd, 0x2f, 0xc3, 0x66, 0xc2, 0xf7, 0xd1, 0x12, 0xec, 0x47, 0xf2,
    0x6b, 0x75, 0x3a, 0xce, 0x94, 0xbc, 0x2e, 0xe6, 0x83, 0xb2, 0xcf, 0xda, 0x6d, 0x0e, 0x3d, 0xfa, 0x43, 0x5c, 0x0f, 0x9e,
    0x4e, 0xc3, 0xcf, 0xc4, 0xf6, 0xb3, 0x65, 0x02, 0x31, 0x18, 0x76, 0xcf, 0xac, 0x1e, 0x43, 0xc2, 0x70, 0x3b, 0x66, 0x17,
    0x88, 0x24, 0x32, 0xf2, 0xca, 0x12, 0xdb, 0x52, 0x04, 0xc1, 0x6e, 0x43, 0xbb, 0x40, 0x94, 0x2e, 0xff, 0x94, 0xdb, 0x6d,
    0x54, 0xf5, 0x4e, 0xb4, 0x08, 0x8a, 0x83, 0xe9, 0x9c, 0x19, 0xdd, 0x9a, 0x7b, 0xc6, 0x98, 0x47, 0xa6, 0x5d, 0x16, 0xec,
    0x8d, 0x6e, 0x73, 0xd3, 0x90, 0xc3, 0xfd, 0x86, 0x4b, 0xec, 0x41, 0xfd, 0x9a, 0x73, 0x95, 0x7a, 0xb2, 0x69, 0x5e, 0x93,
    0x2f, 0x9b, 0x71, 0x91, 0x92, 0x26, 0x02, 0x37, 0x29, 0xf0, 0x00, 0x77, 0xdc, 0xc7, 0xdc, 0xf9, 0x8d, 0xf1, 0x6b, 0xeb,
    0xca, 0xe2, 0x6a, 0xf3, 0xb8, 0x43, 0x6a, 0xd1, 0xb3, 0xa7, 0xa3, 0x61, 0x0c, 0x4c, 0x20, 0x04, 0x77, 0x22, 0x28, 0xdb,
    0x2a, 0x97, 0x68, 0xa3, 0x17, 0x30, 0x63, 0xa7, 0x96, 0xb1, 0x6b, 0x33, 0x76, 0x6b, 0x19, 0x7e, 0xa0, 0x82, 0xfa, 0x1d,
    0xff, 0x71, 0xd2, 0x74, 0x71, 0xdf, 0xf7, 0x2c, 0x26, 0x41, 0xbc, 0x83, 0x65, 0x6e, 0x5c, 0xf8, 0x1e, 0x08, 0xd9, 0x25,
    0xb7, 0xee, 0x63, 0xc7, 0x8c, 0x17, 0x39, 0x55, 0xe3, 0xbf, 0xbf, 0x7f, 0x6d, 0x30, 0xab, 0x3a, 0x31, 0xde, 0x95, 0x2e,
    0xba, 0x66, 0x0a, 0xd9, 0x98, 0x1e, 0x04, 0x53, 0x4a, 0x62, 0xe8, 0x88, 0x7c, 0xc9, 0x00, 0x5f, 0x75, 0x31, 0xc6, 0x86,
    0x40, 0xe3, 0xb8, 0x6c, 0x57, 0x35, 0x84, 0x2e, 0xb8, 0xe3, 0xbc, 0x24, 0x2a, 0x55, 0xb8, 0x69, 0x03, 0x29, 0x2f, 0xa7,
    0xfc, 0x81, 0x16, 0x08, 0xb6, 0x90, 0xb9, 0x84, 0xf8, 0x84, 0xee, 0x34, 0xbd, 0x68, 0x75, 0xaa, 0x06, 0xa9, 0x55, 0x3e,
    0xe5, 0x78, 0x2c, 0x1e, 0xcc, 0xf1, 0x39, 0xc3, 0x92, 0xdd, 0xb2, 0xfd, 0x50, 0xdb, 0xaf, 0x55, 0xb6, 0x38, 0xe8, 0x42,
    0xd8, 0x9b, 0xbd, 0x4f, 0xc6, 0x64, 0x6b, 0xf5, 0xf5, 0x0c, 0x43, 0xfe, 0x02, 0x5a, 0x59, 0x00, 0x1c, 0x28, 0x5a, 0xae,
    0x3c, 0x0c, 0x90, 0xc0, 0x13, 0x06, 0xb7, 0x2d, 0xb1, 0x96, 0x33, 0x82, 0xda, 0x93, 0x8b, 0xe2, 0xed, 0x9a, 0x3a, 0x50,
    0x1d, 0xfd, 0x68, 0xd8, 0x4d, 0xef, 0xe8, 0x07, 0x92, 0xa2, 0xde, 0xa1, 0x98, 0xce, 0x08, 0xb0, 0xd3, 0x9d, 0x5a, 0x2d,
    0xa3, 0xe0, 0xaa, 0xd2, 0x24, 0xf1, 0xd9, 0xe2, 0xe9, 0x18, 0x67, 0x9b, 0x22, 0xba, 0x70, 0x72, 0xc6, 0x37, 0xc6, 0x21,
    0x2c, 0xe0, 0xce, 0xb1, 0x59, 0xa4, 0x88, 0xea, 0xcd, 0xc8, 0x74, 0xf8, 0xd4, 0xd5, 0x44, 0xc2, 0x4d, 0x61, 0xbb, 0x1c,
    0xc9, 0x45, 0xea, 0xaa, 0x60, 0xbd, 0x8c, 0xbc, 0xd7, 0x0a, 0x4d, 0xb3, 0x59, 0x26, 0xd1, 0x3e, 0xbd, 0x82, 0x6f, 0x90,
    0x86, 0x72, 0x26, 0xba, 0x4c, 0x26, 0x91, 0x76, 0x25, 0x1a, 0xdb, 0xaa, 0xef, 0x05, 0xe4, 0x14, 0x73, 0xdb, 0xda, 0x9e,
    0x69, 0xa2, 0x8b, 0x18, 0xf5, 0x63, 0x7a, 0xa2, 0xfd, 0x0e, 0x13, 0x83, 0x75, 0x97, 0x82, 0xf4, 0xba, 0x78, 0x2b, 0x4f,
    0x4d, 0xea, 0x4a, 0x15, 0xa4, 0xe4, 0x8f, 0xda, 0x43, 0xb4, 0xe7, 0x55, 0x8b, 0x88, 0x40, 0xc2, 0x28, 0x03, 0x68, 0xba,
    0x6e, 0x11, 0x51, 0x93, 0x9d, 0x87, 0x62, 0x95, 0x16, 0x15, 0x5a, 0x82, 0xe1, 0xec, 0xe9, 0x8f, 0x4c, 0x0f, 0xe9, 0xca,
    0x43, 0x48, 0xc7, 0xc7, 0x4e, 0x3b, 0x68, 0xb1, 0x72, 0xbb, 0x34, 0xd5, 0x0c, 0x4e, 0x2c, 0x45, 0xae, 0x7a, 0x92, 0x55,
    0x83, 0xd9, 0xf0, 0xc8, 0xc9, 0x85, 0xc2, 0xb3, 0x13, 0xd4, 0x71, 0x76, 0x39, 0xdf, 0x21, 0x12, 0xa5, 0x5e, 0xd9, 0x20,
    0x77, 0x6d, 0x11, 0x01, 0xbe, 0x87, 0x74, 0xc5, 0xbf, 0xa9, 0x65, 0xee, 0x6c, 0x77, 0x1a, 0x38, 0x36, 0xae, 0x4f, 0xf6,
    0xd5, 0x47, 0xcd, 0xfd, 0x87, 0x20, 0xa2, 0x3b, 0xdb, 0x3f, 0xfc, 0xef, 0x0f, 0x2d, 0xc7, 0xb4, 0xce, 0x02, 0x82, 0x71,
    0x24, 0xe6, 0x13, 0xe5, 0x79, 0xaf, 0xc8, 0xa6, 0x3e, 0x0b, 0x1b, 0x1a, 0xef, 0x35, 0xe3, 0x9b, 0xd7, 0xfa, 0x66, 0xd7,
    0x38, 0xd3, 0xc1, 0x2b, 0x41, 0xb8, 0x77, 0x3a, 0x54, 0x59, 0xe1, 0x3b, 0x6b, 0x09, 0x34, 0xd6, 0x5f, 0x6b, 0xa5, 0xf6,
    0x57, 0xac, 0xce, 0x51, 0xf2, 0xc8, 0xe0, 0xab, 0xae, 0x6d, 0xad, 0xd9, 0xef, 0xcb, 0x6f, 0x4a, 0xf6, 0xb1, 0xe8, 0xd0,
    0xe3, 0x39, 0x06, 0xc1, 0xb7, 0x0b, 0x75, 0x7b, 0xc9, 0xc5, 0x94, 0xe7, 0x3e, 0xc3, 0x4e, 0x9b, 0xd9, 0xea, 0xb9, 0x18,
    0x4f, 0x5b, 0x67, 0x5f, 0xfd, 0xf2, 0xcb, 0xf9, 0xd6, 0x45, 0x57, 0x2d, 0x02, 0xc2, 0x89, 0x66, 0xa1, 0x89, 0xfa, 0x5e,
    0x6d, 0xba, 0x3a, 0x35, 0x16, 0xe2, 0x85, 0x34, 0x64, 0x64, 0x6a, 0x8f, 0x95, 0x54, 0x87, 0x0c, 0x76, 0xe5, 0xb5, 0x14,
    0x17, 0x82, 0x08, 0x29, 0x6c, 0x55, 0x15, 0x1b, 0xe2, 0xf1, 0x3f, 0xce, 0x4b, 0xe5, 0x9e, 0x88, 0xb8, 0x78, 0x52, 0xff,
    0x68, 0x23, 0x4a, 0xe4, 0xbf, 0x10, 0x23, 0xf2, 0x5f, 0x8c, 0x10, 0xb9, 0xfb, 0xac, 0x43, 0x65, 0x24, 0xbd, 0x49, 0x07,
    0xed, 0xa1, 0x6a, 0x22, 0x3c, 0x81, 0x38, 0x3b, 0xef, 0x50, 0x8a, 0xaa, 0xdb, 0x94, 0xac, 0x25, 0x00, 0x22, 0xd9, 0x15,
    0xd6, 0x7e, 0xe9, 0x9d, 0xfd, 0xa3, 0x77, 0x7e, 0xff, 0xeb, 0x2d, 0xc1, 0x5b, 0x95, 0xfe, 0x0f, 0x8e, 0xe3, 0xd7, 0xad,
    0x71, 0x2d, 0xf9, 0xec, 0x1f, 0x55, 0x44, 0xaa, 0x4d, 0xc5, 0xf6, 0xaf, 0xb4, 0xb8, 0x88, 0xb9, 0x17, 0x34, 0xce, 0x5d,
    0x07, 0x7a, 0x16, 0x2c, 0x30, 0x0c, 0xd8, 0x5d, 0x34, 0x20, 0x4f, 0x10, 0x1f, 0xc9, 0x52, 0x66, 0xc4, 0xae, 0xbf, 0x1f,
    0x89, 0xe5, 0xc5, 0x30, 0x36, 0x14, 0xec, 0x51, 0x90, 0xae, 0x36, 0xc1, 0x30, 0x59, 0x12, 0xed, 0xca, 0xf2, 0x2e, 0x89,
    0xcf, 0xc9, 0x9d, 0xb4, 0x66, 0x19, 0x3c, 0xa6, 0x75, 0xef, 0xd7, 0x61, 0x62, 0xc4, 0xf5, 0x11, 0x62, 0xc2, 0x89, 0xaa,
    0x40, 0xde, 0x94, 0x18, 0x96, 0x05, 0x3d, 0x7d, 0xce, 0xfe, 0x38, 0xb3, 0x28, 0x73, 0x30, 0xc9, 0xfa, 0xed, 0xb3, 0xb8,
    0x7f, 0xce, 0xcd, 0x80, 0x20, 0xc6, 0xc1, 0x46, 0x02, 0xe8, 0xf1, 0x0d, 0x3d, 0xc0, 0xa0, 0xf2, 0x3a, 0xbb, 0xa6, 0x8f,
    0x48, 0xa1, 0x1e, 0x46, 0x56, 0x15, 0x4c, 0x29, 0xb9, 0x5a, 0x5b, 0xae, 0x4d, 0x78, 0xc6, 0xa7, 0x08, 0x5f, 0xc7, 0x18,
    0x7b, 0xef, 0x7e, 0x38, 0xe1, 0x17, 0x26, 0xfa, 0x59, 0x42, 0xfe, 0x97, 0x48, 0x98, 0xb1, 0xb1, 0x09, 0xa5, 0x8c, 0xb0,
    0xe8, 0xf0, 0x36, 0x6b, 0xa9, 0x80, 0x52, 0x21, 0xd8, 0x20, 0xd0, 0x2a, 0x8a, 0xf4, 0x71, 0x66, 0x09, 0x53, 0x79, 0x17,
    0x85, 0xdc, 0xc6, 0x97, 0x24, 0xa8, 0x89, 0xca, 0xf9, 0x7f, 0x21, 0x42, 0x19, 0x5b, 0x42, 0xf0, 0x6f, 0xa8, 0xaf, 0x41,
    0xe2, 0x0c, 0x67, 0x76, 0x01, 0x38, 0x8a, 0x9c, 0xad, 0x50, 0x5d, 0x8d, 0xe8, 0x42, 0x1a, 0xc5, 0x34, 0x19, 0x7c, 0x72,
    0xe5, 0x3c, 0x23, 0x39, 0x3f, 0x95, 0x09, 0x98, 0x0d, 0x60, 0x41, 0xfd, 0xfb, 0xfb, 0x57, 0x2f, 0x32, 0x44, 0xe3, 0x9f,
    0x89, 0xe4, 0xda, 0x12, 0x0e, 0xc5, 0x95, 0x0c, 0xcb, 0x57, 0x2c, 0xdf, 0x1e, 0x85, 0xe1, 0x6f, 0x53, 0x5c, 0x24, 0x5b,
    0x0d, 0xa3, 0xcb, 0xab, 0x5d, 0x4e, 0x2f, 0xbb, 0xe4, 0xa5, 0xef, 0x1c, 0x01, 0x13, 0x2b, 0x65, 0x2a, 0xe7, 0x71, 0x62,
    0xb9, 0x28, 0xaa, 0xb9, 0xcd, 0x43, 0x0a, 0x6f, 0x9a, 0xa4, 0xd8, 0xf7, 0x65, 0xbd, 0x1b, 0x95, 0x37, 0x61, 0xfe, 0xcb,
    0x94, 0x7e, 0x07, 0x4a, 0xa8, 0x84, 0x58, 0xa3, 0x42, 0xf5, 0xb9, 0x7e, 0xae, 0x36, 0x45, 0xb0, 0xe6, 0x1f, 0x27, 0xd7,
    0x6d, 0x18, 0x70, 0xe8, 0x92, 0xee, 0xa4, 0x9b, 0xf1, 0x12, 0x6e, 0x45, 0x9b, 0xbd, 0xad, 0xed, 0x9d, 0xdd, 0x07, 0x0f,
    0x1f, 0x3d, 0xfe, 0xe6, 0xc9, 0x5f, 0xf7, 0x9e, 0xbf, 0x79, 0xd7, 0xea, 0xc1, 0xec, 0x8a, 0x8d, 0x56, 0x4b, 0x84, 0x5b,
    0x9c, 0x84, 0xd7, 0xf5, 0xe9, 0x91, 0xac, 0x7e, 0xd3, 0xab, 0x2e, 0xe8, 0x92, 0xf9, 0x50, 0x3c, 0xe2, 0x11, 0xef, 0x8d,
    0x97, 0x77, 0xd6, 0x38, 0x65, 0x3a, 0xa9, 0x04, 0xa8, 0xb0, 0x21, 0x59, 0xf1, 0xf6, 0x8e, 0xe9, 0x29, 0xd9, 0x4f, 0x19,
    0x54, 0x54, 0xfb, 0x51, 0x51, 0x17, 0x8a, 0xa7, 0xd6, 0xb6, 0x0d, 0x63, 0x15, 0x17, 0x03, 0xd5, 0x5d, 0x2a, 0x38, 0x51,
    0x41, 0xfa, 0xb0, 0x9e, 0x74, 0x07, 0xd9, 0xcd, 0x73, 0x2d, 0x05, 0xc2, 0x66, 0x26, 0x82, 0x6e, 0x63, 0x69, 0x36, 0x66,
    0x9b, 0x31, 0x3e, 0xb1, 0x97, 0x83, 0xd3, 0x3b, 0x35, 0x7f, 0x98, 0xd6, 0x1b, 0xd8, 0x35, 0x0d, 0x5c, 0x4c, 0x96, 0xf3,
    0xdb, 0x1d, 0xaf, 0xd5, 0xdf, 0x61, 0x65, 0x84, 0x83, 0x91, 0x69, 0x61, 0x12, 0x74, 0x3e, 0x5d, 0x05, 0xfe, 0x35, 0x7c,
    0xfe, 0xd4, 0x55, 0xdd, 0x73, 0x27, 0x5f, 0x57, 0xf8, 0xbd, 0xf5, 0xce, 0xdd, 0xb6, 0xf8, 0xfb, 0x52, 0x8d, 0x0a, 0x37,
    0xe2, 0xbf, 0xfd, 0xa5, 0xe2, 0x1e, 0x2a, 0x6c, 0x17, 0xd7, 0xfe, 0x2d, 0x22, 0x6c, 0xf5, 0xba, 0x81, 0x77, 0x08, 0x49,
    0x3c, 0xe7, 0xae, 0x73, 0x54, 0x73, 0x1b, 0xa1, 0xe3, 0x78, 0x82, 0xf4, 0xfe, 0x58, 0x0e, 0x33, 0x6a, 0x71, 0x44, 0xec,
    0xfd, 0x4c, 0x84, 0x9f, 0x12, 0x9b, 0x6f, 0x24, 0xc7, 0xf6, 0xf7, 0xae, 0xe5, 0xaf, 0x38, 0xb4, 0x5f, 0xeb, 0xee, 0x77,
    0xa4, 0x3f, 0xce, 0x37, 0x1f, 0xdb, 0x6b, 0x9a, 0x15, 0xde, 0x57, 0x01, 0x70, 0x06, 0xd6, 0x9f, 0xd9, 0x46, 0xb2, 0xeb,
    0x90, 0x2e, 0x6b, 0x01, 0x52, 0x86, 0xc3, 0x96, 0xd0, 0xae, 0xef, 0xb8, 0xcd, 0x05, 0x82, 0x75, 0x6a, 0x1f, 0xec, 0x65,
    0x7d, 0xd9, 0xc6, 0xd7, 0x1c, 0xb5, 0x51, 0x42, 0x8a, 0xc1, 0x15, 0x9f, 0xd1, 0xf6, 0x4c, 0x3c, 0xc1, 0xe6, 0xa1, 0xd1,
    0xe9, 0x79, 0xb4, 0xc6, 0x19, 0x58, 0xf2, 0x8c, 0xbd, 0x8b, 0xb5, 0x75, 0x2b, 0x3e, 0xf6, 0x3d, 0x82, 0xbd, 0xed, 0xf1,
    0xef, 0xd1, 0x02, 0x5e, 0x59, 0x6a, 0x1f, 0x7f, 0xc1, 0x08, 0xca, 0xa5, 0x58, 0xfc, 0x10, 0x6d, 0x98, 0x50, 0xc0, 0xea,
    0x05, 0x2c, 0x27, 0x57, 0x7b, 0x4d, 0xb3, 0xa3, 0xb6, 0xc6, 0xa9, 0xf1, 0x21, 0x95, 0xeb, 0xee, 0x7b, 0x3c, 0x87, 0x4e,
    0xe0, 0x67, 0xb7, 0x39, 0xd1, 0x59, 0xd9, 0xd3, 0xb9, 0xf9, 0x5c, 0xdd, 0xe2, 0x67, 0xb0, 0x2e, 0xee, 0xe7, 0x09, 0x89,
    0x92, 0xbe, 0xd5, 0xe9, 0x61, 0x57, 0x7b, 0xb2, 0xbf, 0x61, 0xd2, 0x56, 0x25, 0xcb, 0x85, 0x88, 0x33, 0xd6, 0x86, 0x77,
    0xcc, 0x45, 0x8f, 0xed, 0xba, 0x0b, 0x57, 0xb6, 0xf1, 0xb8, 0x6f, 0x70, 0xf5, 0xdc, 0x63, 0xda, 0xac, 0x43, 0xe8, 0xae,
    0x4c, 0x1e, 0xb1, 0xfd, 0x23, 0xcd, 0x4f, 0x62, 0x87, 0xe9, 0x2f, 0xcb, 0xb4, 0x01, 0xc3, 0x92, 0x97, 0x09, 0xa0, 0x38,
    0xd1, 0x0d, 0x00, 0x85, 0xa6, 0x6f, 0xee, 0xef, 0x90, 0x04, 0x85, 0x96, 0xbb, 0x96, 0x0d, 0x34, 0xda, 0x8c, 0x4d, 0x40,
    0x9f, 0xe4, 0x4a, 0x02, 0xa5, 0xcd, 0xca, 0x07, 0xbb, 0x62, 0x45, 0x7c, 0x58, 0x19, 0x8b, 0x6f, 0x1d, 0x34, 0xba, 0xef,
    0x2d, 0x10, 0xfd, 0xa9, 0x37, 0xe2, 0x9f, 0x6b, 0xfe, 0xc1, 0x94, 0xf0, 0x27, 0x59, 0xca, 0x5f, 0x42, 0x72, 0xd7, 0x8e,
    0x33, 0xa0, 0xbd, 0xd6, 0x79, 0x46, 0x84, 0x12, 0xf5, 0x5f, 0x84, 0x44, 0x91, 0x25, 0x17, 0xc8, 0x74, 0x02, 0x80, 0x22,
    0xee, 0x1a, 0xd7, 0xcc, 0x88, 0x27, 0x12, 0x9d, 0x86, 0x45, 0x49, 0xcd, 0x60, 0x32, 0x8c, 0x05, 0xcc, 0x0f, 0x9e, 0x0c,
    0x24, 0x2e, 0xf7, 0x16, 0x02, 0x8f, 0xa5, 0x25, 0xe4, 0x36, 0x36, 0xa6, 0xd3, 0x56, 0x75, 0x24, 0x85, 0x4d, 0xff, 0x7f,
    0x9f, 0xdd, 0xc2, 0xdd, 0x75, 0x18, 0x37, 0xdc, 0x73, 0x18, 0xd7, 0xee, 0x38, 0x8c, 0x9b, 0xee, 0x37, 0x8c, 0x6b, 0x77,
    0x1b, 0x4c, 0x00, 0x02, 0x7b, 0x5a, 0xed, 0x9f, 0xe8, 0xea, 0x59, 0x35, 0xac, 0xcf, 0x8e, 0xbf, 0x7d, 0x90, 0x3b, 0x0d,
    0x5d, 0xf1, 0xba, 0x1e, 0x8f, 0x68, 0x81, 0xf6, 0xdc, 0xe9, 0x82, 0xac, 0xa6, 0x7b, 0x0f, 0x34, 0xd1, 0xde, 0x62, 0x47,
    0x4c, 0x64, 0x5c, 0x12, 0xc9, 0x01, 0x2f, 0x32, 0x00, 0x2e, 0xc0, 0xe2, 0x8f, 0xdf, 0x88, 0x18, 0xf3, 0x36, 0x84, 0x38,
    0xf8, 0x25, 0xd7, 0x1d, 0xbd, 0xf7, 0x20, 0x5e, 0x7c, 0xc9, 0xc8, 0xbc, 0x25, 0xd7, 0xec, 0xa1, 0xf2, 0x13, 0xf6, 0x6f,
    0x41, 0xfc, 0xff, 0xb3, 0xfc, 0x20, 0x54, 0xfe, 0xa1, 0x68, 0x09, 0xbf, 0x6f, 0x5c, 0x48, 0xcc, 0x73, 0xf2, 0x6b, 0xb2,
    0x6c, 0xac, 0xa0, 0xf7, 0x12, 0xe3, 0xde, 0xe3, 0x69, 0x1f, 0x44, 0x40, 0x6f, 0xf3, 0x92, 0x89, 0x64, 0xbe, 0xd8, 0xd3,
    0x9b, 0x64, 0xbc, 0x4c, 0x86, 0xaf, 0x17, 0x1d, 0xbf, 0xe6, 0x77, 0x58, 0x56, 0xcb, 0xf3, 0x90, 0xe4, 0xe2, 0xf8, 0x43,
    0x63, 0x53, 0x8f, 0x24, 0xaf, 0xd6, 0xd0, 0x9b, 0x35, 0x0d, 0x51, 0x39, 0xba, 0x78, 0x63, 0x1b, 0xf2, 0xef, 0x7d, 0x05,
    0xc5, 0xd0, 0xa1, 0x14, 0xac, 0xb5, 0xfa, 0x76, 0xa1, 0x1f, 0x69, 0xe0, 0x57, 0x9a, 0x38, 0xbc, 0xb7, 0x1a, 0x0a, 0x7b,
    0xb5, 0xfe, 0x5f, 0x59, 0xfb, 0x6d, 0x50, 0x1b, 0xef, 0xfa, 0x6d, 0xa8, 0x95, 0xd2, 0x82, 0x8c, 0xb7, 0x26, 0x0a, 0xbc,
    0x67, 0x97, 0x20, 0x82, 0x3d, 0x2f, 0x0a, 0xf6, 0x6e, 0x5c, 0x28, 0xac, 0xbb, 0x87, 0xf9, 0x86, 0x94, 0xf5, 0x93, 0x30,
    0x60, 0xb5, 0xdc, 0x97, 0xa4, 0x34, 0xe3, 0x9f, 0xfa, 0x01, 0x29, 0x93, 0x63, 0x3e, 0x27, 0xa5, 0x59, 0x39, 0x3f, 0x20,
    0x65, 0x32, 0xe4, 0x63, 0x52, 0xea, 0x56, 0xe1, 0xfb, 0x2d, 0xe8, 0xf4, 0x76, 0xd6, 0x99, 0xc0, 0x8c, 0xbd, 0xca, 0xd2,
    0x86, 0x96, 0x3e, 0x1b, 0x27, 0xe7, 0xb5, 0xb3, 0x3a, 0x74, 0x60, 0x2a, 0xf8, 0x87, 0x6a, 0x46, 0xdb, 0xb8, 0xef, 0x37,
    0xa2, 0xca, 0x4b, 0x24, 0x5c, 0x4a, 0xbf, 0x3e, 0xf5, 0x05, 0x33, 0x47, 0xe3, 0x75, 0xcc, 0x5b, 0x34, 0x60, 0x4f, 0xb7,
    0x60, 0x17, 0x07, 0x17, 0x55, 0x78, 0x29, 0x2f, 0xfc, 0x9a, 0x77, 0xbb, 0xcb, 0xa8, 0xc2, 0x8c, 0x75, 0xff, 0x54, 0x06,
    0xd2, 0x12, 0xda, 0xb5, 0xc6, 0x12, 0xc9, 0xf8, 0x8e, 0xb7, 0x15, 0xa9, 0xe0, 0x84, 0x91, 0xea, 0xbe, 0x36, 0x65, 0x5f,
    0xf8, 0x7d, 0xf8, 0x31, 0x14, 0x59, 0x99, 0x50, 0xf9, 0x21, 0xec, 0x22, 0x1b, 0x03, 0xb0, 0x2b, 0xd7, 0x14, 0xdf, 0xf3,
    0xa6, 0x08, 0xfb, 0x90, 0x45, 0x5f, 0x0f, 0x01, 0x18, 0x85, 0x71, 0x0a, 0xc5, 0x22, 0xb9, 0x50, 0x1f, 0x63, 0x57, 0x71,
    0xd3, 0x27, 0xba, 0xf7, 0x76, 0x25, 0x04, 0x9b, 0x15, 0x7c, 0x00, 0x04, 0x27, 0x39, 0x0b, 0x0a, 0xdc, 0xe2, 0x72, 0x8c,
    0x48, 0x79, 0x13, 0xfd, 0xea, 0xb8, 0xea, 0x66, 0xd9, 0xc4, 0x5d, 0x30, 0xc0, 0xe7, 0x52, 0xbe, 0x7d, 0xaa, 0x57, 0x7d,
    0xd5, 0x40, 0xc5, 0xb7, 0x8a, 0xff, 0xd7, 0x11, 0x80, 0xaa, 0xf5, 0x21, 0x9b, 0x2b, 0x8d, 0x9a, 0x88, 0x5b, 0x21, 0x64,
    0x29, 0xf4, 0xa5, 0x6a, 0x31, 0xad, 0x39, 0x96, 0xa4, 0xa7, 0x84, 0x09, 0x90, 0xee, 0x56, 0x96, 0x78, 0x7b, 0x00, 0x5e,
    0x71, 0xce, 0xc6, 0xa9, 0xad, 0x3c, 0xcb, 0x71, 0xa3, 0x7f, 0x0f, 0xcb, 0xea, 0xda, 0xe3, 0x95, 0x08, 0x2e, 0x76, 0xc8,
    0x61, 0xdc, 0x27, 0x8e, 0xd8, 0x45, 0x35, 0xd1, 0x4b, 0x86, 0x1c, 0x59, 0x15, 0x11, 0x11, 0xd1, 0x72, 0xd0, 0x8c, 0xe0,
    0xb9, 0xab, 0x5e, 0xeb, 0xa8, 0x60, 0x12, 0x3a, 0x76, 0x68, 0x7e, 0xd1, 0xb6, 0xce, 0xc9, 0x26, 0xd1, 0xda, 0xf1, 0xab,
    0x04, 0x19, 0x32, 0x83, 0xe1, 0x7c, 0xea, 0xcc, 0x3c, 0xc6, 0xac, 0x3f, 0xea, 0x1a, 0xda, 0x23, 0x6f, 0x23, 0x23, 0x30,
    0x6f, 0x1f, 0xf8, 0x4c, 0x3a, 0x7b, 0xe3, 0x88, 0x0c, 0x35, 0xb5, 0xde, 0x8e, 0x12, 0x8c, 0x96, 0x3c, 0x0e, 0xea, 0x1d,
    0xbb, 0x7a, 0xc7, 0x7e, 0x3d, 0xd9, 0x10, 0xb9, 0x1b, 0xcb, 0xca, 0x73, 0xfc, 0xdb, 0xd0, 0x92, 0x27, 0xbe, 0x35, 0xc2,
    0x84, 0xdc, 0x81, 0x16, 0x99, 0x07, 0xed, 0xfe, 0x2d, 0xf9, 0x0e, 0x1d, 0x3e, 0xe1, 0x25, 0x7f, 0xcc, 0x5f, 0xfd, 0xf9,
    0x91, 0x7f, 0xf5, 0xcf, 0x2b, 0xfd, 0x6b, 0x7f, 0x34, 0xff, 0x27, 0xfe, 0xd5, 0x3f, 0xaf, 0x5a, 0xc6, 0xf8, 0x26, 0x1e,
    0x73, 0xa4, 0x63, 0x05, 0x5a, 0x58, 0x68, 0xf3, 0x32, 0x7e, 0x1b, 0x2c, 0xb1, 0xe6, 0xfb, 0xcd, 0xeb, 0xaf, 0x37, 0x6f,
    0x04, 0x37, 0xb1, 0x2f, 0xde, 0xfe, 0xa1, 0x8b, 0xd8, 0x06, 0x36, 0xbd, 0x88, 0x5d, 0xbb, 0x7c, 0x6d, 0x8e, 0x10, 0x1c,
    0x0e, 0x1d, 0x49, 0x8f, 0xec, 0x0e, 0xe9, 0x5b, 0x71, 0x35, 0x18, 0x55, 0xf4, 0x5c, 0x5d, 0xd0, 0xb5, 0x9c, 0x9b, 0xd4,
    0x3d, 0x02, 0x75, 0x3f, 0x68, 0x22, 0xea, 0x51, 0x40, 0xd0, 0x8f, 0x83, 0x8d, 0x52, 0xd5, 0x94, 0x72, 0x7a, 0xba, 0xb3,
    0xf3, 0xe1, 0x6c, 0x74, 0x8e, 0x91, 0xf0, 0x2b, 0x15, 0xb3, 0x8b, 0xf6, 0xc8, 0xdc, 0x1a, 0xef, 0x46, 0x4d, 0xf7, 0x6d,
    0x67, 0xcd, 0x17, 0x6e, 0x67, 0xe6, 0xea, 0xa0, 0x51, 0x3d, 0x2e, 0xd3, 0x74, 0x2e, 0x1f, 0xbd, 0x08, 0x95, 0x90, 0xda,
    0xa9, 0x70, 0x92, 0xd2, 0xd0, 0x84, 0x13, 0x2b, 0x6c, 0x02, 0xcc, 0x66, 0xec, 0x96, 0x73, 0xdc, 0xe6, 0x88, 0xde, 0x2b,
    0x1b, 0xb4, 0xd2, 0x9c, 0xc4, 0x96, 0x3c, 0x8a, 0x1d, 0xf1, 0x37, 0x38, 0x87, 0x2d, 0xcd, 0x41, 0x6c, 0xc9, 0x93, 0xd8,
    0x6b, 0xfe, 0x32, 0xa2, 0x21, 0xe3, 0x7e, 0x97, 0x4b, 0x09, 0x87, 0x82, 0x8b, 0x00, 0x12, 0x68, 0xc0, 0x9c, 0xc3, 0x7a,
    0x97, 0xf5, 0xca, 0x1b, 0x77, 0x0c, 0xbb, 0x15, 0x5d, 0x87, 0xa1, 0x98, 0x4a, 0x7b, 0x44, 0x4b, 0x8f, 0x91, 0x51, 0x67,
    0x25, 0x26, 0x78, 0x6d, 0xcc, 0x62, 0xb4, 0x0a, 0xcc, 0x59, 0x21, 0x2e, 0x20, 0x67, 0x8e, 0x8e, 0xc3, 0xd0, 0xf8, 0x6a,
    0x95, 0x23, 0x36, 0xc4, 0xbb, 0xd7, 0xc7, 0x56, 0x5e, 0x84, 0x21, 0x58, 0x04, 0x29, 0xbb, 0xdc, 0x80, 0x52, 0x33, 0x7c,
    0xd8, 0xd1, 0x5d, 0x88, 0x98, 0x3e, 0x10, 0xea, 0xd5, 0x6e, 0x0c, 0xf1, 0x7e, 0x9f, 0x55, 0xb9, 0x89, 0xfd, 0xf7, 0xf6,
    0x74, 0xf0, 0xe5, 0x93, 0x0d, 0x8f, 0xec, 0xe6, 0x28, 0x21, 0x1f, 0x3f, 0xa6, 0x27, 0x82, 0x97, 0x06, 0x6d, 0xea, 0x9b,
    0x6f, 0x82, 0x34, 0xec, 0x8c, 0x76, 0x15, 0x04, 0x6b, 0x41, 0x0b, 0x33, 0x79, 0xbe, 0x33, 0x2a, 0x9c, 0x75, 0x2d, 0xcc,
    0x63, 0xa4, 0xd3, 0xed, 0x5a, 0x3d, 0xdd, 0x6d, 0xd1, 0xb9, 0xe8, 0xba, 0x31, 0x67, 0x17, 0xdd, 0x6d, 0x8e, 0x1a, 0x3a,
    0xdb, 0x79, 0xdc, 0xde, 0x05, 0x36, 0x76, 0x1a, 0xfa, 0x62, 0xd6, 0x93, 0xae, 0x84, 0x4a, 0x6f, 0x82, 0xf1, 0xc1, 0xb6,
    0x7c, 0x78, 0xb3, 0x31, 0x0b, 0x20, 0x2a, 0x4e, 0x9b, 0x87, 0xf0, 0xe8, 0x61, 0xe5, 0x24, 0xd5, 0x54, 0xff, 0xd1, 0x13,
    0xeb, 0x14, 0xd5, 0x9c, 0xff, 0x78, 0xb7, 0x72, 0x9e, 0x32, 0xed, 0x37, 0xb9, 0x20, 0xdc, 0xe6, 0x7e, 0x60, 0x5d, 0x0f,
    0x82, 0xe1, 0x0a, 0x31, 0x90, 0x86, 0x73, 0x3e, 0x90, 0xd0, 0xd1, 0x91, 0x0d, 0x28, 0x22, 0x6e, 0x07, 0xe7, 0xae, 0xc3,
    0x2f, 0xec, 0x36, 0x65, 0x53, 0xb3, 0xd5, 0xe7, 0x6d, 0xa9, 0xcf, 0x35, 0x07, 0x4f, 0x72, 0x84, 0x8f, 0xfe, 0xf7, 0x39,
    0x7e, 0xf8, 0x08, 0x16, 0xb4, 0x0d, 0xde, 0x73, 0x74, 0x1c, 0x10, 0x3b, 0x8c, 0xc5, 0x85, 0xd2, 0x39, 0x03, 0x92, 0xf9,
    0x31, 0x11, 0x90, 0x68, 0x0e, 0x49, 0x10, 0x78, 0xe8, 0x2f, 0x5c, 0x28, 0x7c, 0xa0, 0x63, 0x21, 0xdf, 0xc2, 0x25, 0x03,
    0xc7, 0xb8, 0x53, 0xf5, 0x4a, 0xb4, 0x8e, 0x5d, 0x33, 0xcb, 0x55, 0xc4, 0x8d, 0xd0, 0x85, 0x07, 0x15, 0x7f, 0xc2, 0xfd,
    0xda, 0x77, 0x2f, 0xe0, 0x00, 0xc6, 0xef, 0x43, 0x3c, 0xe6, 0x87, 0x1f, 0xc4, 0x16, 0xa3, 0x09, 0x4f, 0xdc, 0xfb, 0x4c,
    0x1f, 0xc2, 0x3e, 0x07, 0xb4, 0x99, 0xd3, 0x03, 0x02, 0x2b, 0xdc, 0x7c, 0xe9, 0xc7, 0x9d, 0x0c, 0xaf, 0xfd, 0x24, 0x01,
    0x23, 0xc2, 0x71, 0xaf, 0xcf, 0x4a, 0xfc, 0x44, 0x46, 0xac, 0x66, 0x35, 0x8d, 0x07, 0x7d, 0x44, 0xfd, 0xf5, 0x87, 0x8f,
    0x3a, 0x3c, 0x91, 0x08, 0x27, 0xc7, 0x4e, 0xd7, 0xd1, 0xf6, 0x6d, 0x7d, 0xfd, 0x00, 0x4d, 0xbd, 0x81, 0x13, 0x36, 0xe0,
    0x70, 0xaf, 0xcd, 0x88, 0x01, 0x8e, 0xd5, 0xc4, 0x67, 0xc7, 0x21, 0x0a, 0xc7, 0x0e, 0xda, 0x46, 0xff, 0xa2, 0x56, 0xa7,
    0x6b, 0x3a, 0xe3, 0xeb, 0x7d, 0x36, 0x69, 0x1a, 0x5a, 0x1b, 0x58, 0xae, 0x12, 0x01, 0x26, 0xe4, 0xb9, 0x85, 0x5c, 0x66,
    0x10, 0xc0, 0xca, 0x1c, 0xcb, 0xad, 0x30, 0xdb, 0x70, 0xb7, 0x11, 0xd4, 0x35, 0x97, 0x26, 0xd0, 0x84, 0x34, 0x7f, 0x90,
    0x0e, 0x19, 0xa6, 0xa1, 0x2f, 0x3f, 0x0e, 0xd5, 0x5c, 0x0b, 0xe8, 0x8d, 0x92, 0xd2, 0xe6, 0x3c, 0x43, 0xeb, 0xa0, 0xb4,
    0x6d, 0x63, 0xa4, 0x38, 0x91, 0x40, 0x34, 0x99, 0xde, 0x97, 0xf9, 0xe1, 0x63, 0xed, 0x50, 0x8b, 0x9f, 0xa8, 0x7a, 0x1a,
    0x55, 0x20, 0xfe, 0xf0, 0xb1, 0xab, 0x13, 0xa1, 0x5f, 0x67, 0xf2, 0xb3, 0x02, 0xe8, 0xb1, 0x59, 0x62, 0x30, 0xa6, 0x0c,
    0x07, 0xfa, 0x2f, 0xf8, 0xf0, 0x03, 0x35, 0xbb, 0x23, 0x9a, 0x0f, 0x76, 0xe1, 0x54, 0x27, 0x7e, 0x5c, 0x4d, 0x14, 0x62,
    0xbd, 0xbe, 0xcc, 0xed, 0x9e, 0xe0, 0xa2, 0xfc, 0x97, 0x3d, 0xbb, 0xbc, 0x63, 0x74, 0x1e, 0xe8, 0x28, 0xd6, 0xd9, 0x3c,
    0x15, 0x67, 0x77, 0x10, 0xa3, 0x03, 0xbe, 0x57, 0xa5, 0x1b, 0xc4, 0x1a, 0x9f, 0x1d, 0x06, 0xbc, 0xc8, 0x26, 0x88, 0xba,
    0x41, 0x0f, 0x09, 0x6b, 0x42, 0x14, 0x65, 0x7c, 0x4b, 0x3f, 0xd5, 0x25, 0x27, 0x40, 0xa6, 0xb2, 0x77, 0xd0, 0xf4, 0xcb,
    0xd6, 0x33, 0xf9, 0xc2, 0x8e, 0x3d, 0x53, 0xaa, 0x1d, 0xd5, 0x7d, 0xf1, 0x68, 0xa9, 0x98, 0xff, 0xdb, 0x87, 0x4a, 0x96,
    0x11, 0x89, 0x4b, 0x47, 0xf3, 0x31, 0xd2, 0xad, 0x47, 0x48, 0x2b, 0x32, 0xf7, 0xe4, 0xd8, 0xba, 0x69, 0x37, 0xdb, 0x4a,
    0xfc, 0x0e, 0xeb, 0xcc, 0x8d, 0x48, 0x78, 0xcd, 0x93, 0x21, 0xd8, 0x97, 0x4b, 0x9f, 0x63, 0xcd, 0x6f, 0xc3, 0x97, 0x7f,
    0x36, 0x27, 0x9e, 0x70, 0x5d, 0xe3, 0xc8, 0xef, 0xdf, 0xc8, 0xca, 0xae, 0x0f, 0xe4, 0x20, 0x14, 0xa3, 0x67, 0xfc, 0xe9,
    0x98, 0xec, 0xab, 0xe1, 0x26, 0x6e, 0xa9, 0x79, 0xde, 0xf5, 0xc5, 0x0a, 0x26, 0xf9, 0xc6, 0x91, 0xa4, 0xdb, 0xab, 0xb7,
    0xe6, 0xc3, 0xf6, 0x1d, 0xbd, 0x62, 0x5b, 0xfb, 0x1c, 0xcd, 0x8d, 0x78, 0x08, 0xb8, 0x2d, 0x35, 0x14, 0x5b, 0x8d, 0x03,
    0xc3, 0x63, 0x49, 0x7e, 0x13, 0xb3, 0xe9, 0x3c, 0xd2, 0xf2, 0xd8, 0xa9, 0x5c, 0x67, 0x95, 0x31, 0xc2, 0x56, 0x0b, 0x9d,
    0xbb, 0xfd, 0x4b, 0x72, 0xbf, 0x63, 0xbf, 0xb8, 0xa4, 0x47, 0xeb, 0xe6, 0x13, 0x20, 0xd3, 0x8e, 0x69, 0xda, 0x0f, 0x5e,
    0x86, 0xfd, 0xff, 0x54, 0xef, 0x02, 0x79, 0xa6, 0xcd, 0x96, 0x36, 0x25, 0xf7, 0x17, 0x58, 0xe5, 0xbe, 0x89, 0xe6, 0x14,
    0x52, 0xbe, 0xa8, 0x55, 0x74, 0xde, 0xf2, 0xbc, 0x07, 0x85, 0x0e, 0x91, 0xf6, 0xdf, 0x70, 0x72, 0x59, 0xe9, 0x7a, 0x21,
    0xac, 0x3c, 0x9a, 0xd4, 0x4f, 0x44, 0x57, 0xbe, 0x19, 0x59, 0x69, 0x6c, 0x69, 0xbe, 0xef, 0x8c, 0xf9, 0x3e, 0x35, 0xbd,
    0xce, 0x36, 0xcc, 0x77, 0xaf, 0x30, 0x03, 0xe6, 0x83, 0xcb, 0x58, 0xcc, 0xfa, 0x11, 0x2c, 0x37, 0xf2, 0x3b, 0xac, 0x36,
    0xa1, 0x03, 0x03, 0x9e, 0xc6, 0xc4, 0x08, 0x0d, 0x28, 0x06, 0x0e, 0xf4, 0x6d, 0xbe, 0x66, 0x4d, 0x62, 0xf4, 0x3f, 0xb9,
    0xe5, 0xa3, 0xf5, 0xae, 0x9d, 0xa2, 0x62, 0xa7, 0xf1, 0x40, 0xb7, 0x5f, 0x9f, 0x28, 0x23, 0x30, 0x08, 0x64, 0xbd, 0x6c,
    0x51, 0xea, 0xd5, 0x29, 0x9f, 0x85, 0xf6, 0xc9, 0x3f, 0xed, 0x92, 0x5d, 0xbd, 0x65, 0xe5, 0x17, 0xad, 0x8b, 0x5d, 0x23,
    0x59, 0x6b, 0xdf, 0x29, 0x53, 0xde, 0xe7, 0x0f, 0xb8, 0xd9, 0x04, 0x7a, 0x0b, 0xbb, 0x76, 0x8e, 0xb9, 0xf6, 0xc2, 0x62,
    0xb5, 0x7e, 0xef, 0xe0, 0xa5, 0x6b, 0x27, 0x5f, 0xe6, 0x81, 0x77, 0x5f, 0x95, 0x08, 0xf4, 0x33, 0x42, 0xf7, 0x98, 0xda,
    0xf1, 0x5c, 0x7f, 0x72, 0x7e, 0xa5, 0xfb, 0xcb, 0xde, 0xbc, 0xfa, 0x01, 0x33, 0x5e, 0x9a, 0x5d, 0xf5, 0xeb, 0x95, 0x0f,
    0x7d, 0x8b, 0x5f, 0xaf, 0x95, 0x7f, 0x3e, 0x75, 0xd6, 0x62, 0xb2, 0xe3, 0xd6, 0xae, 0xcc, 0x39, 0x67, 0x1c, 0xe6, 0xf8,
    0xe2, 0x6d, 0x7a, 0x6d, 0x98, 0x52, 0xe3, 0x57, 0xd1, 0xa8, 0x2f, 0xba, 0x6f, 0xa6, 0x35, 0x7d, 0x14, 0x4d, 0x0a, 0xf8,
    0x04, 0xaf, 0xdf, 0x83, 0x17, 0x7a, 0x77, 0xbd, 0xaa, 0xb3, 0x47, 0xbb, 0x0f, 0x55, 0xb3, 0x1b, 0xf9, 0x9e, 0x61, 0x77,
    0xf6, 0x3c, 0xf1, 0xaa, 0xfe, 0x07, 0x5d, 0x49, 0xd6, 0x33, 0x8e, 0x36, 0x39, 0x87, 0x1c, 0x70, 0xf7, 0xa8, 0x13, 0xeb,
    0x8e, 0x3b, 0x9b, 0xc7, 0xff, 0x5c, 0xa4, 0xb6, 0x25, 0x1a, 0x06, 0xea, 0x9c, 0xa5, 0x75, 0x7c, 0x7a, 0xfa, 0x4e, 0xf8,
    0xb6, 0xc7, 0x63, 0x74, 0xae, 0x0d, 0x0e, 0xaa, 0x3d, 0x60, 0x83, 0x66, 0xf2, 0xc1, 0xfc, 0x8a, 0x1f, 0x6d, 0x13, 0xcd,
    0x5a, 0x05, 0xcc, 0x46, 0x01, 0x5d, 0xdf, 0x66, 0x4d, 0x21, 0xfb, 0x60, 0x7e, 0x5b, 0x9e, 0x22, 0x40, 0xa7, 0x6c, 0xcf,
    0xdb, 0xa4, 0x92, 0x68, 0xeb, 0xdc, 0x6b, 0xea, 0x88, 0x07, 0xd9, 0x55, 0x37, 0x5b, 0x9e, 0xb1, 0xbd, 0x75, 0xec, 0xc3,
    0x38, 0x06, 0xff, 0x7e, 0xb7, 0x69, 0x60, 0x57, 0x15, 0x93, 0xa4, 0xfa, 0x62, 0xe1, 0x75, 0xeb, 0xda, 0x65, 0xdf, 0xe2,
    0x0d, 0x64, 0xbf, 0xf0, 0xa2, 0xe2, 0x0e, 0x9f, 0x44, 0x92, 0x4b, 0x36, 0xea, 0xbb, 0x2e, 0x9f, 0x07, 0x70, 0x79, 0xe2,
    0x7a, 0x29, 0x19, 0xb7, 0x2f, 0x7e, 0xf1, 0x69, 0x43, 0x0d, 0xdf, 0xf7, 0x4e, 0x08, 0xd8, 0x0a, 0xdb, 0x6a, 0x25, 0xc8,
    0xca, 0xd2, 0x78, 0x1a, 0xf2, 0xd1, 0x50, 0x5e, 0x5b, 0x72, 0xa2, 0x5c, 0xba, 0xea, 0x78, 0x42, 0x3c, 0xe6, 0x77, 0x84,
    0x79, 0x6c, 0x65, 0x8b, 0x63, 0xa9, 0x35, 0xd4, 0xb8, 0xcd, 0x63, 0x45, 0xd6, 0x94, 0xef, 0xc1, 0x04, 0xd7, 0x67, 0x69,
    0x14, 0x13, 0x02, 0x57, 0x88, 0xa2, 0xc0, 0x96, 0xae, 0xba, 0x82, 0x5d, 0x0f, 0x5d, 0xe2, 0xf8, 0x51, 0xc5, 0x05, 0x6e,
    0xf5, 0x43, 0xd4, 0x4b, 0x4e, 0x0d, 0xe8, 0x08, 0x6e, 0x9d, 0xdd, 0xdb, 0xfa, 0xc7, 0x99, 0xef, 0x23, 0x87, 0x9b, 0x61,
    0xbb, 0xdb, 0x9f, 0xed, 0x5d, 0x6b, 0x7b, 0x4b, 0xc0, 0x3f, 0xbf, 0xea, 0xc7, 0x89, 0xb6, 0xd6, 0xe4, 0x6f, 0x28, 0x1c,
    0x63, 0xac, 0x2e, 0x04, 0x42, 0xae, 0xbe, 0x0b, 0x26, 0x95, 0x13, 0x13, 0x61, 0x64, 0xcd, 0x9c, 0xdb, 0x98, 0x4a, 0x0d,
    0x2c, 0xf4, 0xe5, 0x0d, 0xac, 0x90, 0xfc, 0x60, 0xa9, 0xc2, 0x54, 0x71, 0xd2, 0x1a, 0xbf, 0xb4, 0xd8, 0x5a, 0xfd, 0x4e,
    0xe4, 0xad, 0x57, 0x31, 0x82, 0xef, 0x46, 0x76, 0x2a, 0x26, 0x4c, 0x62, 0x36, 0xdf, 0x53, 0xa4, 0xd9, 0x6e, 0xc7, 0x8b,
    0xd5, 0xf3, 0xf9, 0x96, 0xaf, 0x78, 0xe9, 0x76, 0x68, 0x31, 0x33, 0x6c, 0xaf, 0x16, 0x9e, 0x20, 0x72, 0xf2, 0x42, 0x82,
    0x61, 0x37, 0x7c, 0x14, 0x8b, 0x89, 0x3a, 0xc0, 0x1f, 0xfd, 0x03, 0x40, 0xe7, 0x19, 0x70, 0xfc, 0x41, 0x57, 0x18, 0x3f,
    0x33, 0xcb, 0x33, 0xf4, 0xe3, 0x63, 0xef, 0x1d, 0x56, 0x91, 0xe3, 0x77, 0x1f, 0xbd, 0x04, 0x06, 0xeb, 0x7c, 0xf7, 0xfc,
    0xfd, 0xe9, 0x89, 0x18, 0x8b, 0xf9, 0xe5, 0x57, 0xb9, 0xb1, 0x6c, 0x3f, 0xec, 0x6c, 0x3e, 0x22, 0x6d, 0xcd, 0xbf, 0xf3,
    0x2b, 0xa5, 0x9b, 0xf9, 0x95, 0xf8, 0x44, 0xe9, 0xe7, 0xf1, 0xe6, 0x57, 0x0d, 0xc7, 0xae, 0x27, 0xf2, 0x41, 0x9b, 0x0d,
    0xe4, 0xb9, 0x4f, 0xc3, 0xed, 0xb3, 0x64, 0xf5, 0x59, 0x38, 0x1b, 0x05, 0x15, 0x1c, 0xad, 0x31, 0x2a, 0x1f, 0xf1, 0x73,
    0x62, 0x72, 0x1d, 0xe9, 0xca, 0x86, 0xc8, 0x6e, 0x92, 0x0d, 0x99, 0x62, 0x03, 0xb3, 0x6e, 0x2b, 0xb5, 0x2a, 0x6e, 0xe2,
    0xf9, 0x58, 0xb7, 0x53, 0xb0, 0x15, 0x3e, 0x23, 0xc0, 0x4f, 0x77, 0x44, 0xa7, 0xe5, 0xdd, 0x01, 0x51, 0xc7, 0x7d, 0x1b,
    0xb3, 0x98, 0x97, 0xff, 0x3c, 0x7a, 0xba, 0xb3, 0xfd, 0xe7, 0xe9, 0xd3, 0x27, 0x7f, 0x2e, 0x9e, 0x3e, 0xf8, 0xa6, 0xf5,
    0x3f, 0xc0, 0x03, 0xcf, 0xc5, 0x07, 0x59, 0xf5, 0xe4, 0x50, 0x94, 0xf4, 0xad, 0xa3, 0xc9, 0xb7, 0x40, 0x58, 0x4f, 0xce,
    0xbe, 0xe7, 0x3d, 0x71, 0x3b, 0x59, 0x8d, 0x1a, 0xe6, 0x26, 0x00, 0xe2, 0xb2, 0x3a, 0xb5, 0x63, 0xb5, 0xae, 0xd4, 0x5a,
    0x7b, 0x76, 0xd7, 0xb5, 0xbe, 0x3d, 0xf5, 0x1b, 0x3a, 0x5e, 0xdd, 0xe6, 0x23, 0x23, 0x0f, 0xa6, 0x95, 0xef, 0x85, 0xb6,
    0x71, 0x2b, 0x86, 0x96, 0xdc, 0x73, 0x7e, 0x3e, 0xf5, 0x09, 0x3f, 0x9f, 0x6a, 0x12, 0xcc, 0x17, 0x3b, 0xfc, 0x9b, 0x3a,
    0x12, 0xea, 0xcc, 0x5d, 0x9f, 0xe1, 0x67, 0x22, 0x1b, 0x6f, 0xe2, 0xd8, 0xaf, 0x46, 0x36, 0xde, 0xc6, 0xb1, 0x1f, 0x91,
    0x6c, 0xbc, 0x91, 0xe3, 0xe2, 0x0a, 0x3e, 0x8d, 0xf4, 0x26, 0x31, 0x2c, 0x7f, 0x3b, 0xbb, 0xdb, 0xc6, 0x64, 0x66, 0x2e,
    0xea, 0xac, 0xbf, 0xa7, 0xe3, 0xd1, 0x36, 0xee, 0xea, 0x34, 0x19, 0x0e, 0xd6, 0xbb, 0x2e, 0x56, 0x8b, 0xe3, 0x6f, 0x0c,
    0x29, 0x62, 0xe2, 0xe7, 0x49, 0xc2, 0xc1, 0xa2, 0xf0, 0x3e, 0xc7, 0x2b, 0x49, 0xaf, 0x11, 0x0e, 0xe6, 0x79, 0xa9, 0x5b,
    0x44, 0xef, 0x0b, 0x3e, 0xb3, 0x81, 0xea, 0xf3, 0xfe, 0x97, 0x3c, 0x8d, 0x0d, 0x59, 0x42, 0x5a, 0x60, 0x71, 0xf3, 0x83,
    0x91, 0xe4, 0x86, 0xf8, 0x80, 0x75, 0xf5, 0x9d, 0x08, 0x7e, 0x16, 0xfa, 0x44, 0xf2, 0xa4, 0x04, 0xc3, 0xcd, 0x91, 0x3c,
    0xda, 0xf6, 0x4d, 0x19, 0x31, 0x97, 0x21, 0x78, 0x3f, 0x0a, 0x1a, 0xce, 0x23, 0xc1, 0x4f, 0xa2, 0xa6, 0x95, 0xd4, 0xb6,
    0x2d, 0x3e, 0x8b, 0x24, 0xae, 0xdf, 0x1b, 0xe1, 0x2f, 0x85, 0x98, 0x98, 0x1e, 0xd3, 0x7a, 0x28, 0xa9, 0xe6, 0x23, 0xda,
    0x6d, 0x8a, 0xd2, 0xb0, 0x18, 0x53, 0xe0, 0x4c, 0x72, 0x63, 0x44, 0x84, 0x8d, 0xb2, 0xe2, 0xf0, 0xc3, 0x2f, 0x57, 0x38,
    0xd4, 0xd0, 0xf1, 0x30, 0xcd, 0xe5, 0x0b, 0xd9, 0x33, 0x98, 0xf3, 0x66, 0x19, 0x70, 0x8d, 0x03, 0x13, 0x1f, 0x51, 0xdf,
    0x46, 0x7f, 0xdd, 0xf6, 0x0e, 0x49, 0x3d, 0x3c, 0xa3, 0xe9, 0xfd, 0x00, 0xcd, 0xaa, 0x43, 0x87, 0x58, 0x5e, 0x69, 0x5e,
    0x44, 0x32, 0xbf, 0x0c, 0x0e, 0x23, 0x5c, 0xcd, 0x64, 0x11, 0xb2, 0xb1, 0x26, 0x6f, 0x8e, 0x95, 0x49, 0x95, 0xfd, 0x14,
    0xaf, 0xd9, 0xec, 0x6e, 0x6f, 0x3b, 0x5a, 0x20, 0xb7, 0x2e, 0x24, 0xee, 0x06, 0x6f, 0x5a, 0x08, 0x09, 0xb1, 0xc3, 0xdc,
    0x31, 0xce, 0x0a, 0xef, 0x9e, 0x07, 0x51, 0x8d, 0xe8, 0x54, 0xf2, 0x61, 0xd2, 0x8e, 0xd9, 0xda, 0x17, 0x8a, 0xd6, 0x8e,
    0x4c, 0x58, 0xe5, 0x0b, 0x37, 0xfd, 0x2a, 0x03, 0xab, 0x98, 0xfe, 0x95, 0x2b, 0x1d, 0x73, 0xa7, 0x77, 0x6c, 0x77, 0x7a,
    0x9b, 0x3b, 0x96, 0x58, 0x80, 0x38, 0x5a, 0x83, 0xf5, 0x42, 0x9f, 0x4c, 0xe7, 0xf1, 0x07, 0xe7, 0x6f, 0x24, 0xef, 0x56,
    0x46, 0x4d, 0xae, 0x25, 0xe2, 0x50, 0x5b, 0x8f, 0x77, 0xa4, 0xe4, 0xb1, 0x73, 0x3a, 0x0a, 0x4b, 0x5a, 0x17, 0xa1, 0x82,
    0x5e, 0x3f, 0xda, 0xc5, 0x33, 0xd3, 0xe2, 0x1e, 0xda, 0x07, 0xc9, 0x8f, 0x6a, 0x19, 0xbc, 0x1a, 0x7f, 0x8c, 0x30, 0xf0,
    0x19, 0xb9, 0x1c, 0x81, 0x05, 0xa5, 0xa0, 0x3f, 0x5a, 0x9e, 0xbb, 0x6a, 0xc6, 0x3c, 0xa6, 0x93, 0x4f, 0x31, 0x6a, 0x36,
    0xf4, 0x17, 0xb7, 0x59, 0xfa, 0x8b, 0xf0, 0x96, 0xe1, 0x55, 0xe3, 0xa9, 0x96, 0x7f, 0xa8, 0x55, 0xd4, 0x4e, 0xb5, 0xfc,
    0x43, 0xad, 0x42, 0x4e, 0xb5, 0x78, 0x50, 0x26, 0x9f, 0x16, 0xc8, 0x96, 0x12, 0xa8, 0x52, 0x62, 0x8d, 0xf3, 0xf5, 0xc6,
    0x7c, 0x04, 0x59, 0xd9, 0x14, 0xb7, 0xd3, 0x44, 0x91, 0xcf, 0xb6, 0x68, 0x81, 0xdd, 0x64, 0x64, 0xe1, 0xab, 0x55, 0xab,
    0xb1, 0xa8, 0x00, 0xb7, 0x7d, 0xf6, 0x28, 0x11, 0x97, 0x22, 0x95, 0x9f, 0x89, 0xea, 0x22, 0xc4, 0xf8, 0x33, 0x10, 0x40,
    0x29, 0xfb, 0x86, 0x39, 0xd9, 0x49, 0xe9, 0x69, 0x16, 0x78, 0xdb, 0xf7, 0x6e, 0x1c, 0x42, 0x4e, 0xa7, 0xe2, 0x2a, 0x56,
    0x98, 0x70, 0xe8, 0x2d, 0xd3, 0x4c, 0x8b, 0x70, 0xb1, 0x79, 0x2c, 0xf1, 0xbb, 0x38, 0xc2, 0xb3, 0xf1, 0x5f, 0xb9, 0x67,
    0xe6, 0x51, 0x3e, 0xda, 0xba, 0xcf, 0x8b, 0x1b, 0x04, 0xc0, 0xe9, 0x91, 0xfe, 0xe6, 0x15, 0x5c, 0xa4, 0xbd, 0xf0, 0x8c,
    0x81, 0xc6, 0x1c, 0xf5, 0x47, 0x84, 0x78, 0x74, 0x27, 0x21, 0x1e, 0xad, 0x11, 0xe2, 0xba, 0x96, 0x37, 0x04, 0x0e, 0x18,
    0xc6, 0x6e, 0x33, 0x6b, 0xb2, 0x0c, 0x10, 0xd1, 0xe8, 0xf6, 0xa5, 0x0b, 0x4f, 0x98, 0xc0, 0xd9, 0x9c, 0x53, 0xcd, 0x47,
    0x23, 0xac, 0xc3, 0xf5, 0x09, 0xf6, 0xd0, 0xf9, 0xa3, 0xd2, 0x26, 0x08, 0x40, 0x35, 0xa7, 0xa6, 0x2b, 0xce, 0x21, 0x1a,
    0x72, 0xd3, 0xba, 0x2d, 0x3b, 0x9d, 0x52, 0xe3, 0x67, 0x63, 0x45, 0x86, 0x29, 0x80, 0xcb, 0x61, 0xe1, 0xda, 0x04, 0x7c,
    0xd6, 0x65, 0x17, 0x1e, 0x0a, 0x55, 0x80, 0xcb, 0x01, 0x93, 0x23, 0x31, 0x59, 0xb3, 0x61, 0xef, 0x5d, 0x7e, 0x7b, 0x59,
    0x42, 0xdd, 0x5f, 0x33, 0x7a, 0xea, 0x07, 0x8a, 0x92, 0x60, 0x89, 0xea, 0x79, 0xc2, 0xaa, 0xd7, 0x51, 0x21, 0x8a, 0xef,
    0xbf, 0x73, 0xbf, 0xd8, 0xd4, 0x6c, 0x5e, 0xed, 0xc7, 0xc7, 0x7f, 0x6c, 0xb5, 0xdb, 0x03, 0xbc, 0x6a, 0x99, 0x62, 0x38,
    0xe6, 0xcb, 0x00, 0x57, 0xba, 0x8d, 0x0d, 0x1d, 0x08, 0x42, 0xf5, 0xc6, 0xbb, 0x7d, 0x5c, 0xfc, 0x8f, 0xbb, 0x7a, 0xec,
    0x7f, 0x90, 0x07, 0x3b, 0xb5, 0xdc, 0x51, 0x1a, 0xa3, 0x74, 0xca, 0x37, 0x38, 0x4d, 0x08, 0x71, 0x79, 0xa9, 0xfb, 0x99,
    0xdb, 0x8d, 0x41, 0xb7, 0xda, 0x14, 0x74, 0xf6, 0xeb, 0x5f, 0x75, 0x95, 0x1d, 0x46, 0xe8, 0x8a, 0x35, 0xaf, 0xbe, 0xc8,
    0x6a, 0xbc, 0xb1, 0x1a, 0x5c, 0xb0, 0x4c, 0x8f, 0xe3, 0x79, 0x15, 0x9b, 0xed, 0xde, 0xfc, 0x4a, 0xec, 0xc0, 0x91, 0xfe,
    0xae, 0x78, 0x90, 0x1a, 0x30, 0x2b, 0x6f, 0x4f, 0x2d, 0xe7, 0x06, 0xae, 0xb6, 0x1b, 0xf9, 0x62, 0x97, 0x11, 0xe6, 0x9d,
    0xa8, 0x56, 0xc3, 0x66, 0x48, 0x1d, 0x6b, 0xc1, 0x31, 0x55, 0x6b, 0x62, 0xd7, 0x68, 0x46, 0x2e, 0x40, 0x86, 0x78, 0xb2,
    0x71, 0x61, 0x3c, 0x9f, 0x21, 0x8e, 0x4d, 0xd1, 0xb8, 0x1b, 0xa9, 0x14, 0x37, 0x10, 0xbd, 0x7b, 0xd9, 0xd5, 0x30, 0x1f,
    0x72, 0x8c, 0xce, 0xa3, 0x7b, 0x1c, 0x5f, 0x3f, 0xf8, 0x06, 0x84, 0x03, 0x2c, 0xd2, 0xd9, 0x04, 0xdd, 0xdf, 0xca, 0xda,
    0x05, 0x35, 0x8e, 0xab, 0x50, 0xc7, 0x9b, 0x9b, 0xb8, 0x4b, 0xba, 0xef, 0xab, 0x2b, 0x7a, 0x95, 0xce, 0xb4, 0x3a, 0xc5,
    0x7e, 0x9c, 0x78, 0xce, 0x8d, 0x4d, 0x37, 0x51, 0xe0, 0x31, 0x48, 0xf6, 0xb1, 0xfa, 0x05, 0x81, 0x1a, 0x1a, 0x2d, 0x34,
    0xf0, 0x1a, 0x68, 0xb7, 0x6b, 0xcc, 0x88, 0x4b, 0xde, 0x7c, 0xea, 0xa7, 0xc3, 0x7c, 0xee, 0x65, 0xef, 0xdb, 0x10, 0x8f,
    0xda, 0x59, 0x18, 0x35, 0xde, 0x10, 0xd4, 0x68, 0xd1, 0xb7, 0x1e, 0x81, 0xf3, 0xfa, 0x07, 0x5f, 0x35, 0x5b, 0x62, 0xb1,
    0x98, 0x36, 0x6e, 0x27, 0x38, 0x2d, 0xbf, 0x8e, 0xea, 0x44, 0xc9, 0x31, 0xbe, 0x38, 0x2b, 0x00, 0x79, 0x0e, 0x7e, 0x98,
    0x1b, 0xf1, 0x08, 0x7a, 0x43, 0x98, 0xde, 0xf0, 0x04, 0x86, 0xd8, 0x67, 0x50, 0x35, 0xb3, 0xc4, 0x78, 0x02, 0xc0, 0x5b,
    0x0a, 0x7e, 0x34, 0xcc, 0xb3, 0x37, 0x22, 0x6e, 0xd8, 0x80, 0xd8, 0xa6, 0xa6, 0x27, 0xfa, 0x26, 0xc6, 0x27, 0xc6, 0xf6,
    0x40, 0xbe, 0x38, 0x33, 0xab, 0xaa, 0x2d, 0x25, 0xd2, 0x81, 0xfa, 0x37, 0x5b, 0x03, 0x15, 0x53, 0x4e, 0x25, 0xaa, 0x73,
    0x77, 0xa3, 0x6d, 0xcb, 0x43, 0xd1, 0x96, 0x99, 0x76, 0xed, 0x9b, 0x60, 0xb2, 0x53, 0x64, 0xd4, 0xaa, 0x23, 0xe5, 0xbf,
    0x16, 0x14, 0xb2, 0xe7, 0x1c, 0x2b, 0xbc, 0xa1, 0xda, 0x07, 0xb8, 0xe0, 0x9e, 0xc6, 0x88, 0xa4, 0xf5, 0x1b, 0x82, 0x4b,
    0xb6, 0x69, 0x34, 0xa8, 0x62, 0xa7, 0xd8, 0xc5, 0x56, 0x8f, 0xb8, 0x5f, 0x97, 0x4e, 0x9c, 0x98, 0xb0, 0xac, 0x04, 0x29,
    0xf6, 0xf4, 0x5c, 0xc6, 0x4c, 0x04, 0x0b, 0xb1, 0x4a, 0x76, 0x90, 0x85, 0x79, 0x0b, 0x35, 0x62, 0x4f, 0x1b, 0x0f, 0x98,
    0x13, 0x3c, 0x64, 0x54, 0xa3, 0xae, 0xd6, 0x41, 0x3c, 0x83, 0xbf, 0x44, 0x99, 0xfa, 0x26, 0x47, 0x3d, 0x62, 0x96, 0x18,
    0x97, 0xf6, 0x86, 0xda, 0x08, 0x7e, 0x69, 0x70, 0x08, 0xf4, 0xf7, 0x54, 0x6e, 0x61, 0xd7, 0x56, 0x2a, 0xea, 0x35, 0xaf,
    0xf6, 0xe6, 0x16, 0x6b, 0xcc, 0x93, 0xf3, 0x0f, 0x33, 0x35, 0x36, 0x1a, 0x02, 0x17, 0x20, 0x3c, 0xca, 0x69, 0x9c, 0x34,
    0x60, 0x0a, 0x59, 0x1b, 0x5b, 0x26, 0xc9, 0xa3, 0xf1, 0x1c, 0xd2, 0x11, 0x57, 0xc5, 0x04, 0x64, 0x32, 0x56, 0xa2, 0xde,
    0x79, 0x81, 0xe6, 0x5d, 0x00, 0x6f, 0xa3, 0xef, 0x54, 0x85, 0xfd, 0x98, 0x3c, 0x55, 0xea, 0xfe, 0x5d, 0x82, 0xe8, 0xa9,
    0xd3, 0x70, 0x15, 0x0c, 0xed, 0x36, 0x33, 0x5b, 0x43, 0xcc, 0xf1, 0xd5, 0x5e, 0xe5, 0x46, 0x2e, 0x63, 0x0e, 0xde, 0xa5,
    0x7b, 0x2f, 0xe8, 0xb4, 0x5f, 0x96, 0x1d, 0x05, 0x65, 0x4d, 0x87, 0x62, 0xb5, 0x6b, 0x0c, 0x5e, 0x3a, 0x50, 0xcd, 0x01,
    0xd3, 0xb6, 0x68, 0x88, 0x27, 0xda, 0xf8, 0xe1, 0xfa, 0xe6, 0x98, 0xec, 0x5e, 0xb8, 0xe2, 0x5b, 0xe3, 0xa9, 0x0b, 0xeb,
    0x82, 0x5c, 0xd4, 0xf8, 0x53, 0x83, 0x45, 0x5e, 0x48, 0xdc, 0x8c, 0xd6, 0x20, 0xcf, 0x0a, 0x84, 0xc6, 0x1c, 0xc3, 0x77,
    0x92, 0xd9, 0x0d, 0x90, 0xae, 0xc4, 0x58, 0x0d, 0xa3, 0xea, 0xab, 0xa9, 0xae, 0x39, 0xaa, 0xbe, 0x35, 0x10, 0x08, 0xd7,
    0x0a, 0xee, 0x6b, 0xdd, 0x21, 0xc6, 0xbe, 0xb3, 0xf3, 0xf9, 0xa1, 0xf6, 0xbf, 0x1c, 0x67, 0xbf, 0x32, 0x08, 0x7a, 0xf1,
    0xf6, 0x55, 0x96, 0xd9, 0x6b, 0x61, 0x0e, 0x51, 0xc6, 0x2b, 0x28, 0x91, 0x4b, 0x2f, 0x89, 0x04, 0x7d, 0x4f, 0xf8, 0xdd,
    0x04, 0xa2, 0xaa, 0x0a, 0x3f, 0xef, 0x6e, 0x5f, 0xc9, 0x25, 0x51, 0xd9, 0x30, 0x47, 0x62, 0xde, 0xa7, 0xa2, 0x4f, 0xdb,
    0x34, 0xcc, 0xc0, 0x9c, 0x75, 0xdc, 0xd7, 0x92, 0x70, 0x79, 0x34, 0x1b, 0x97, 0x07, 0xb8, 0x04, 0xc6, 0xcf, 0x4a, 0xe3,
    0xf1, 0x64, 0xc9, 0x2b, 0x05, 0x88, 0xe5, 0x28, 0x05, 0xf5, 0x6b, 0x3e, 0x2c, 0x6a, 0xbe, 0xeb, 0xd3, 0xdd, 0x50, 0x68,
    0xf6, 0x22, 0x13, 0x44, 0x8e, 0x55, 0x4a, 0x9e, 0x59, 0x15, 0x25, 0xad, 0xb9, 0xe5, 0xbb, 0x98, 0x01, 0x30, 0x10, 0x72,
    0x89, 0x2f, 0x3c, 0x69, 0xc4, 0x1b, 0x4e, 0x4d, 0x18, 0xbe, 0x02, 0x18, 0x9d, 0x67, 0x8c, 0x11, 0x0e, 0x0f, 0x2d, 0x3e,
    0x30, 0xe9, 0x7b, 0x5e, 0x8b, 0xa0, 0x5b, 0xbd, 0x80, 0xc1, 0xdb, 0x1a, 0x7d, 0xde, 0xd8, 0x2f, 0xf5, 0xa2, 0x46, 0x2b,
    0x97, 0x0b, 0xfc, 0x1b, 0xe5, 0x31, 0xec, 0xb2, 0x6f, 0xf0, 0x4e, 0xfb, 0xec, 0x1b, 0xe6, 0x83, 0x0b, 0xf3, 0x1d, 0x76,
    0x5a, 0x79, 0xd5, 0x8b, 0x10, 0xf0, 0x7b, 0x95, 0x17, 0x03, 0xf3, 0x4c, 0x21, 0x46, 0x82, 0x5e, 0x74, 0x68, 0xcd, 0xc4,
    0x5b, 0x97, 0x09, 0xe6, 0x72, 0xc3, 0xcc, 0x04, 0xd6, 0x40, 0xff, 0x0c, 0x1b, 0xa8, 0x90, 0x48, 0x00, 0x41, 0xf4, 0x69,
    0x58, 0x12, 0x47, 0xa3, 0x4f, 0xac, 0xf9, 0x1a, 0xbc, 0x6e, 0x2f, 0x52, 0x96, 0xc7, 0xa1, 0x5b, 0x2e, 0x47, 0x04, 0x38,
    0x8e, 0xa7, 0x98, 0x63, 0x14, 0x48, 0xc5, 0x9c, 0xc4, 0x83, 0xd4, 0x44, 0x7c, 0x51, 0x48, 0xd3, 0xf8, 0x69, 0x21, 0x74,
    0xc2, 0x20, 0xf7, 0x6c, 0x8f, 0xb1, 0xee, 0xd9, 0x3c, 0xbf, 0x7e, 0x62, 0xde, 0x3f, 0xf0, 0xa6, 0x2f, 0x7e, 0x0d, 0x64,
    0xf6, 0x91, 0xc5, 0x08, 0x36, 0xbb, 0x94, 0x7b, 0xc3, 0x24, 0x77, 0x13, 0xa9, 0xc0, 0x14, 0xf5, 0x5f, 0x5b, 0xbc, 0x91,
    0xe7, 0xdf, 0x9f, 0x50, 0xba, 0xf8, 0xd2, 0xfd, 0x89, 0xba, 0x63, 0x87, 0xd6, 0xe2, 0x3d, 0x8a, 0x2a, 0xce, 0x9f, 0x77,
    0xf8, 0xbb, 0xe2, 0x07, 0x92, 0xeb, 0xa9, 0xae, 0x3b, 0x7c, 0x5d, 0x53, 0xcc, 0x65, 0xad, 0x9e, 0xd2, 0x36, 0x96, 0xb5,
    0xb9, 0xb5, 0x20, 0x93, 0x2b, 0x65, 0x5d, 0x96, 0xb4, 0xeb, 0x15, 0xac, 0xe2, 0x98, 0x32, 0xf1, 0x74, 0x3c, 0x6f, 0x79,
    0xa1, 0xfb, 0xc2, 0x02, 0xc3, 0x3c, 0x4d, 0x4d, 0x03, 0x5e, 0x60, 0x3f, 0x39, 0x70, 0x1c, 0xc1, 0xf7, 0x5a, 0xe4, 0x6c,
    0xeb, 0x4f, 0xef, 0xdf, 0x7f, 0xff, 0xfd, 0xc1, 0x41, 0xab, 0x5e, 0xcc, 0x0f, 0x98, 0x9a, 0xde, 0x68, 0x4c, 0xca, 0x5a,
    0xd4, 0xb0, 0x15, 0xa0, 0x99, 0x65, 0x3a, 0xac, 0x02, 0x78, 0x35, 0x60, 0xd6, 0x95, 0xf2, 0x62, 0x69, 0xad, 0x14, 0x1b,
    0x68, 0xb8, 0xac, 0xfd, 0xe0, 0xd6, 0xca, 0x4a, 0x29, 0x9b, 0x63, 0xa3, 0xa9, 0x04, 0xdf, 0xee, 0x7a, 0xda, 0x78, 0x91,
    0x68, 0x7f, 0x63, 0xe5, 0x2b, 0x3d, 0x0d, 0x05, 0x1f, 0x74, 0xf6, 0x57, 0x42, 0x83, 0xac, 0xf4, 0x6e, 0x72, 0xcd, 0x68,
    0xbc, 0xb0, 0x20, 0x21, 0x92, 0x4d, 0xc9, 0x77, 0xa3, 0xd6, 0x9d, 0xce, 0x30, 0xe5, 0x84, 0x2f, 0x4d, 0xc3, 0xcb, 0xc9,
    0xed, 0xb7, 0xc6, 0x23, 0x19, 0x1e, 0xc2, 0x54, 0xbc, 0xb7, 0x77, 0x1f, 0x6a, 0x63, 0x12, 0x89, 0xa5, 0x31, 0x66, 0xa8,
    0x1c, 0xc4, 0x81, 0x06, 0xdc, 0xc9, 0x9b, 0x7d, 0xd7, 0xea, 0xfc, 0x24, 0x6f, 0xca, 0x2d, 0xcc, 0x33, 0xf5, 0x91, 0xb8,
    0x3e, 0x31, 0x31, 0x5d, 0x3c, 0xae, 0x1f, 0xd6, 0xa0, 0x7b, 0x87, 0xd4, 0xd8, 0xab, 0x36, 0x79, 0x5a, 0x5b, 0x1e, 0x15,
    0x08, 0x1b, 0x07, 0xd5, 0x57, 0xc5, 0xac, 0x04, 0x3b, 0x79, 0xe7, 0x1d, 0xfe, 0x98, 0x2d, 0xd6, 0x8a, 0x0d, 0x54, 0x52,
    0x5f, 0xc4, 0x79, 0xd2, 0x10, 0x3e, 0x95, 0xde, 0x3d, 0xb8, 0xae, 0xb5, 0x2d, 0x07, 0x5b, 0x07, 0x29, 0x80, 0xd6, 0x6b,
    0x57, 0x3b, 0x92, 0xf0, 0xbc, 0xcf, 0xaf, 0x31, 0x9c, 0xaf, 0x0d, 0x36, 0xfc, 0xff, 0x20, 0xd8, 0x32, 0xe1, 0x55, 0xff,
    0xc9, 0x56, 0x73, 0x8c, 0x21, 0x95, 0x64, 0x45, 0x89, 0xc8, 0x05, 0xd5, 0x39, 0x80, 0x09, 0xab, 0x24, 0xdf, 0xfa, 0xf0,
    0xfc, 0x73, 0x18, 0x13, 0xc1, 0x18, 0xf0, 0x4b, 0x89, 0x12, 0xf2, 0xef, 0x81, 0x6c, 0xee, 0x6c, 0xac, 0xc0, 0x8c, 0x37,
    0x02, 0x8c, 0x6e, 0x56, 0x40, 0xb5, 0x56, 0x9f, 0x4c, 0x74, 0xa8, 0x93, 0x77, 0x26, 0xa0, 0xc3, 0x2a, 0x1e, 0x67, 0xe6,
    0x9e, 0x2e, 0xfa, 0xc5, 0xc8, 0x8d, 0xf4, 0x31, 0xd7, 0x1e, 0xc6, 0x1d, 0x09, 0x3e, 0xe3, 0xa2, 0x24, 0x99, 0x66, 0xf4,
    0xf8, 0x01, 0x5e, 0xbe, 0x61, 0xa5, 0xd6, 0xd5, 0xde, 0x40, 0xce, 0x2a, 0x59, 0xee, 0x6a, 0x22, 0x57, 0xdd, 0x5b, 0x3f,
    0xbe, 0xfe, 0xd0, 0x32, 0x07, 0xf3, 0x48, 0xe2, 0x29, 0x3c, 0xb5, 0x83, 0x33, 0xdd, 0x1d, 0xef, 0x36, 0x86, 0x8d, 0xaa,
    0xa0, 0x39, 0x3d, 0x9a, 0xd6, 0xa0, 0x41, 0x2a, 0xa2, 0x58, 0xf3, 0x1a, 0x71, 0xc7, 0xc0, 0x75, 0xc7, 0xa6, 0x78, 0x98,
    0x52, 0x6f, 0x09, 0x1b, 0xea, 0xc6, 0xa6, 0xc4, 0x93, 0x1d, 0x4e, 0xe9, 0x8f, 0xbe, 0xd0, 0xe6, 0x61, 0x13, 0x78, 0x49,
    0x08, 0x5e, 0x18, 0x69, 0x2b, 0x6c, 0xc6, 0x5d, 0x1f, 0xf6, 0x83, 0x4c, 0xc9, 0xd7, 0xde, 0xea, 0x78, 0x95, 0x26, 0x21,
    0x54, 0x7b, 0x26, 0xe2, 0x4a, 0xd3, 0x6c, 0xd8, 0x5d, 0x4e, 0x18, 0x7e, 0x8a, 0xda, 0xbb, 0xce, 0x0b, 0xf3, 0x75, 0x62,
    0x2a, 0x27, 0x95, 0xe8, 0xc0, 0x78, 0x57, 0x4a, 0x41, 0xdb, 0xbc, 0x71, 0x5f, 0xaa, 0xc5, 0xb1, 0xb2, 0x60, 0xe8, 0x92,
    0xfe, 0xf1, 0xc0, 0xdb, 0x45, 0xc1, 0xb9, 0x91, 0x2d, 0xa9, 0x17, 0x82, 0xf6, 0x01, 0x18, 0x83, 0x45, 0x82, 0x98, 0x14,
    0x12, 0x07, 0x8b, 0x1b, 0xe7, 0x7f, 0xb1, 0x1d, 0x16, 0x2b, 0x83, 0xb7, 0xc4, 0xbd, 0xd5, 0x3b, 0xc0, 0xea, 0x9a, 0x5c,
    0x33, 0xf6, 0xa6, 0xd9, 0xc6, 0xeb, 0x6a, 0x33, 0x69, 0x8d, 0xfe, 0x14, 0xe6, 0x50, 0x3c, 0x18, 0x83, 0xf3, 0x5e, 0xe0,
    0x48, 0x74, 0xc4, 0xdb, 0xde, 0x07, 0x0b, 0xe8, 0x89, 0xb4, 0x3c, 0x91, 0x3d, 0x48, 0x96, 0x3f, 0xc7, 0x1e, 0xa1, 0xf5,
    0x27, 0xc7, 0xb8, 0xa2, 0x9e, 0x76, 0xd6, 0x6a, 0x52, 0x52, 0x52, 0x71, 0x0b, 0x58, 0xe1, 0x6c, 0x57, 0x2b, 0xe1, 0xb1,
    0x0d, 0x7b, 0xff, 0xf1, 0x34, 0xf4, 0xf8, 0x92, 0xb4, 0xc3, 0x86, 0xb4, 0x83, 0xd5, 0xb4, 0x75, 0x93, 0xbb, 0xef, 0x21,
    0xe5, 0x48, 0x3d, 0x3a, 0xbc, 0x25, 0x0e, 0x31, 0x64, 0x02, 0xac, 0x58, 0xb6, 0xa0, 0x3c, 0xd9, 0x45, 0x1b, 0x0a, 0xc3,
    0x36, 0x45, 0x12, 0x7a, 0x69, 0xf3, 0x0b, 0xa1, 0x99, 0xd4, 0x08, 0xa2, 0x76, 0x7e, 0xf9, 0xa2, 0x0d, 0x71, 0xa4, 0x51,
    0xc0, 0xe5, 0x88, 0x41, 0x5c, 0xa9, 0x7e, 0x94, 0x2f, 0xea, 0xf9, 0x71, 0x66, 0x34, 0x08, 0x9b, 0x82, 0x74, 0x85, 0x7b,
    0x85, 0x57, 0x09, 0xbd, 0xca, 0x26, 0xd5, 0xd7, 0x9f, 0x8b, 0x70, 0x46, 0x03, 0xb0, 0xdb, 0x72, 0xc5, 0x6c, 0xf5, 0xaa,
    0x99, 0x02, 0x60, 0x43, 0x90, 0x99, 0xe8, 0x71, 0x0e, 0x90, 0x5a, 0x7b, 0xff, 0xa6, 0xc7, 0x9c, 0x17, 0xad, 0x86, 0x40,
    0x09, 0x42, 0xff, 0xf3, 0x1e, 0x74, 0x32, 0x91, 0x35, 0xd7, 0x09, 0x44, 0x14, 0x6b, 0x9f, 0xd5, 0x22, 0xf3, 0x88, 0x9f,
    0x1a, 0x41, 0xb9, 0xe2, 0xee, 0xac, 0x55, 0x85, 0xc9, 0x91, 0x0b, 0xf6, 0xeb, 0xca, 0x26, 0xf5, 0xb2, 0xe7, 0xb7, 0xb9,
    0xa5, 0x2d, 0xe6, 0x6d, 0x99, 0x21, 0x25, 0xa9, 0xb6, 0x9d, 0xb3, 0xb5, 0xee, 0x6c, 0x62, 0xa5, 0xc0, 0x32, 0xe6, 0xdd,
    0xc7, 0xab, 0xd2, 0x73, 0xaa, 0x6b, 0x73, 0x92, 0x6b, 0xcd, 0x24, 0x96, 0x43, 0x7e, 0xae, 0x85, 0xed, 0x6b, 0x70, 0xa3,
    0xb6, 0x22, 0xca, 0x8b, 0xcb, 0x37, 0xae, 0x94, 0xfe, 0xe2, 0xf4, 0x27, 0x90, 0xaa, 0x3a, 0x4d, 0xf3, 0xf5, 0xb0, 0x7a,
    0x05, 0x5b, 0xb9, 0x56, 0x91, 0x7e, 0xfa, 0x31, 0x2c, 0xf3, 0xd1, 0x2f, 0x33, 0xf2, 0x1c, 0x5f, 0x4e, 0x60, 0x4e, 0x5a,
    0x61, 0x29, 0xd0, 0x50, 0x38, 0x77, 0x28, 0x1a, 0x97, 0x4b, 0xd1, 0x4f, 0x0e, 0xcd, 0x6b, 0xb2, 0xbc, 0x5d, 0x3b, 0x89,
    0x17, 0x65, 0x66, 0xfa, 0x94, 0x60, 0xef, 0xfa, 0x7d, 0xc2, 0xd6, 0x73, 0x24, 0xfb, 0xfc, 0xad, 0x9e, 0xff, 0xd3, 0xea,
    0xd2, 0xf7, 0xb3, 0x3f, 0x86, 0xd9, 0xec, 0xc4, 0x7c, 0x4a, 0x11, 0x4f, 0x26, 0x9e, 0xff, 0x4a, 0x7b, 0x96, 0x91, 0x13,
    0x29, 0x62, 0xb6, 0xdd, 0x6f, 0x6c, 0xb7, 0xd2, 0x93, 0x78, 0x52, 0xf1, 0x79, 0xc3, 0x8b, 0x63, 0x20, 0x08, 0xc2, 0x24,
    0x4e, 0x56, 0x10, 0x14, 0x68, 0x4d, 0x5e, 0x47, 0xea, 0x59, 0xc5, 0x15, 0xbb, 0x23, 0xab, 0x75, 0xbb, 0x65, 0x34, 0x2c,
    0xdc, 0x2e, 0xbd, 0x0c, 0x24, 0xc8, 0xbd, 0x7b, 0x2c, 0xce, 0x64, 0x53, 0xe2, 0xa2, 0xd6, 0xd2, 0x85, 0xa6, 0x1f, 0xd5,
    0xd2, 0x87, 0x17, 0xa1, 0x34, 0xbc, 0x67, 0x75, 0x93, 0x06, 0x11, 0x66, 0x24, 0xb5, 0x29, 0xea, 0x87, 0x5b, 0xff, 0x82,
    0xac, 0xb8, 0xa7, 0xd7, 0xa5, 0x9b, 0xa5, 0xa2, 0xf2, 0xdf, 0xaf, 0xad, 0xbe, 0xd2, 0xd4, 0x5d, 0x39, 0x9c, 0xda, 0x90,
    0x43, 0x51, 0xcd, 0xb5, 0x23, 0x28, 0x47, 0x6f, 0x0e, 0xaf, 0xd8, 0xe1, 0xba, 0xf6, 0x92, 0xaa, 0xbd, 0x4a, 0xa4, 0x78,
    0x48, 0xb9, 0x92, 0xdc, 0x87, 0x0f, 0xf7, 0x2b, 0xe1, 0xe2, 0xe7, 0x26, 0xf2, 0x15, 0xd3, 0xdd, 0x40, 0xac, 0x0a, 0xfc,
    0x21, 0x59, 0x6a, 0x69, 0xb9, 0x15, 0xba, 0x6d, 0x00, 0x6a, 0x2a, 0x90, 0x68, 0x81, 0x6a, 0x29, 0x7a, 0x5d, 0x69, 0x65,
    0xde, 0x33, 0xb2, 0x44, 0xc7, 0x4b, 0xb5, 0x4c, 0xf7, 0x96, 0xa5, 0x5f, 0x7e, 0x59, 0x95, 0xc7, 0x52, 0x33, 0x85, 0x97,
    0xda, 0xf8, 0x61, 0xad, 0xf1, 0x64, 0x4d, 0xe3, 0x89, 0x69, 0xfc, 0xb0, 0xd6, 0x78, 0xe2, 0x37, 0x9e, 0x98, 0xc6, 0x93,
    0xa5, 0x71, 0x36, 0xe1, 0xc2, 0x6f, 0xd7, 0x68, 0xfd, 0x24, 0x9d, 0x85, 0x6a, 0x1b, 0x77, 0xfc, 0xee, 0xc3, 0x7e, 0xd6,
    0xdd, 0xeb, 0xfd, 0xeb, 0x13, 0xec, 0x6c, 0x07, 0xa3, 0x77, 0x88, 0x2f, 0x31, 0x15, 0x64, 0x56, 0x94, 0x6f, 0x7c, 0x79,
    0xc2, 0xb5, 0xb1, 0xaf, 0x04, 0x6d, 0x16, 0xb6, 0x17, 0x5d, 0x61, 0x63, 0x2e, 0xd7, 0xc0, 0x8c, 0x43, 0x62, 0xab, 0x1b,
    0xad, 0xd6, 0xe5, 0xa9, 0x86, 0x29, 0x24, 0x6b, 0xa8, 0xdb, 0xb8, 0x9e, 0xbc, 0x05, 0xe7, 0x55, 0xb8, 0xb0, 0xa5, 0x2f,
    0x56, 0x5b, 0x1b, 0xda, 0xcc, 0x23, 0x2f, 0xd3, 0xc2, 0x43, 0xfa, 0x35, 0xd9, 0x3e, 0x8d, 0x57, 0xb5, 0x0b, 0x51, 0xaf,
    0x6b, 0xa4, 0x5d, 0x65, 0x27, 0x55, 0xfd, 0xc3, 0xa0, 0xbe, 0x8a, 0xe0, 0x26, 0x6d, 0x4d, 0x5c, 0x6a, 0x88, 0xe2, 0x06,
    0x07, 0x42, 0xf9, 0xe0, 0xd9, 0x55, 0x93, 0x3e, 0x27, 0xa7, 0x16, 0x66, 0x40, 0xaa, 0x3d, 0xcb, 0x6d, 0x44, 0x53, 0x43,
    0x6f, 0xe5, 0xeb, 0x8a, 0x75, 0xf2, 0x7f, 0x45, 0x01, 0xbf, 0x8f, 0xa6, 0xf5, 0x16, 0xe4, 0x6e, 0xe7, 0x9c, 0x02, 0xcf,
    0x4e, 0xa2, 0xb7, 0xca, 0x64, 0x75, 0x51, 0x8a, 0xb9, 0xbc, 0xc3, 0xe0, 0x0b, 0xc1, 0xbb, 0xaa, 0xd4, 0xf8, 0x9a, 0x5c,
    0xa5, 0xcb, 0x3a, 0xbf, 0xac, 0xe1, 0x8a, 0x56, 0xec, 0xa9, 0xc4, 0x9e, 0x3e, 0xcc, 0xa6, 0xdc, 0x5c, 0x50, 0xcb, 0xea,
    0xb2, 0xaa, 0x0d, 0xc0, 0xe7, 0x94, 0xa2, 0xe8, 0xc0, 0x68, 0x44, 0x15, 0xe2, 0xaf, 0x88, 0x82, 0xab, 0xd2, 0x4b, 0xa0,
    0x56, 0x72, 0x95, 0x28, 0x8d, 0x5e, 0xa9, 0x76, 0x76, 0x5b, 0x53, 0xfb, 0x86, 0x9d, 0x50, 0xa2, 0xef, 0x1b, 0xe6, 0x81,
    0xe7, 0xa4, 0xf2, 0xfa, 0x22, 0x4e, 0x2b, 0x55, 0xbf, 0x63, 0xa7, 0xcd, 0xe9, 0x7f, 0x6d, 0x37, 0xca, 0xae, 0xd9, 0x7f,
    0xd4, 0x14, 0xbf, 0x26, 0x4d, 0x22, 0xd8, 0x3b, 0x88, 0x03, 0xd8, 0x67, 0x73, 0x82, 0x27, 0x2c, 0x3b, 0x9c, 0xe2, 0xe1,
    0x55, 0xc7, 0x6d, 0x71, 0x39, 0x9e, 0x46, 0xca, 0xc0, 0xa8, 0xb8, 0x49, 0xda, 0x8b, 0x30, 0xbd, 0x15, 0x5d, 0xdf, 0x58,
    0xaa, 0xae, 0x31, 0x36, 0xe3, 0x96, 0x13, 0xb2, 0xb4, 0x0a, 0x8b, 0xe5, 0xf2, 0x0e, 0xf5, 0x3e, 0xae, 0xae, 0xa3, 0xc4,
    0xf6, 0x77, 0xb8, 0xbe, 0xde, 0x61, 0x43, 0x7f, 0xc9, 0xf2, 0x0e, 0xf5, 0x1a, 0xfa, 0x2b, 0xf4, 0x9b, 0x72, 0xfc, 0x09,
    0x59, 0x82, 0x55, 0xf1, 0x38, 0x59, 0x77, 0xb9, 0x98, 0x80, 0x06, 0x7e, 0x15, 0x8e, 0x78, 0x8b, 0x4e, 0x3b, 0x5f, 0xbd,
    0x73, 0x94, 0xd6, 0xbc, 0xd1, 0x31, 0xf9, 0xb5, 0x68, 0x4a, 0xea, 0xbd, 0x93, 0xee, 0xaf, 0x73, 0xf4, 0x71, 0x2e, 0x3c,
    0xbf, 0x15, 0xf8, 0x90, 0x54, 0xa3, 0x1f, 0xce, 0x6f, 0xee, 0xd4, 0xfc, 0xb7, 0x46, 0x87, 0x20, 0x25, 0x8e, 0x58, 0x82,
    0x20, 0xfc, 0xc6, 0xdf, 0x7d, 0x2b, 0x00, 0xe4, 0x7d, 0x45, 0x00, 0x84, 0xee, 0x81, 0xe6, 0x73, 0x39, 0xc2, 0xf7, 0xfd,
    0x5b, 0x39, 0x52, 0x43, 0x2e, 0x22, 0x74, 0xbe, 0x10, 0xf7, 0x72, 0xa5, 0xda, 0x4a, 0x40, 0xa9, 0x50, 0xe8, 0xbc, 0xd6,
    0x4b, 0x1a, 0xe1, 0x84, 0x04, 0x10, 0x06, 0xc7, 0xae, 0x95, 0xcd, 0xcd, 0xfa, 0xb7, 0x36, 0x1c, 0xb9, 0x36, 0xb8, 0x37,
    0x52, 0xb6, 0xb5, 0x1d, 0x0c, 0x64, 0x94, 0xdb, 0x95, 0x27, 0xbe, 0xe1, 0xc4, 0xb7, 0x7c, 0x33, 0xc6, 0xa8, 0x0e, 0x34,
    0x9b, 0x38, 0x11, 0x25, 0x36, 0x3c, 0x23, 0x95, 0x44, 0xca, 0xf0, 0xe7, 0xc8, 0xfc, 0x18, 0x63, 0x06, 0xb9, 0xa8, 0xfc,
    0x1c, 0xea, 0xcf, 0x81, 0xfc, 0x18, 0x4b, 0x8f, 0xb5, 0xd3, 0x38, 0xdb, 0x8a, 0x5d, 0x61, 0x92, 0xe4, 0x9e, 0x4e, 0x7f,
    0xd2, 0x9f, 0x8f, 0x9a, 0xae, 0x6f, 0xa0, 0xff, 0xf5, 0x51, 0xc8, 0x4d, 0xc8, 0xf0, 0xb5, 0xdf, 0xfe, 0x71, 0x88, 0x17,
    0x4d, 0xa8, 0xb9, 0xac, 0x1b, 0xba, 0x5f, 0xd8, 0xee, 0x41, 0x2a, 0x93, 0xe1, 0x5d, 0x3f, 0xb3, 0x53, 0xbb, 0xac, 0x5d,
    0xff, 0xca, 0xd6, 0x8e, 0xf7, 0xf9, 0xa2, 0x02, 0xc7, 0x98, 0xb7, 0x1f, 0xd7, 0xd6, 0x1a, 0xb3, 0x97, 0x1e, 0x7c, 0x3d,
    0x64, 0x5b, 0xb5, 0x0e, 0x4e, 0x0f, 0xde, 0x76, 0x2a, 0x1d, 0xc4, 0x05, 0xe0, 0xda, 0x57, 0x7d, 0xda, 0x06, 0x94, 0x94,
    0x98, 0x92, 0x51, 0xc5, 0x57, 0xb5, 0x01, 0x51, 0x65, 0xed, 0x8b, 0x7a, 0x2b, 0xeb, 0x73, 0x62, 0x33, 0x36, 0x54, 0xef,
    0xb3, 0xfa, 0x9c, 0x55, 0xd5, 0xac, 0x0a, 0x86, 0xa0, 0x41, 0x3b, 0x86, 0x50, 0x8f, 0xd4, 0x33, 0xa3, 0x42, 0x68, 0xf5,
    0x51, 0x8e, 0xe2, 0xe4, 0x4b, 0xf7, 0x66, 0xa2, 0xb5, 0xab, 0xc0, 0xa3, 0x6f, 0x13, 0x2f, 0x22, 0x58, 0x5e, 0xde, 0x29,
    0xa4, 0xe0, 0x6c, 0xcf, 0x58, 0x43, 0xe4, 0xf4, 0xec, 0x5d, 0x26, 0x07, 0x67, 0xf8, 0x91, 0x57, 0x39, 0xff, 0x53, 0x4a,
    0x2e, 0x4f, 0x8e, 0xe4, 0xe5, 0xc8, 0xbc, 0x98, 0x60, 0x64, 0x86, 0xae, 0xcb, 0x13, 0x76, 0xce, 0x04, 0xfe, 0x4a, 0x02,
    0x9d, 0x81, 0x98, 0xc0, 0x5f, 0x1c, 0xac, 0x49, 0x1f, 0xe6, 0x38, 0xcc, 0x3d, 0x4b, 0xc1, 0x1f, 0xcd, 0xe9, 0x60, 0xf1,
    0xa3, 0x3d, 0x1e, 0x3c, 0xe1, 0x7a, 0xd8, 0xab, 0xd6, 0x45, 0x79, 0x82, 0x75, 0xb1, 0xe7, 0x96, 0x07, 0xda, 0x36, 0xf9,
    0xb2, 0x4c, 0xea, 0xe7, 0x69, 0xde, 0x30, 0xff, 0xe8, 0xa1, 0x9a, 0x57, 0xd5, 0x3b, 0x59, 0xbb, 0xa3, 0x8d, 0xac, 0x3c,
    0x31, 0xd2, 0x69, 0xad, 0x8d, 0x6c, 0xf5, 0x04, 0x4d, 0x6b, 0x38, 0x4a, 0x07, 0xc6, 0x8d, 0x26, 0xbb, 0x5a, 0xd4, 0xe4,
    0xd4, 0x56, 0xc4, 0x6a, 0x39, 0x64, 0xd9, 0xd3, 0xbb, 0x93, 0x5b, 0xce, 0xf9, 0x98, 0xd7, 0xea, 0x84, 0x94, 0x08, 0xfd,
    0x22, 0xf0, 0x42, 0x48, 0xe5, 0x20, 0xca, 0x9d, 0x77, 0xdb, 0x2f, 0xa1, 0xd5, 0xae, 0x83, 0x8a, 0xf7, 0xc7, 0xff, 0x01,
    0xe4, 0x77, 0x97, 0xc8, 0x06, 0xd5, 0x00, 0x00,
};
