

static const uint16_t handHour[] PROGMEM  = 
	{ 0x0120, 0x0120, 0x0120, 0x0120, 0x0120, 0x0120, 0x0120, 0x0120, 0x0120, 0x0120, 0x0120, 0x0120, 0x0120, 0x0120, 0x0120, 0x0120, 0x0120, 0x0120, 0x0120, 0x0120, 0x0120, 
  0x0120, 0x0120, 0x0120, 0x0120, 0x0120, 0x0120, 0x0120, 0x0120, 0x0120, 0x0120, 0x0120, 0x0120, 0x0120, 0x0120, 0x0120, 0x0120, 0x0120, 0x0120, 0x0120, 0x0120, 0x0120, 
  0x0120, 0x0120, 0x0120, 0x0120, 0x0120, 0x0120, 0x0120, 0x0120, 0x0120, 0x0120, 0x0120, 0x0120, 0x0120, 0x0120, 0x0120, 0x0120, 0x0120, 0x0120, 0x0120, 0x0120, 0x0120, 
  0x0120, 0x0120, 0x0120, 0x0120, 0x0120, 0x0120, 0x0120, 0x0120, 0x0120, 0x0120, 0x0120, 0x0120, 0x0120, 0x0120, 0x0120, 0x0120, 0x0120, 0x0120, 0x0120, 0x0120, 0x0120, 
  0x0120, 0x0120, 0x0120, 0x0120, 0x0120, 0x0120, 0x0120, 0x0120, 0x0120, 0x0120, 0x0120, 0x0120, 0x0120, 0x0120, 0x0120, 0x0120, 0x0120, 0x0120, 0x0120, 0x0120, 0x0120, 
  0x0120, 0x0120, 0x0120, 0x0120, 0x0120, 0x0120, 0x0120, 0x0120, 0x0120, 0x0120, 0x0120, 0x0120, 0x0120, 0x0120, 0x0120, 0x0120, 0x0120, 0x0120, 0x0120, 0x0120, 0x0120, 
  0x0120, 0x0120, 0x0120, 0x0120, 0x0120, 0x0120, 0x0120, 0x0120, 0x0120, 0x0120, 0x0120, 0x0120, 0x0120, 0x0120, 0x0120, 0x0120, 0x0120, 0x0120, 0x0120, 0x0120, 0x0120, 
  0x0120, 0x0120, 0x0120, 0x0120, 0x0120, 0x0120, 0x0120, 0x0120, 0x0120, 0x0120, 0x0120, 0x0120, 0x0120, 0x0120, 0x0120, 0x0120, 0x0120, 0x0120, 0x0120, 0x0120, 0x0120, 
  0x0120, 0x0120, 0x0120, 0x0120, 0x0120, 0x0120, 0x0120, 0x0120, 0x0120, 0x0120, 0x0120, 0x0120, 0x0120, 0x0120, 0x0120, 0x0120, 0x0120, 0x0120, 0x0120, 0x0120, 0x0120, 
  0x0120, 0x0120, 0x0120, 0x0120, 0x0120, 0x0120, 0x0120, 0x0120, 0x0120, 0x0120, 0x0120, 0x0120, 0x0120, 0x0120, 0x0120, 0x0120, 0x0120, 0x0120, 0x0120, 0x0120, 0x0120, 
  0x0120, 0x0120, 0x0120, 0x0120, 0x0120, 0x0120, 0x0120, 0x0120, 0x0120, 0x0120, 0x0120, 0x0120, 0x0120, 0x0120, 0x0120, 0x0120, 0x0120, 0x0120, 0x0120, 0x0120, 0x0120, 
  0x0120, 0x0120, 0x0120, 0x0120, 0x0120, 0x0120, 0x0120, 0x0120, 0x0120, 0x0120, 0x0120, 0x0120, 0x0120, 0x0120, 0x0120, 0x0120, 0x0120, 0x0120, 0x0120, 0x0120, 0x0120, 
  0x0120, 0x0120, 0x0120, 0x0120, 0x0120, 0x0120, 0x0120, 0x0120, 0x0120, 0x0120, 0x0120, 0x0120, 0x0120, 0x0120, 0x0120, 0x0120, 0x0120, 0x0120, 0x0120, 0x0120, 0x0120, 
  0x0120, 0x0120, 0x0120, 0x0120, 0x0120, 0x0120, 0x0120, 0x0120, 0x0120, 0x0120, 0x0120, 0x0120, 0x0120, 0x0120, 0x0120, 0x0120, 0x0120, 0x0120, 0x0120, 0x0120, 0x0120, 
  0x0120, 0x0120, 0x0120, 0x0120, 0x0120, 0x0120, 0x0120, 0x0120, 0x0120, 0x0120, 0x0120, 0x0120, 0x0120, 0x0120, 0x0120, 0x0120, 0x0120, 0x0120, 0x0120, 0x0120, 0x0120, 
  0x0120, 0x0120, 0x0120, 0x0120, 0x0120, 0x0120, 0x0120, 0x0120, 0x0120, 0x0120, 0x0120, 0x0120, 0x0120, 0x0120, 0x0120, 0x0120, 0x0120, 0x0120, 0x0120, 0x0120, 0x0120, 
  0x0120, 0x0120, 0x0120, 0x0120, 0x0120, 0x0120, 0x0120, 0x0120, 0x0120, 0x0120, 0x0120, 0x0120, 0x0120, 0x0120, 0x0120, 0x0120, 0x0120, 0x0120, 0x0120, 0x0120, 0x0120, 
  0x0120, 0x0120, 0x0120, 0x0120, 0x0120, 0x0120, 0x0120, 0x0120, 0x0120, 0x0120, 0x0120, 0x0120, 0x0120, 0x0120, 0x0120, 0x0120, 0x0120, 0x0120, 0x0120, 0x0120, 0x0120, 
  0x0120, 0x0120, 0x0120, 0x0120, 0x0120, 0x0120, 0x0120, 0x0120, 0x0120, 0x0120, 0x0120, 0x0120, 0x0120, 0x0120, 0x0120, 0x0120, 0x0120, 0x0120, 0x0120, 0x0120, 0x0120, 
  0x0120, 0x0120, 0x0120, 0x0120, 0x0120, 0x0120, 0x0120, 0x0120, 0x0120, 0x0120, 0x0120, 0x0120, 0x0120, 0x0120, 0x0120, 0x0120, 0x0120, 0x0120, 0x0120, 0x0120, 0x0120, 
  0x0120, 0x0120, 0x0120, 0x0120, 0x0120, 0x0120, 0x0120, 0x0120, 0x0120, 0x0120, 0x0120, 0x0120, 0x0120, 0x0120, 0x0120, 0x0120, 0x0120, 0x0120, 0x0120, 0x0120, 0x0120, 
  0x0120, 0x0120, 0x0120, 0x0120, 0x0120, 0x0120, 0x0120, 0x0120, 0x0120, 0x0120, 0x0120, 0x0120, 0x0120, 0x0120, 0x0120, 0x0120, 0x0120, 0x0120, 0x0120, 0x0120, 0x0120, 
  0x0120, 0x0120, 0x0120, 0x0120, 0x0120, 0x0120, 0x0120, 0x0120, 0x0120, 0x0120, 0x0120, 0x0120, 0x0120, 0x0120, 0x0120, 0x0120, 0x0120, 0x0120, 0x0120, 0x0120, 0x0120, 
  0x0120, 0x0120, 0x0120, 0x0120, 0x0120, 0x0120, 0x0120, 0x0120, 0x0120, 0x0120, 0x0120, 0x0120, 0x0120, 0x0120, 0x0120, 0x0120, 0x0120, 0x0120, 0x0120, 0x0120, 0x0120, 
  0x0120, 0x0120, 0x0120, 0x0120, 0x0120, 0x0120, 0x0120, 0x0120, 0x0120, 0x0120, 0x0120, 0x0120, 0x0120, 0x0120, 0x0120, 0x0120, 0x0120, 0x0120, 0x0120, 0x0120, 0x0120, 
  0x0120, 0x0120, 0x0120, 0x0120, 0x0120, 0x0120, 0x0120, 0x0120, 0x0120, 0x0120, 0x0120, 0x0120, 0x0120, 0x0120, 0x0120, 0x0120, 0x0120, 0x0120, 0x0120, 0x0120, 0x0120, 
  0x0120, 0x0120, 0x0120, 0x0120, 0x0120, 0x0120, 0x0120, 0x0120, 0x0120, 0x0120, 0x0120, 0x0120, 0x0120, 0x0120, 0x0120, 0x0120, 0x0120, 0x0120, 0x0120, 0x0120, 0x0120, 
  0x0120, 0x0120, 0x0120, 0x0120, 0x0120, 0x0120, 0x0120, 0x0120, 0x0120, 0x0120, 0x0120, 0x0120, 0x0120, 0x0120, 0x0120, 0x0120, 0x0120, 0x0120, 0x0120, 0x0120, 0x0120, 
  0x0120, 0x0120, 0x0120, 0x0120, 0x0120, 0x0120, 0x0120, 0x0120, 0x0120, 0x0120, 0x0120, 0x0120, 0x0120, 0x0120, 0x0120, 0x0120, 0x0120, 0x0120, 0x0120, 0x0120, 0x0120, 
  0x0120, 0x0120, 0x0120, 0x0120, 0x0120, 0x0120, 0x0120, 0x0120, 0x0120, 0x0120, 0x0120, 0x0120, 0x0120, 0x0120, 0x0120, 0x0120, 0x0120, 0x0120, 0x0120, 0x0120, 0x0120, 
  0x0120, 0x0120, 0x0120, 0x0120, 0x0120, 0x0120, 0x0120, 0x0120, 0x0120, 0x0120, 0x0120, 0x0120, 0x0120, 0x0120, 0x0120, 0x0120, 0x0120, 0x0120, 0x0120, 0x0120, 0x0120, 
  0x0120, 0x0120, 0x0120, 0x0120, 0x0120, 0x0120, 0x0120, 0x0120, 0x0120, 0x0120, 0x0120, 0x0120, 0x0120, 0x0120, 0x0120, 0x0120, 0x0120, 0x0120, 0x0120, 0x0120, 0x0120, 
  0x0120, 0x0120, 0x0120, 0x0120, 0x0120, 0x0120, 0x0120, 0x0120, 0x0120, 0x0120, 0x0120, 0x0120, 0x0120, 0x0120, 0x0120, 0x0120, 0x0120, 0x0120, 0x0120, 0x0120, 0x0120, 
  0x0120, 0x0120, 0x0120, 0x0120, 0x0120, 0x0120, 0x0120, 0x0120, 0x0120, 0x0120, 0x0120, 0x0120, 0x0120, 0x0120, 0x0120, 0x0120, 0x0120, 0x0120, 0x0120, 0x0120, 0x0120, 
  0x0120, 0x0120, 0x0120, 0x0120, 0x0120, 0x0120, 0x0120, 0x0120, 0x0120, 0x0120, 0x0120, 0x0120, 0x0120, 0x0120, 0x0120, 0x0120, 0x0120, 0x0120, 0x0120, 0x0120, 0x0120, 
  0x0120, 0x0120, 0x0120, 0x0120, 0x0120, 0x0120, 0x0120, 0x0120, 0x0120, 0x0120, 0x0120, 0x0120, 0x0120, 0x0120, 0x0120, 0x0120, 0x0120, 0x0120, 0x0120, 0x0120, 0x0120, 
  0x0120, 0x0120, 0x0120, 0x0120, 0x0120, 0x0120, 0x0120, 0x0120, 0x0120, 0x0120, 0x0120, 0x0120, 0x0120, 0x0120, 0x0120, 0x0120, 0x0120, 0x0120, 0x0120, 0x0120, 0x0120, 
  0x0120, 0x0120, 0x0120, 0x0120, 0x0120, 0x0120, 0x0120, 0x0120, 0x0120, 0x0120, 0x0120, 0x0120, 0x0120, 0x0120, 0x0120, 0x0120, 0x0120, 0x0120, 0x0120, 0x0120, 0x0120, 
  0x0120, 0x0120, 0x0120, 0x0120, 0x0120, 0x0120, 0x0120, 0x0120, 0x0120, 0x0120, 0x0120, 0x0120, 0x0120, 0x0120, 0x0120, 0x0120, 0x0120, 0x0120, 0x0120, 0x0120, 0x0120, 
  0x0120, 0x0120, 0x0120, 0x0120, 0x0120, 0x0120, 0x0120, 0x0120, 0x0120, 0x0120, 0x0120, 0x0120, 0x0120, 0x0120, 0x0120, 0x0120, 0x0120, 0x0120, 0x0120, 0x0120, 0x0120, 
  0x0120, 0x0120, 0x0120, 0x0120, 0x0120, 0x0120, 0x0120, 0x0120, 0x0120, 0x0120, 0x0120, 0x0120, 0x0120, 0x0120, 0x0120, 0x0120, 0x0120, 0x0120, 0x0120, 0x0120, 0x0120, 
  0x0120, 0x0120, 0x0120, 0x0120, 0x0120, 0x0120, 0x0120, 0x0120, 0x0120, 0x0120, 0x0120, 0x0120, 0x0120, 0x0120, 0x0120, 0x0120, 0x0120, 0x0120, 0x0120, 0x0120, 0x0120, 
  0x0120, 0x0120, 0x0120, 0x0120, 0x0120, 0x0120, 0x0120, 0x0120, 0x0120, 0x0120, 0x0120, 0x0120, 0x0120, 0x0120, 0x0120, 0x0120, 0x0120, 0x0120, 0x0120, 0x0120, 0x0120, 
  0x0120, 0x0120, 0x0120, 0x0120, 0x0120, 0x0120, 0x0120, 0x0120, 0x0120, 0x0120, 0x0120, 0x0120, 0x0120, 0x0120, 0x0120, 0x0120, 0x0120, 0x0120, 0x0120, 0x0120, 0x0120, 
  0x0120, 0x0120, 0x0120, 0x0120, 0x5aeb, 0x5aeb, 0x5aeb, 0x5aeb, 0x5aeb, 0x5aeb, 0x5aeb, 0x5aeb, 0x5aeb, 0x5aeb, 0x5aeb, 0x5aeb, 0x5aeb, 0x0120, 0x0120, 0x0120, 0x0120, 
  0x0120, 0x0120, 0x0120, 0x0120, 0x0000, 0x0000, 0x0000, 0x0000, 0x0000, 0x0000, 0x0000, 0x0000, 0x0000, 0x0000, 0x0000, 0x0000, 0x0000, 0x0120, 0x0120, 0x0120, 0x0120, 
  0x0120, 0x0120, 0x0120, 0x0120, 0x0000, 0x0000, 0x0000, 0x0000, 0x0000, 0x0000, 0x0000, 0x0000, 0x0000, 0x0000, 0x0000, 0x0000, 0x0000, 0x0120, 0x0120, 0x0120, 0x0120, 
  0x0120, 0x0120, 0x0120, 0x0120, 0x0000, 0x0000, 0x0000, 0x0000, 0x0000, 0x0000, 0x0000, 0x0000, 0x0000, 0x0000, 0x0000, 0x0000, 0x0000, 0x0120, 0x0120, 0x0120, 0x0120, 
  0x0120, 0x0120, 0x0120, 0x0120, 0x0000, 0x0000, 0x0000, 0x0000, 0x0000, 0x0000, 0x0000, 0x0000, 0x0000, 0x0000, 0x0000, 0x0000, 0x0000, 0x0120, 0x0120, 0x0120, 0x0120, 
  0x0120, 0x0120, 0x0120, 0x0120, 0x0000, 0x0000, 0x0000, 0x0000, 0x0000, 0x0000, 0x0000, 0x0000, 0x0000, 0x0000, 0x0000, 0x0000, 0x0000, 0x0120, 0x0120, 0x0120, 0x0120, 
  0x0120, 0x0120, 0x0120, 0x0120, 0x0000, 0x0000, 0x0000, 0x0000, 0x0000, 0x0000, 0x0000, 0x0000, 0x0000, 0x0000, 0x0000, 0x0000, 0x0000, 0x0120, 0x0120, 0x0120, 0x0120, 
  0x0120, 0x0120, 0x0120, 0x0120, 0x0000, 0x0000, 0x0000, 0x0000, 0x0000, 0x0000, 0x0000, 0x0000, 0x0000, 0x0000, 0x0000, 0x0000, 0x0000, 0x0120, 0x0120, 0x0120, 0x0120, 
  0x0120, 0x0120, 0x0120, 0x0120, 0x0000, 0x0000, 0x0000, 0x0000, 0x0000, 0x0000, 0x0000, 0x0000, 0x0000, 0x0000, 0x0000, 0x0000, 0x0000, 0x0120, 0x0120, 0x0120, 0x0120, 
  0x0120, 0x0120, 0x0120, 0x0120, 0x0000, 0x0000, 0x0000, 0x0000, 0x0000, 0x0000, 0x0000, 0x0000, 0x0000, 0x0000, 0x0000, 0x0000, 0x0000, 0x0120, 0x0120, 0x0120, 0x0120, 
  0x0120, 0x0120, 0x0120, 0x0120, 0x0000, 0x0000, 0x0000, 0x0000, 0x0000, 0x0000, 0x0000, 0x0000, 0x0000, 0x0000, 0x0000, 0x0000, 0x0000, 0x0120, 0x0120, 0x0120, 0x0120, 
  0x0120, 0x0120, 0x0120, 0x0120, 0x0000, 0x0000, 0x0000, 0x0000, 0x0000, 0x0000, 0x0000, 0x0000, 0x0000, 0x0000, 0x0000, 0x0000, 0x0000, 0x0120, 0x0120, 0x0120, 0x0120, 
  0x0120, 0x0120, 0x0120, 0x0120, 0x0000, 0x0000, 0x0000, 0x0000, 0x0000, 0x0000, 0x0000, 0x0000, 0x0000, 0x0000, 0x0000, 0x0000, 0x0000, 0x0120, 0x0120, 0x0120, 0x0120, 
  0x0120, 0x0120, 0x0120, 0x0120, 0x0000, 0x0000, 0x0000, 0x0000, 0x0000, 0x0000, 0x0000, 0x0000, 0x0000, 0x0000, 0x0000, 0x0000, 0x0000, 0x0120, 0x0120, 0x0120, 0x0120, 
  0x0120, 0x0120, 0x0120, 0x0120, 0x0000, 0x0000, 0x0000, 0x0000, 0x0000, 0x0000, 0x0000, 0x0000, 0x0000, 0x0000, 0x0000, 0x0000, 0x0000, 0x0120, 0x0120, 0x0120, 0x0120, 
  0x0120, 0x0120, 0x0120, 0x0120, 0x0000, 0x0000, 0x0000, 0x0000, 0x0000, 0x0000, 0x0000, 0x0000, 0x0000, 0x0000, 0x0000, 0x0000, 0x0000, 0x0120, 0x0120, 0x0120, 0x0120, 
  0x0120, 0x0120, 0x0120, 0x0120, 0x0000, 0x0000, 0x0000, 0x0000, 0x0000, 0x0000, 0x0000, 0x0000, 0x0000, 0x0000, 0x0000, 0x0000, 0x0000, 0x0120, 0x0120, 0x0120, 0x0120, 
  0x0120, 0x0120, 0x0120, 0x0120, 0x0000, 0x0000, 0x0000, 0x0000, 0x0000, 0x0000, 0x0000, 0x0000, 0x0000, 0x0000, 0x0000, 0x0000, 0x0000, 0x0120, 0x0120, 0x0120, 0x0120, 
  0x0120, 0x0120, 0x0120, 0x0120, 0x0000, 0x0000, 0x0000, 0x0000, 0x0000, 0x0000, 0x0000, 0x0000, 0x0000, 0x0000, 0x0000, 0x0000, 0x0000, 0x0120, 0x0120, 0x0120, 0x0120, 
  0x0120, 0x0120, 0x0120, 0x0120, 0x0000, 0x0000, 0x0000, 0x0000, 0x0000, 0x0000, 0x0000, 0x0000, 0x0000, 0x0000, 0x0000, 0x0000, 0x0000, 0x0120, 0x0120, 0x0120, 0x0120, 
  0x0120, 0x0120, 0x0120, 0x0120, 0x0000, 0x0000, 0x0000, 0x0000, 0x0000, 0x0000, 0x0000, 0x0000, 0x0000, 0x0000, 0x0000, 0x0000, 0x0000, 0x0120, 0x0120, 0x0120, 0x0120, 
  0x0120, 0x0120, 0x0120, 0x0120, 0x0000, 0x0000, 0x0000, 0x0000, 0x0000, 0x0000, 0x0000, 0x0000, 0x0000, 0x0000, 0x0000, 0x0000, 0x0000, 0x0120, 0x0120, 0x0120, 0x0120, 
  0x0120, 0x0120, 0x0120, 0x0120, 0x0000, 0x0000, 0x0000, 0x0000, 0x0000, 0x0000, 0x0000, 0x0000, 0x0000, 0x0000, 0x0000, 0x0000, 0x0000, 0x0120, 0x0120, 0x0120, 0x0120, 
  0x0120, 0x0120, 0x0120, 0x0120, 0x0000, 0x0000, 0x0000, 0x0000, 0x0000, 0x0000, 0x0000, 0x0000, 0x0000, 0x0000, 0x0000, 0x0000, 0x0000, 0x0120, 0x0120, 0x0120, 0x0120, 
  0x0120, 0x0120, 0x0120, 0x0120, 0x0000, 0x0000, 0x0000, 0x0000, 0x0000, 0x0000, 0x0000, 0x0000, 0x0000, 0x0000, 0x0000, 0x0000, 0x0000, 0x0120, 0x0120, 0x0120, 0x0120, 
  0x0120, 0x0120, 0x0120, 0x0120, 0x0000, 0x0000, 0x0000, 0x0000, 0x0000, 0x0000, 0x0000, 0x0000, 0x0000, 0x0000, 0x0000, 0x0000, 0x0000, 0x0120, 0x0120, 0x0120, 0x0120, 
  0x0120, 0x0120, 0x0120, 0x0120, 0x0000, 0x0000, 0x0000, 0x0000, 0x0000, 0x0000, 0x0000, 0x0000, 0x0000, 0x0000, 0x0000, 0x0000, 0x0000, 0x0120, 0x0120, 0x0120, 0x0120, 
  0x0120, 0x0120, 0x0120, 0x0120, 0x0000, 0x0000, 0x0000, 0x0000, 0x0000, 0x0000, 0x0000, 0x0000, 0x0000, 0x0000, 0x0000, 0x0000, 0x0000, 0x0120, 0x0120, 0x0120, 0x0120, 
  0x0120, 0x0120, 0x0120, 0x0120, 0x0000, 0x0000, 0x0000, 0x0000, 0x0000, 0x0000, 0x0000, 0x0000, 0x0000, 0x0000, 0x0000, 0x0000, 0x0000, 0x0120, 0x0120, 0x0120, 0x0120, 
  0x0120, 0x0120, 0x0120, 0x0120, 0x0000, 0x0000, 0x0000, 0x0000, 0x0000, 0x0000, 0x0000, 0x0000, 0x0000, 0x0000, 0x0000, 0x0000, 0x0000, 0x0120, 0x0120, 0x0120, 0x0120, 
  0x0120, 0x0120, 0x0120, 0x0120, 0x0000, 0x0000, 0x0000, 0x0000, 0x0000, 0x0000, 0x0000, 0x0000, 0x0000, 0x0000, 0x0000, 0x0000, 0x0000, 0x0120, 0x0120, 0x0120, 0x0120, 
  0x0120, 0x0120, 0x0120, 0x0120, 0x0000, 0x0000, 0x0000, 0x0000, 0x0000, 0x0000, 0x0000, 0x0000, 0x0000, 0x0000, 0x0000, 0x0000, 0x0000, 0x0120, 0x0120, 0x0120, 0x0120, 
  0x0120, 0x0120, 0x0120, 0x0120, 0x0000, 0x0000, 0x0000, 0x0000, 0x0000, 0x0000, 0x0000, 0x0000, 0x0000, 0x0000, 0x0000, 0x0000, 0x0000, 0x0120, 0x0120, 0x0120, 0x0120, 
  0x0120, 0x0120, 0x0120, 0x0120, 0x0000, 0x0000, 0x0000, 0x0000, 0x0000, 0x0000, 0x0000, 0x0000, 0x0000, 0x0000, 0x0000, 0x0000, 0x0000, 0x0120, 0x0120, 0x0120, 0x0120, 
  0x0120, 0x0120, 0x0120, 0x0120, 0x0000, 0x0000, 0x0000, 0x0000, 0x0000, 0x0000, 0x0000, 0x0000, 0x0000, 0x0000, 0x0000, 0x0000, 0x0000, 0x0120, 0x0120, 0x0120, 0x0120, 
  0x0120, 0x0120, 0x0120, 0x0120, 0x0000, 0x0000, 0x0000, 0x0000, 0x0000, 0x0000, 0x0000, 0x0000, 0x0000, 0x0000, 0x0000, 0x0000, 0x0000, 0x0120, 0x0120, 0x0120, 0x0120, 
  0x0120, 0x0120, 0x0120, 0x0120, 0x0000, 0x0000, 0x0000, 0x0000, 0x0000, 0x0000, 0x0000, 0x0000, 0x0000, 0x0000, 0x0000, 0x0000, 0x0000, 0x0120, 0x0120, 0x0120, 0x0120, 
  0x0120, 0x0120, 0x0120, 0x0120, 0x0000, 0x0000, 0x0000, 0x0000, 0x0000, 0x0000, 0x0000, 0x0000, 0x0000, 0x0000, 0x0000, 0x0000, 0x0000, 0x0120, 0x0120, 0x0120, 0x0120, 
  0x0120, 0x0120, 0x0120, 0x0120, 0x0000, 0x0000, 0x0000, 0x0000, 0x0000, 0x0000, 0x0000, 0x0000, 0x0000, 0x0000, 0x0000, 0x0000, 0x0000, 0x0120, 0x0120, 0x0120, 0x0120, 
  0x0120, 0x0120, 0x0120, 0x0120, 0x0000, 0x0000, 0x0000, 0x0000, 0x0000, 0x0000, 0x0000, 0x0000, 0x0000, 0x0000, 0x0000, 0x0000, 0x0000, 0x0120, 0x0120, 0x0120, 0x0120, 
  0x0120, 0x0120, 0x0120, 0x0120, 0x0000, 0x0000, 0x0000, 0x0000, 0x0000, 0x0000, 0x0000, 0x0000, 0x0000, 0x0000, 0x0000, 0x0000, 0x0000, 0x0120, 0x0120, 0x0120, 0x0120, 
  0x0120, 0x0120, 0x0120, 0x0120, 0x0000, 0x0000, 0x0000, 0x0000, 0x0000, 0x0000, 0x0000, 0x0000, 0x0000, 0x0000, 0x0000, 0x0000, 0x0000, 0x0120, 0x0120, 0x0120, 0x0120, 
  0x0120, 0x0120, 0x0120, 0x0120, 0x0000, 0x0000, 0x0000, 0x0000, 0x0000, 0x0000, 0x0000, 0x0000, 0x0000, 0x0000, 0x0000, 0x0000, 0x0000, 0x0120, 0x0120, 0x0120, 0x0120, 
  0x0120, 0x0120, 0x0120, 0x0120, 0x0000, 0x0000, 0x0000, 0x0000, 0x0000, 0x0000, 0x0000, 0x0000, 0x0000, 0x0000, 0x0000, 0x0000, 0x0000, 0x0120, 0x0120, 0x0120, 0x0120, 
  0x0120, 0x0120, 0x0120, 0x0120, 0x0000, 0x0000, 0x0000, 0x0000, 0x0000, 0x0000, 0x0000, 0x0000, 0x0000, 0x0000, 0x0000, 0x0000, 0x0000, 0x0120, 0x0120, 0x0120, 0x0120, 
  0x0120, 0x0120, 0x0120, 0x0120, 0x0000, 0x0000, 0x0000, 0x0000, 0x0000, 0x0000, 0x0000, 0x0000, 0x0000, 0x0000, 0x0000, 0x0000, 0x0000, 0x0120, 0x0120, 0x0120, 0x0120, 
  0x0120, 0x0120, 0x0120, 0x0120, 0x0000, 0x0000, 0x0000, 0x0000, 0x0000, 0x0000, 0x0000, 0x0000, 0x0000, 0x0000, 0x0000, 0x0000, 0x0000, 0x0120, 0x0120, 0x0120, 0x0120, 
  0x0120, 0x0120, 0x0120, 0x0120, 0x0000, 0x0000, 0x0000, 0x0000, 0x0000, 0x0000, 0x0000, 0x0000, 0x0000, 0x0000, 0x0000, 0x0000, 0x0000, 0x0120, 0x0120, 0x0120, 0x0120, 
  0x0120, 0x0120, 0x0120, 0x0120, 0x0000, 0x0000, 0x0000, 0x0000, 0x0000, 0x0000, 0x0000, 0x0000, 0x0000, 0x0000, 0x0000, 0x0000, 0x0000, 0x0120, 0x0120, 0x0120, 0x0120, 
  0x0120, 0x0120, 0x0120, 0x0120, 0x0000, 0x0000, 0x0000, 0x0000, 0x0000, 0x0000, 0x0000, 0x0000, 0x0000, 0x0000, 0x0000, 0x0000, 0x0000, 0x0120, 0x0120, 0x0120, 0x0120, 
  0x0120, 0x0120, 0x0120, 0x0120, 0x0000, 0x0000, 0x0000, 0x0000, 0x0000, 0x0000, 0x0000, 0x0000, 0x0000, 0x0000, 0x0000, 0x0000, 0x0000, 0x0120, 0x0120, 0x0120, 0x0120, 
  0x0120, 0x0120, 0x0120, 0x0120, 0x0000, 0x0000, 0x0000, 0x0000, 0x0000, 0x0000, 0x0000, 0x0000, 0x0000, 0x0000, 0x0000, 0x0000, 0x0000, 0x0120, 0x0120, 0x0120, 0x0120, 
  0x0120, 0x0120, 0x0120, 0x0120, 0x0000, 0x0000, 0x0000, 0x0000, 0x0000, 0x0000, 0x0000, 0x0000, 0x0000, 0x0000, 0x0000, 0x0000, 0x0000, 0x0120, 0x0120, 0x0120, 0x0120, 
  0x0120, 0x0120, 0x0120, 0x0120, 0x0000, 0x0000, 0x0000, 0x0000, 0x0000, 0x0000, 0x0000, 0x0000, 0x0000, 0x0000, 0x0000, 0x0000, 0x0000, 0x0120, 0x0120, 0x0120, 0x0120, 
  0x0120, 0x0120, 0x0120, 0x0120, 0x0000, 0x0000, 0x0000, 0x0000, 0x0000, 0x0000, 0x0000, 0x0000, 0x0000, 0x0000, 0x0000, 0x0000, 0x0000, 0x0120, 0x0120, 0x0120, 0x0120, 
  0x0120, 0x0120, 0x0120, 0x0120, 0x0000, 0x0000, 0x0000, 0x0000, 0x0000, 0x0000, 0x0000, 0x0000, 0x0000, 0x0000, 0x0000, 0x0000, 0x0000, 0x0120, 0x0120, 0x0120, 0x0120, 
  0x0120, 0x0120, 0x0120, 0x0120, 0x0000, 0x0000, 0x0000, 0x0000, 0x0000, 0x0000, 0x0000, 0x0000, 0x0000, 0x0000, 0x0000, 0x0000, 0x0000, 0x0120, 0x0120, 0x0120, 0x0120, 
  0x0120, 0x0120, 0x0120, 0x0120, 0x0000, 0x0000, 0x0000, 0x0000, 0x0000, 0x0000, 0x0000, 0x0000, 0x0000, 0x0000, 0x0000, 0x0000, 0x0000, 0x0120, 0x0120, 0x0120, 0x0120, 
  0x0120, 0x0120, 0x0120, 0x0120, 0x0000, 0x0000, 0x0000, 0x0000, 0x0000, 0x0000, 0x0000, 0x0000, 0x0000, 0x0000, 0x0000, 0x0000, 0x0000, 0x0120, 0x0120, 0x0120, 0x0120, 
  0x0120, 0x0120, 0x0120, 0x0120, 0x0000, 0x0000, 0x0000, 0x0000, 0x0000, 0x0000, 0x0000, 0x0000, 0x0000, 0x0000, 0x0000, 0x0000, 0x0000, 0x0120, 0x0120, 0x0120, 0x0120, 
  0x0120, 0x0120, 0x0120, 0x0120, 0x0000, 0x0000, 0x0000, 0x0000, 0x0000, 0x0000, 0x0000, 0x0000, 0x0000, 0x0000, 0x0000, 0x0000, 0x0000, 0x0120, 0x0120, 0x0120, 0x0120, 
  0x0120, 0x0120, 0x0120, 0x0120, 0x0000, 0x0000, 0x0000, 0x0000, 0x0000, 0x0000, 0x0000, 0x0000, 0x0000, 0x0000, 0x0000, 0x0000, 0x0000, 0x0120, 0x0120, 0x0120, 0x0120, 
  0x0120, 0x0120, 0x0120, 0x0120, 0x0000, 0x0000, 0x0000, 0x0000, 0x0000, 0x0000, 0x0000, 0x0000, 0x0000, 0x0000, 0x0000, 0x0000, 0x0000, 0x0120, 0x0120, 0x0120, 0x0120, 
  0x0120, 0x0120, 0x0120, 0x0120, 0x0000, 0x0000, 0x0000, 0x0000, 0x0000, 0x0000, 0x0000, 0x0000, 0x0000, 0x0000, 0x0000, 0x0000, 0x0000, 0x0120, 0x0120, 0x0120, 0x0120, 
  0x0120, 0x0120, 0x0120, 0x0120, 0x0000, 0x0000, 0x0000, 0x0000, 0x0000, 0x0000, 0x0000, 0x0000, 0x0000, 0x0000, 0x0000, 0x0000, 0x0000, 0x0120, 0x0120, 0x0120, 0x0120, 
  0x0120, 0x0120, 0x0120, 0x0120, 0x0000, 0x0000, 0x0000, 0x0000, 0x0000, 0x0000, 0x0000, 0x0000, 0x0000, 0x0000, 0x0000, 0x0000, 0x0000, 0x0120, 0x0120, 0x0120, 0x0120, 
  0x0120, 0x0120, 0x0120, 0x0120, 0x0000, 0x0000, 0x0000, 0x0000, 0x0000, 0x0000, 0x0000, 0x0000, 0x0000, 0x0000, 0x0000, 0x0000, 0x0000, 0x0120, 0x0120, 0x0120, 0x0120, 
  0x0120, 0x0120, 0x0120, 0x0120, 0x0000, 0x0000, 0x0000, 0x0000, 0x0000, 0x0000, 0x0000, 0x0000, 0x0000, 0x0000, 0x0000, 0x0000, 0x0000, 0x0120, 0x0120, 0x0120, 0x0120, 
  0x0120, 0x0120, 0x0120, 0x0120, 0x0000, 0x0000, 0x0000, 0x0000, 0x0000, 0x0000, 0x0000, 0x0000, 0x0000, 0x0000, 0x0000, 0x0000, 0x0000, 0x0120, 0x0120, 0x0120, 0x0120, 
  0x0120, 0x0120, 0x0120, 0x0120, 0x0000, 0x0000, 0x0000, 0x0000, 0x0000, 0x0000, 0x0000, 0x0000, 0x0000, 0x0000, 0x0000, 0x0000, 0x0000, 0x0120, 0x0120, 0x0120, 0x0120, 
  0x0120, 0x0120, 0x0120, 0x0120, 0x0000, 0x0000, 0x0000, 0x0000, 0x0000, 0x0000, 0x0000, 0x0000, 0x0000, 0x0000, 0x0000, 0x0000, 0x0000, 0x0120, 0x0120, 0x0120, 0x0120, 
  0x0120, 0x0120, 0x0120, 0x0120, 0x0000, 0x0000, 0x0000, 0x0000, 0x0000, 0x0000, 0x0000, 0x0000, 0x0000, 0x0000, 0x0000, 0x0000, 0x0000, 0x0120, 0x0120, 0x0120, 0x0120, 
  0x0120, 0x0120, 0x0120, 0x0120, 0x0000, 0x0000, 0x0000, 0x0000, 0x0000, 0x0000, 0x0000, 0x0000, 0x0000, 0x0000, 0x0000, 0x0000, 0x0000, 0x0120, 0x0120, 0x0120, 0x0120, 
  0x0120, 0x0120, 0x0120, 0x0120, 0x0000, 0x0000, 0x0000, 0x0000, 0x0000, 0x0000, 0x0000, 0x0000, 0x0000, 0x0000, 0x0000, 0x0000, 0x0000, 0x0120, 0x0120, 0x0120, 0x0120, 
  0x0120, 0x0120, 0x0120, 0x0120, 0x0000, 0x0000, 0x0000, 0x0000, 0x0000, 0x0000, 0x0000, 0x0000, 0x0000, 0x0000, 0x0000, 0x0000, 0x0000, 0x0120, 0x0120, 0x0120, 0x0120, 
  0x0120, 0x0120, 0x0120, 0x0120, 0x0000, 0x0000, 0x0000, 0x0000, 0x0000, 0x0000, 0x0000, 0x0000, 0x0000, 0x0000, 0x0000, 0x0000, 0x0000, 0x0120, 0x0120, 0x0120, 0x0120, 
  0x0120, 0x0120, 0x0120, 0x0120, 0x0000, 0x0000, 0x0000, 0x0000, 0x0000, 0x0000, 0x0000, 0x0000, 0x0000, 0x0000, 0x0000, 0x0000, 0x0000, 0x0120, 0x0120, 0x0120, 0x0120, 
  0x0120, 0x0120, 0x0120, 0x0120, 0x0000, 0x0000, 0x0000, 0x0000, 0x0000, 0x0000, 0x0000, 0x0000, 0x0000, 0x0000, 0x0000, 0x0000, 0x0000, 0x0120, 0x0120, 0x0120, 0x0120, 
  0x0120, 0x0120, 0x0120, 0x0120, 0x0000, 0x0000, 0x0000, 0x0000, 0x0000, 0x0000, 0x0000, 0x0000, 0x0000, 0x0000, 0x0000, 0x0000, 0x0000, 0x0120, 0x0120, 0x0120, 0x0120, 
  0x0120, 0x0120, 0x0120, 0x0120, 0x0000, 0x0000, 0x0000, 0x0000, 0x0000, 0x0000, 0x0000, 0x0000, 0x0000, 0x0000, 0x0000, 0x0000, 0x0000, 0x0120, 0x0120, 0x0120, 0x0120, 
  0x0120, 0x0120, 0x0120, 0x0120, 0x0000, 0x0000, 0x0000, 0x0000, 0x0000, 0x0000, 0x0000, 0x0000, 0x0000, 0x0000, 0x0000, 0x0000, 0x0000, 0x0120, 0x0120, 0x0120, 0x0120, 
  0x0120, 0x0120, 0x0120, 0x0120, 0x0000, 0x0000, 0x0000, 0x0000, 0x0000, 0x0000, 0x0000, 0x0000, 0x0000, 0x0000, 0x0000, 0x0000, 0x0000, 0x0120, 0x0120, 0x0120, 0x0120, 
  0x0120, 0x0120, 0x0120, 0x0120, 0x0000, 0x0000, 0x0000, 0x0000, 0x0000, 0x0000, 0x0000, 0x0000, 0x0000, 0x0000, 0x0000, 0x0000, 0x0000, 0x0120, 0x0120, 0x0120, 0x0120, 
  0x0120, 0x0120, 0x0120, 0x0120, 0x0000, 0x0000, 0x0000, 0x0000, 0x0000, 0x0000, 0x0000, 0x0000, 0x0000, 0x0000, 0x0000, 0x0000, 0x0000, 0x0120, 0x0120, 0x0120, 0x0120, 
  0x0120, 0x0120, 0x0120, 0x0120, 0x0000, 0x0000, 0x0000, 0x0000, 0x0000, 0x0000, 0x0000, 0x0000, 0x0000, 0x0000, 0x0000, 0x0000, 0x0000, 0x0120, 0x0120, 0x0120, 0x0120, 
  0x0120, 0x0120, 0x0120, 0x0120, 0x0000, 0x0000, 0x0000, 0x0000, 0x0000, 0x0000, 0x0000, 0x0000, 0x0000, 0x0000, 0x0000, 0x0000, 0x0000, 0x0120, 0x0120, 0x0120, 0x0120, 
  0x0120, 0x0120, 0x0120, 0x0120, 0x0000, 0x0000, 0x0000, 0x0000, 0x0000, 0x0000, 0x0000, 0x0000, 0x0000, 0x0000, 0x0000, 0x0000, 0x0000, 0x0120, 0x0120, 0x0120, 0x0120
};

static const uint16_t handMinute[] PROGMEM  = 
	{
   0x0120, 0x0120, 0x0120, 0x0120, 0x0000, 0x0000, 0x0000, 0x0000, 0x0000, 0x0000, 0x0000, 0x0000, 0x0000, 0x0000, 0x0000, 0x0000, 0x0000, 0x0120, 0x0120, 0x0120, 0x0120, 
  0x0120, 0x0120, 0x0120, 0x0120, 0x0000, 0x0000, 0x0000, 0x0000, 0x0000, 0x0000, 0x0000, 0x0000, 0x0000, 0x0000, 0x0000, 0x0000, 0x0000, 0x0120, 0x0120, 0x0120, 0x0120, 
  0x0120, 0x0120, 0x0120, 0x0120, 0x0000, 0x0000, 0x0000, 0x0000, 0x0000, 0x0000, 0x0000, 0x0000, 0x0000, 0x0000, 0x0000, 0x0000, 0x0000, 0x0120, 0x0120, 0x0120, 0x0120, 
  0x0120, 0x0120, 0x0120, 0x0120, 0x0000, 0x0000, 0x0000, 0x0000, 0x0000, 0x0000, 0x0000, 0x0000, 0x0000, 0x0000, 0x0000, 0x0000, 0x0000, 0x0120, 0x0120, 0x0120, 0x0120, 
  0x0120, 0x0120, 0x0120, 0x0120, 0x0000, 0x0000, 0x0000, 0x0000, 0x0000, 0x0000, 0x0000, 0x0000, 0x0000, 0x0000, 0x0000, 0x0000, 0x0000, 0x0120, 0x0120, 0x0120, 0x0120, 
  0x0120, 0x0120, 0x0120, 0x0120, 0x0000, 0x0000, 0x0000, 0x0000, 0x0000, 0x0000, 0x0000, 0x0000, 0x0000, 0x0000, 0x0000, 0x0000, 0x0000, 0x0120, 0x0120, 0x0120, 0x0120, 
  0x0120, 0x0120, 0x0120, 0x0120, 0x0000, 0x0000, 0x0000, 0x0000, 0x0000, 0x0000, 0x0000, 0x0000, 0x0000, 0x0000, 0x0000, 0x0000, 0x0000, 0x0120, 0x0120, 0x0120, 0x0120, 
  0x0120, 0x0120, 0x0120, 0x0120, 0x0000, 0x0000, 0x0000, 0x0000, 0x0000, 0x0000, 0x0000, 0x0000, 0x0000, 0x0000, 0x0000, 0x0000, 0x0000, 0x0120, 0x0120, 0x0120, 0x0120, 
  0x0120, 0x0120, 0x0120, 0x0120, 0x0000, 0x0000, 0x0000, 0x0000, 0x0000, 0x0000, 0x0000, 0x0000, 0x0000, 0x0000, 0x0000, 0x0000, 0x0000, 0x0120, 0x0120, 0x0120, 0x0120, 
  0x0120, 0x0120, 0x0120, 0x0120, 0x0000, 0x0000, 0x0000, 0x0000, 0x0000, 0x0000, 0x0000, 0x0000, 0x0000, 0x0000, 0x0000, 0x0000, 0x0000, 0x0120, 0x0120, 0x0120, 0x0120, 
  0x0120, 0x0120, 0x0120, 0x0120, 0x0000, 0x0000, 0x0000, 0x0000, 0x0000, 0x0000, 0x0000, 0x0000, 0x0000, 0x0000, 0x0000, 0x0000, 0x0000, 0x0120, 0x0120, 0x0120, 0x0120, 
  0x0120, 0x0120, 0x0120, 0x0120, 0x0000, 0x0000, 0x0000, 0x0000, 0x0000, 0x0000, 0x0000, 0x0000, 0x0000, 0x0000, 0x0000, 0x0000, 0x0000, 0x0120, 0x0120, 0x0120, 0x0120, 
  0x0120, 0x0120, 0x0120, 0x0120, 0x0000, 0x0000, 0x0000, 0x0000, 0x0000, 0x0000, 0x0000, 0x0000, 0x0000, 0x0000, 0x0000, 0x0000, 0x0000, 0x0120, 0x0120, 0x0120, 0x0120, 
  0x0120, 0x0120, 0x0120, 0x0120, 0x0000, 0x0000, 0x0000, 0x0000, 0x0000, 0x0000, 0x0000, 0x0000, 0x0000, 0x0000, 0x0000, 0x0000, 0x0000, 0x0120, 0x0120, 0x0120, 0x0120, 
  0x0120, 0x0120, 0x0120, 0x0120, 0x0000, 0x0000, 0x0000, 0x0000, 0x0000, 0x0000, 0x0000, 0x0000, 0x0000, 0x0000, 0x0000, 0x0000, 0x0000, 0x0120, 0x0120, 0x0120, 0x0120, 
  0x0120, 0x0120, 0x0120, 0x0120, 0x0000, 0x0000, 0x0000, 0x0000, 0x0000, 0x0000, 0x0000, 0x0000, 0x0000, 0x0000, 0x0000, 0x0000, 0x0000, 0x0120, 0x0120, 0x0120, 0x0120, 
  0x0120, 0x0120, 0x0120, 0x0120, 0x0000, 0x0000, 0x0000, 0x0000, 0x0000, 0x0000, 0x0000, 0x0000, 0x0000, 0x0000, 0x0000, 0x0000, 0x0000, 0x0120, 0x0120, 0x0120, 0x0120, 
  0x0120, 0x0120, 0x0120, 0x0120, 0x0000, 0x0000, 0x0000, 0x0000, 0x0000, 0x0000, 0x0000, 0x0000, 0x0000, 0x0000, 0x0000, 0x0000, 0x0000, 0x0120, 0x0120, 0x0120, 0x0120, 
  0x0120, 0x0120, 0x0120, 0x0120, 0x0000, 0x0000, 0x0000, 0x0000, 0x0000, 0x0000, 0x0000, 0x0000, 0x0000, 0x0000, 0x0000, 0x0000, 0x0000, 0x0120, 0x0120, 0x0120, 0x0120, 
  0x0120, 0x0120, 0x0120, 0x0120, 0x0000, 0x0000, 0x0000, 0x0000, 0x0000, 0x0000, 0x0000, 0x0000, 0x0000, 0x0000, 0x0000, 0x0000, 0x0000, 0x0120, 0x0120, 0x0120, 0x0120, 
  0x0120, 0x0120, 0x0120, 0x0120, 0x0000, 0x0000, 0x0000, 0x0000, 0x0000, 0x0000, 0x0000, 0x0000, 0x0000, 0x0000, 0x0000, 0x0000, 0x0000, 0x0120, 0x0120, 0x0120, 0x0120, 
  0x0120, 0x0120, 0x0120, 0x0120, 0x0000, 0x0000, 0x0000, 0x0000, 0x0000, 0x0000, 0x0000, 0x0000, 0x0000, 0x0000, 0x0000, 0x0000, 0x0000, 0x0120, 0x0120, 0x0120, 0x0120, 
  0x0120, 0x0120, 0x0120, 0x0120, 0x0000, 0x0000, 0x0000, 0x0000, 0x0000, 0x0000, 0x0000, 0x0000, 0x0000, 0x0000, 0x0000, 0x0000, 0x0000, 0x0120, 0x0120, 0x0120, 0x0120, 
  0x0120, 0x0120, 0x0120, 0x0120, 0x0000, 0x0000, 0x0000, 0x0000, 0x0000, 0x0000, 0x0000, 0x0000, 0x0000, 0x0000, 0x0000, 0x0000, 0x0000, 0x0120, 0x0120, 0x0120, 0x0120, 
  0x0120, 0x0120, 0x0120, 0x0120, 0x0000, 0x0000, 0x0000, 0x0000, 0x0000, 0x0000, 0x0000, 0x0000, 0x0000, 0x0000, 0x0000, 0x0000, 0x0000, 0x0120, 0x0120, 0x0120, 0x0120, 
  0x0120, 0x0120, 0x0120, 0x0120, 0x0000, 0x0000, 0x0000, 0x0000, 0x0000, 0x0000, 0x0000, 0x0000, 0x0000, 0x0000, 0x0000, 0x0000, 0x0000, 0x0120, 0x0120, 0x0120, 0x0120, 
  0x0120, 0x0120, 0x0120, 0x0120, 0x0000, 0x0000, 0x0000, 0x0000, 0x0000, 0x0000, 0x0000, 0x0000, 0x0000, 0x0000, 0x0000, 0x0000, 0x0000, 0x0120, 0x0120, 0x0120, 0x0120, 
  0x0120, 0x0120, 0x0120, 0x0120, 0x0000, 0x0000, 0x0000, 0x0000, 0x0000, 0x0000, 0x0000, 0x0000, 0x0000, 0x0000, 0x0000, 0x0000, 0x0000, 0x0120, 0x0120, 0x0120, 0x0120, 
  0x0120, 0x0120, 0x0120, 0x0120, 0x0000, 0x0000, 0x0000, 0x0000, 0x0000, 0x0000, 0x0000, 0x0000, 0x0000, 0x0000, 0x0000, 0x0000, 0x0000, 0x0120, 0x0120, 0x0120, 0x0120, 
  0x0120, 0x0120, 0x0120, 0x0120, 0x0000, 0x0000, 0x0000, 0x0000, 0x0000, 0x0000, 0x0000, 0x0000, 0x0000, 0x0000, 0x0000, 0x0000, 0x0000, 0x0120, 0x0120, 0x0120, 0x0120, 
  0x0120, 0x0120, 0x0120, 0x0120, 0x0000, 0x0000, 0x0000, 0x0000, 0x0000, 0x0000, 0x0000, 0x0000, 0x0000, 0x0000, 0x0000, 0x0000, 0x0000, 0x0120, 0x0120, 0x0120, 0x0120, 
  0x0120, 0x0120, 0x0120, 0x0120, 0x0000, 0x0000, 0x0000, 0x0000, 0x0000, 0x0000, 0x0000, 0x0000, 0x0000, 0x0000, 0x0000, 0x0000, 0x0000, 0x0120, 0x0120, 0x0120, 0x0120, 
  0x0120, 0x0120, 0x0120, 0x0120, 0x0000, 0x0000, 0x0000, 0x0000, 0x0000, 0x0000, 0x0000, 0x0000, 0x0000, 0x0000, 0x0000, 0x0000, 0x0000, 0x0120, 0x0120, 0x0120, 0x0120, 
  0x0120, 0x0120, 0x0120, 0x0120, 0x0000, 0x0000, 0x0000, 0x0000, 0x0000, 0x0000, 0x0000, 0x0000, 0x0000, 0x0000, 0x0000, 0x0000, 0x0000, 0x0120, 0x0120, 0x0120, 0x0120, 
  0x0120, 0x0120, 0x0120, 0x0120, 0x0000, 0x0000, 0x0000, 0x0000, 0x0000, 0x0000, 0x0000, 0x0000, 0x0000, 0x0000, 0x0000, 0x0000, 0x0000, 0x0120, 0x0120, 0x0120, 0x0120, 
  0x0120, 0x0120, 0x0120, 0x0120, 0x0000, 0x0000, 0x0000, 0x0000, 0x0000, 0x0000, 0x0000, 0x0000, 0x0000, 0x0000, 0x0000, 0x0000, 0x0000, 0x0120, 0x0120, 0x0120, 0x0120, 
  0x0120, 0x0120, 0x0120, 0x0120, 0x0000, 0x0000, 0x0000, 0x0000, 0x0000, 0x0000, 0x0000, 0x0000, 0x0000, 0x0000, 0x0000, 0x0000, 0x0000, 0x0120, 0x0120, 0x0120, 0x0120, 
  0x0120, 0x0120, 0x0120, 0x0120, 0x0000, 0x0000, 0x0000, 0x0000, 0x0000, 0x0000, 0x0000, 0x0000, 0x0000, 0x0000, 0x0000, 0x0000, 0x0000, 0x0120, 0x0120, 0x0120, 0x0120, 
  0x0120, 0x0120, 0x0120, 0x0120, 0x0000, 0x0000, 0x0000, 0x0000, 0x0000, 0x0000, 0x0000, 0x0000, 0x0000, 0x0000, 0x0000, 0x0000, 0x0000, 0x0120, 0x0120, 0x0120, 0x0120, 
  0x0120, 0x0120, 0x0120, 0x0120, 0x0000, 0x0000, 0x0000, 0x0000, 0x0000, 0x0000, 0x0000, 0x0000, 0x0000, 0x0000, 0x0000, 0x0000, 0x0000, 0x0120, 0x0120, 0x0120, 0x0120, 
  0x0120, 0x0120, 0x0120, 0x0120, 0x0000, 0x0000, 0x0000, 0x0000, 0x0000, 0x0000, 0x0000, 0x0000, 0x0000, 0x0000, 0x0000, 0x0000, 0x0000, 0x0120, 0x0120, 0x0120, 0x0120, 
  0x0120, 0x0120, 0x0120, 0x0120, 0x0000, 0x0000, 0x0000, 0x0000, 0x0000, 0x0000, 0x0000, 0x0000, 0x0000, 0x0000, 0x0000, 0x0000, 0x0000, 0x0120, 0x0120, 0x0120, 0x0120, 
  0x0120, 0x0120, 0x0120, 0x0120, 0x0000, 0x0000, 0x0000, 0x0000, 0x0000, 0x0000, 0x0000, 0x0000, 0x0000, 0x0000, 0x0000, 0x0000, 0x0000, 0x0120, 0x0120, 0x0120, 0x0120, 
  0x0120, 0x0120, 0x0120, 0x0120, 0x0000, 0x0000, 0x0000, 0x0000, 0x0000, 0x0000, 0x0000, 0x0000, 0x0000, 0x0000, 0x0000, 0x0000, 0x0000, 0x0120, 0x0120, 0x0120, 0x0120, 
  0x0120, 0x0120, 0x0120, 0x0120, 0x0000, 0x0000, 0x0000, 0x0000, 0x0000, 0x0000, 0x0000, 0x0000, 0x0000, 0x0000, 0x0000, 0x0000, 0x0000, 0x0120, 0x0120, 0x0120, 0x0120, 
  0x0120, 0x0120, 0x0120, 0x0120, 0x0000, 0x0000, 0x0000, 0x0000, 0x0000, 0x0000, 0x0000, 0x0000, 0x0000, 0x0000, 0x0000, 0x0000, 0x0000, 0x0120, 0x0120, 0x0120, 0x0120, 
  0x0120, 0x0120, 0x0120, 0x0120, 0x0000, 0x0000, 0x0000, 0x0000, 0x0000, 0x0000, 0x0000, 0x0000, 0x0000, 0x0000, 0x0000, 0x0000, 0x0000, 0x0120, 0x0120, 0x0120, 0x0120, 
  0x0120, 0x0120, 0x0120, 0x0120, 0x0000, 0x0000, 0x0000, 0x0000, 0x0000, 0x0000, 0x0000, 0x0000, 0x0000, 0x0000, 0x0000, 0x0000, 0x0000, 0x0120, 0x0120, 0x0120, 0x0120, 
  0x0120, 0x0120, 0x0120, 0x0120, 0x0000, 0x0000, 0x0000, 0x0000, 0x0000, 0x0000, 0x0000, 0x0000, 0x0000, 0x0000, 0x0000, 0x0000, 0x0000, 0x0120, 0x0120, 0x0120, 0x0120, 
  0x0120, 0x0120, 0x0120, 0x0120, 0x0000, 0x0000, 0x0000, 0x0000, 0x0000, 0x0000, 0x0000, 0x0000, 0x0000, 0x0000, 0x0000, 0x0000, 0x0000, 0x0120, 0x0120, 0x0120, 0x0120, 
  0x0120, 0x0120, 0x0120, 0x0120, 0x0000, 0x0000, 0x0000, 0x0000, 0x0000, 0x0000, 0x0000, 0x0000, 0x0000, 0x0000, 0x0000, 0x0000, 0x0000, 0x0120, 0x0120, 0x0120, 0x0120, 
  0x0120, 0x0120, 0x0120, 0x0120, 0x0000, 0x0000, 0x0000, 0x0000, 0x0000, 0x0000, 0x0000, 0x0000, 0x0000, 0x0000, 0x0000, 0x0000, 0x0000, 0x0120, 0x0120, 0x0120, 0x0120, 
  0x0120, 0x0120, 0x0120, 0x0120, 0x0000, 0x0000, 0x0000, 0x0000, 0x0000, 0x0000, 0x0000, 0x0000, 0x0000, 0x0000, 0x0000, 0x0000, 0x0000, 0x0120, 0x0120, 0x0120, 0x0120, 
  0x0120, 0x0120, 0x0120, 0x0120, 0x0000, 0x0000, 0x0000, 0x0000, 0x0000, 0x0000, 0x0000, 0x0000, 0x0000, 0x0000, 0x0000, 0x0000, 0x0000, 0x0120, 0x0120, 0x0120, 0x0120, 
  0x0120, 0x0120, 0x0120, 0x0120, 0x0000, 0x0000, 0x0000, 0x0000, 0x0000, 0x0000, 0x0000, 0x0000, 0x0000, 0x0000, 0x0000, 0x0000, 0x0000, 0x0120, 0x0120, 0x0120, 0x0120, 
  0x0120, 0x0120, 0x0120, 0x0120, 0x0000, 0x0000, 0x0000, 0x0000, 0x0000, 0x0000, 0x0000, 0x0000, 0x0000, 0x0000, 0x0000, 0x0000, 0x0000, 0x0120, 0x0120, 0x0120, 0x0120, 
  0x0120, 0x0120, 0x0120, 0x0120, 0x0000, 0x0000, 0x0000, 0x0000, 0x0000, 0x0000, 0x0000, 0x0000, 0x0000, 0x0000, 0x0000, 0x0000, 0x0000, 0x0120, 0x0120, 0x0120, 0x0120, 
  0x0120, 0x0120, 0x0120, 0x0120, 0x0000, 0x0000, 0x0000, 0x0000, 0x0000, 0x0000, 0x0000, 0x0000, 0x0000, 0x0000, 0x0000, 0x0000, 0x0000, 0x0120, 0x0120, 0x0120, 0x0120, 
  0x0120, 0x0120, 0x0120, 0x0120, 0x0000, 0x0000, 0x0000, 0x0000, 0x0000, 0x0000, 0x0000, 0x0000, 0x0000, 0x0000, 0x0000, 0x0000, 0x0000, 0x0120, 0x0120, 0x0120, 0x0120, 
  0x0120, 0x0120, 0x0120, 0x0120, 0x0000, 0x0000, 0x0000, 0x0000, 0x0000, 0x0000, 0x0000, 0x0000, 0x0000, 0x0000, 0x0000, 0x0000, 0x0000, 0x0120, 0x0120, 0x0120, 0x0120, 
  0x0120, 0x0120, 0x0120, 0x0120, 0x0000, 0x0000, 0x0000, 0x0000, 0x0000, 0x0000, 0x0000, 0x0000, 0x0000, 0x0000, 0x0000, 0x0000, 0x0000, 0x0120, 0x0120, 0x0120, 0x0120, 
  0x0120, 0x0120, 0x0120, 0x0120, 0x0000, 0x0000, 0x0000, 0x0000, 0x0000, 0x0000, 0x0000, 0x0000, 0x0000, 0x0000, 0x0000, 0x0000, 0x0000, 0x0120, 0x0120, 0x0120, 0x0120, 
  0x0120, 0x0120, 0x0120, 0x0120, 0x0000, 0x0000, 0x0000, 0x0000, 0x0000, 0x0000, 0x0000, 0x0000, 0x0000, 0x0000, 0x0000, 0x0000, 0x0000, 0x0120, 0x0120, 0x0120, 0x0120, 
  0x0120, 0x0120, 0x0120, 0x0120, 0x0000, 0x0000, 0x0000, 0x0000, 0x0000, 0x0000, 0x0000, 0x0000, 0x0000, 0x0000, 0x0000, 0x0000, 0x0000, 0x0120, 0x0120, 0x0120, 0x0120, 
  0x0120, 0x0120, 0x0120, 0x0120, 0x0000, 0x0000, 0x0000, 0x0000, 0x0000, 0x0000, 0x0000, 0x0000, 0x0000, 0x0000, 0x0000, 0x0000, 0x0000, 0x0120, 0x0120, 0x0120, 0x0120, 
  0x0120, 0x0120, 0x0120, 0x0120, 0x0000, 0x0000, 0x0000, 0x0000, 0x0000, 0x0000, 0x0000, 0x0000, 0x0000, 0x0000, 0x0000, 0x0000, 0x0000, 0x0120, 0x0120, 0x0120, 0x0120, 
  0x0120, 0x0120, 0x0120, 0x0120, 0x0000, 0x0000, 0x0000, 0x0000, 0x0000, 0x0000, 0x0000, 0x0000, 0x0000, 0x0000, 0x0000, 0x0000, 0x0000, 0x0120, 0x0120, 0x0120, 0x0120, 
  0x0120, 0x0120, 0x0120, 0x0120, 0x0000, 0x0000, 0x0000, 0x0000, 0x0000, 0x0000, 0x0000, 0x0000, 0x0000, 0x0000, 0x0000, 0x0000, 0x0000, 0x0120, 0x0120, 0x0120, 0x0120, 
  0x0120, 0x0120, 0x0120, 0x0120, 0x0000, 0x0000, 0x0000, 0x0000, 0x0000, 0x0000, 0x0000, 0x0000, 0x0000, 0x0000, 0x0000, 0x0000, 0x0000, 0x0120, 0x0120, 0x0120, 0x0120, 
  0x0120, 0x0120, 0x0120, 0x0120, 0x0000, 0x0000, 0x0000, 0x0000, 0x0000, 0x0000, 0x0000, 0x0000, 0x0000, 0x0000, 0x0000, 0x0000, 0x0000, 0x0120, 0x0120, 0x0120, 0x0120, 
  0x0120, 0x0120, 0x0120, 0x0120, 0x0000, 0x0000, 0x0000, 0x0000, 0x0000, 0x0000, 0x0000, 0x0000, 0x0000, 0x0000, 0x0000, 0x0000, 0x0000, 0x0120, 0x0120, 0x0120, 0x0120, 
  0x0120, 0x0120, 0x0120, 0x0120, 0x0000, 0x0000, 0x0000, 0x0000, 0x0000, 0x0000, 0x0000, 0x0000, 0x0000, 0x0000, 0x0000, 0x0000, 0x0000, 0x0120, 0x0120, 0x0120, 0x0120, 
  0x0120, 0x0120, 0x0120, 0x0120, 0x0000, 0x0000, 0x0000, 0x0000, 0x0000, 0x0000, 0x0000, 0x0000, 0x0000, 0x0000, 0x0000, 0x0000, 0x0000, 0x0120, 0x0120, 0x0120, 0x0120, 
  0x0120, 0x0120, 0x0120, 0x0120, 0x0000, 0x0000, 0x0000, 0x0000, 0x0000, 0x0000, 0x0000, 0x0000, 0x0000, 0x0000, 0x0000, 0x0000, 0x0000, 0x0120, 0x0120, 0x0120, 0x0120, 
  0x0120, 0x0120, 0x0120, 0x0120, 0x0000, 0x0000, 0x0000, 0x0000, 0x0000, 0x0000, 0x0000, 0x0000, 0x0000, 0x0000, 0x0000, 0x0000, 0x0000, 0x0120, 0x0120, 0x0120, 0x0120, 
  0x0120, 0x0120, 0x0120, 0x0120, 0x0000, 0x0000, 0x0000, 0x0000, 0x0000, 0x0000, 0x0000, 0x0000, 0x0000, 0x0000, 0x0000, 0x0000, 0x0000, 0x0120, 0x0120, 0x0120, 0x0120, 
  0x0120, 0x0120, 0x0120, 0x0120, 0x0000, 0x0000, 0x0000, 0x0000, 0x0000, 0x0000, 0x0000, 0x0000, 0x0000, 0x0000, 0x0000, 0x0000, 0x0000, 0x0120, 0x0120, 0x0120, 0x0120, 
  0x0120, 0x0120, 0x0120, 0x0120, 0x0000, 0x0000, 0x0000, 0x0000, 0x0000, 0x0000, 0x0000, 0x0000, 0x0000, 0x0000, 0x0000, 0x0000, 0x0000, 0x0120, 0x0120, 0x0120, 0x0120, 
  0x0120, 0x0120, 0x0120, 0x0120, 0x0000, 0x0000, 0x0000, 0x0000, 0x0000, 0x0000, 0x0000, 0x0000, 0x0000, 0x0000, 0x0000, 0x0000, 0x0000, 0x0120, 0x0120, 0x0120, 0x0120, 
  0x0120, 0x0120, 0x0120, 0x0120, 0x0000, 0x0000, 0x0000, 0x0000, 0x0000, 0x0000, 0x0000, 0x0000, 0x0000, 0x0000, 0x0000, 0x0000, 0x0000, 0x0120, 0x0120, 0x0120, 0x0120, 
  0x0120, 0x0120, 0x0120, 0x0120, 0x0000, 0x0000, 0x0000, 0x0000, 0x0000, 0x0000, 0x0000, 0x0000, 0x0000, 0x0000, 0x0000, 0x0000, 0x0000, 0x0120, 0x0120, 0x0120, 0x0120, 
  0x0120, 0x0120, 0x0120, 0x0120, 0x0000, 0x0000, 0x0000, 0x0000, 0x0000, 0x0000, 0x0000, 0x0000, 0x0000, 0x0000, 0x0000, 0x0000, 0x0000, 0x0120, 0x0120, 0x0120, 0x0120, 
  0x0120, 0x0120, 0x0120, 0x0120, 0x0000, 0x0000, 0x0000, 0x0000, 0x0000, 0x0000, 0x0000, 0x0000, 0x0000, 0x0000, 0x0000, 0x0000, 0x0000, 0x0120, 0x0120, 0x0120, 0x0120, 
  0x0120, 0x0120, 0x0120, 0x0120, 0x0000, 0x0000, 0x0000, 0x0000, 0x0000, 0x0000, 0x0000, 0x0000, 0x0000, 0x0000, 0x0000, 0x0000, 0x0000, 0x0120, 0x0120, 0x0120, 0x0120, 
  0x0120, 0x0120, 0x0120, 0x0120, 0x0000, 0x0000, 0x0000, 0x0000, 0x0000, 0x0000, 0x0000, 0x0000, 0x0000, 0x0000, 0x0000, 0x0000, 0x0000, 0x0120, 0x0120, 0x0120, 0x0120, 
  0x0120, 0x0120, 0x0120, 0x0120, 0x0000, 0x0000, 0x0000, 0x0000, 0x0000, 0x0000, 0x0000, 0x0000, 0x0000, 0x0000, 0x0000, 0x0000, 0x0000, 0x0120, 0x0120, 0x0120, 0x0120, 
  0x0120, 0x0120, 0x0120, 0x0120, 0x0000, 0x0000, 0x0000, 0x0000, 0x0000, 0x0000, 0x0000, 0x0000, 0x0000, 0x0000, 0x0000, 0x0000, 0x0000, 0x0120, 0x0120, 0x0120, 0x0120, 
  0x0120, 0x0120, 0x0120, 0x0120, 0x0000, 0x0000, 0x0000, 0x0000, 0x0000, 0x0000, 0x0000, 0x0000, 0x0000, 0x0000, 0x0000, 0x0000, 0x0000, 0x0120, 0x0120, 0x0120, 0x0120, 
  0x0120, 0x0120, 0x0120, 0x0120, 0x0000, 0x0000, 0x0000, 0x0000, 0x0000, 0x0000, 0x0000, 0x0000, 0x0000, 0x0000, 0x0000, 0x0000, 0x0000, 0x0120, 0x0120, 0x0120, 0x0120, 
  0x0120, 0x0120, 0x0120, 0x0120, 0x0000, 0x0000, 0x0000, 0x0000, 0x0000, 0x0000, 0x0000, 0x0000, 0x0000, 0x0000, 0x0000, 0x0000, 0x0000, 0x0120, 0x0120, 0x0120, 0x0120, 
  0x0120, 0x0120, 0x0120, 0x0120, 0x0000, 0x0000, 0x0000, 0x0000, 0x0000, 0x0000, 0x0000, 0x0000, 0x0000, 0x0000, 0x0000, 0x0000, 0x0000, 0x0120, 0x0120, 0x0120, 0x0120, 
  0x0120, 0x0120, 0x0120, 0x0120, 0x0000, 0x0000, 0x0000, 0x0000, 0x0000, 0x0000, 0x0000, 0x0000, 0x0000, 0x0000, 0x0000, 0x0000, 0x0000, 0x0120, 0x0120, 0x0120, 0x0120, 
  0x0120, 0x0120, 0x0120, 0x0120, 0x0000, 0x0000, 0x0000, 0x0000, 0x0000, 0x0000, 0x0000, 0x0000, 0x0000, 0x0000, 0x0000, 0x0000, 0x0000, 0x0120, 0x0120, 0x0120, 0x0120, 
  0x0120, 0x0120, 0x0120, 0x0120, 0x0000, 0x0000, 0x0000, 0x0000, 0x0000, 0x0000, 0x0000, 0x0000, 0x0000, 0x0000, 0x0000, 0x0000, 0x0000, 0x0120, 0x0120, 0x0120, 0x0120, 
  0x0120, 0x0120, 0x0120, 0x0120, 0x0000, 0x0000, 0x0000, 0x0000, 0x0000, 0x0000, 0x0000, 0x0000, 0x0000, 0x0000, 0x0000, 0x0000, 0x0000, 0x0120, 0x0120, 0x0120, 0x0120, 
  0x0120, 0x0120, 0x0120, 0x0120, 0x0000, 0x0000, 0x0000, 0x0000, 0x0000, 0x0000, 0x0000, 0x0000, 0x0000, 0x0000, 0x0000, 0x0000, 0x0000, 0x0120, 0x0120, 0x0120, 0x0120, 
  0x0120, 0x0120, 0x0120, 0x0120, 0x0000, 0x0000, 0x0000, 0x0000, 0x0000, 0x0000, 0x0000, 0x0000, 0x0000, 0x0000, 0x0000, 0x0000, 0x0000, 0x0120, 0x0120, 0x0120, 0x0120, 
  0x0120, 0x0120, 0x0120, 0x0120, 0x0000, 0x0000, 0x0000, 0x0000, 0x0000, 0x0000, 0x0000, 0x0000, 0x0000, 0x0000, 0x0000, 0x0000, 0x0000, 0x0120, 0x0120, 0x0120, 0x0120, 
  0x0120, 0x0120, 0x0120, 0x0120, 0x0000, 0x0000, 0x0000, 0x0000, 0x0000, 0x0000, 0x0000, 0x0000, 0x0000, 0x0000, 0x0000, 0x0000, 0x0000, 0x0120, 0x0120, 0x0120, 0x0120, 
  0x0120, 0x0120, 0x0120, 0x0120, 0x0000, 0x0000, 0x0000, 0x0000, 0x0000, 0x0000, 0x0000, 0x0000, 0x0000, 0x0000, 0x0000, 0x0000, 0x0000, 0x0120, 0x0120, 0x0120, 0x0120, 
  0x0120, 0x0120, 0x0120, 0x0120, 0x0000, 0x0000, 0x0000, 0x0000, 0x0000, 0x0000, 0x0000, 0x0000, 0x0000, 0x0000, 0x0000, 0x0000, 0x0000, 0x0120, 0x0120, 0x0120, 0x0120, 
  0x0120, 0x0120, 0x0120, 0x0120, 0x0000, 0x0000, 0x0000, 0x0000, 0x0000, 0x0000, 0x0000, 0x0000, 0x0000, 0x0000, 0x0000, 0x0000, 0x0000, 0x0120, 0x0120, 0x0120, 0x0120, 
  0x0120, 0x0120, 0x0120, 0x0120, 0x0000, 0x0000, 0x0000, 0x0000, 0x0000, 0x0000, 0x0000, 0x0000, 0x0000, 0x0000, 0x0000, 0x0000, 0x0000, 0x0120, 0x0120, 0x0120, 0x0120, 
  0x0120, 0x0120, 0x0120, 0x0120, 0x0000, 0x0000, 0x0000, 0x0000, 0x0000, 0x0000, 0x0000, 0x0000, 0x0000, 0x0000, 0x0000, 0x0000, 0x0000, 0x0120, 0x0120, 0x0120, 0x0120, 
  0x0120, 0x0120, 0x0120, 0x0120, 0x0000, 0x0000, 0x0000, 0x0000, 0x0000, 0x0000, 0x0000, 0x0000, 0x0000, 0x0000, 0x0000, 0x0000, 0x0000, 0x0120, 0x0120, 0x0120, 0x0120, 
  0x0120, 0x0120, 0x0120, 0x0120, 0x0000, 0x0000, 0x0000, 0x0000, 0x0000, 0x0000, 0x0000, 0x0000, 0x0000, 0x0000, 0x0000, 0x0000, 0x0000, 0x0120, 0x0120, 0x0120, 0x0120, 
  0x0120, 0x0120, 0x0120, 0x0120, 0x0000, 0x0000, 0x0000, 0x0000, 0x0000, 0x0000, 0x0000, 0x0000, 0x0000, 0x0000, 0x0000, 0x0000, 0x0000, 0x0120, 0x0120, 0x0120, 0x0120, 
  0x0120, 0x0120, 0x0120, 0x0120, 0x0000, 0x0000, 0x0000, 0x0000, 0x0000, 0x0000, 0x0000, 0x0000, 0x0000, 0x0000, 0x0000, 0x0000, 0x0000, 0x0120, 0x0120, 0x0120, 0x0120, 
  0x0120, 0x0120, 0x0120, 0x0120, 0x0000, 0x0000, 0x0000, 0x0000, 0x0000, 0x0000, 0x0000, 0x0000, 0x0000, 0x0000, 0x0000, 0x0000, 0x0000, 0x0120, 0x0120, 0x0120, 0x0120, 
  0x0120, 0x0120, 0x0120, 0x0120, 0x0000, 0x0000, 0x0000, 0x0000, 0x0000, 0x0000, 0x0000, 0x0000, 0x0000, 0x0000, 0x0000, 0x0000, 0x0000, 0x0120, 0x0120, 0x0120, 0x0120, 
  0x0120, 0x0120, 0x0120, 0x0120, 0x0000, 0x0000, 0x0000, 0x0000, 0x0000, 0x0000, 0x0000, 0x0000, 0x0000, 0x0000, 0x0000, 0x0000, 0x0000, 0x0120, 0x0120, 0x0120, 0x0120, 
  0x0120, 0x0120, 0x0120, 0x0120, 0x0000, 0x0000, 0x0000, 0x0000, 0x0000, 0x0000, 0x0000, 0x0000, 0x0000, 0x0000, 0x0000, 0x0000, 0x0000, 0x0120, 0x0120, 0x0120, 0x0120, 
  0x0120, 0x0120, 0x0120, 0x0120, 0x0000, 0x0000, 0x0000, 0x0000, 0x0000, 0x0000, 0x0000, 0x0000, 0x0000, 0x0000, 0x0000, 0x0000, 0x0000, 0x0120, 0x0120, 0x0120, 0x0120, 
  0x0120, 0x0120, 0x0120, 0x0120, 0x0000, 0x0000, 0x0000, 0x0000, 0x0000, 0x0000, 0x0000, 0x0000, 0x0000, 0x0000, 0x0000, 0x0000, 0x0000, 0x0120, 0x0120, 0x0120, 0x0120, 
  0x0120, 0x0120, 0x0120, 0x0120, 0x0000, 0x0000, 0x0000, 0x0000, 0x0000, 0x0000, 0x0000, 0x0000, 0x0000, 0x0000, 0x0000, 0x0000, 0x0000, 0x0120, 0x0120, 0x0120, 0x0120, 
  0x0120, 0x0120, 0x0120, 0x0120, 0x0000, 0x0000, 0x0000, 0x0000, 0x0000, 0x0000, 0x0000, 0x0000, 0x0000, 0x0000, 0x0000, 0x0000, 0x0000, 0x0120, 0x0120, 0x0120, 0x0120, 
  0x0120, 0x0120, 0x0120, 0x0120, 0x0000, 0x0000, 0x0000, 0x0000, 0x0000, 0x0000, 0x0000, 0x0000, 0x0000, 0x0000, 0x0000, 0x0000, 0x0000, 0x0120, 0x0120, 0x0120, 0x0120, 
  0x0120, 0x0120, 0x0120, 0x0120, 0x0000, 0x0000, 0x0000, 0x0000, 0x0000, 0x0000, 0x0000, 0x0000, 0x0000, 0x0000, 0x0000, 0x0000, 0x0000, 0x0120, 0x0120, 0x0120, 0x0120, 
  0x0120, 0x0120, 0x0120, 0x0120, 0x0000, 0x0000, 0x0000, 0x0000, 0x0000, 0x0000, 0x0000, 0x0000, 0x0000, 0x0000, 0x0000, 0x0000, 0x0000, 0x0120, 0x0120, 0x0120, 0x0120, 
  0x0120, 0x0120, 0x0120, 0x0120, 0x0000, 0x0000, 0x0000, 0x0000, 0x0000, 0x0000, 0x0000, 0x0000, 0x0000, 0x0000, 0x0000, 0x0000, 0x0000, 0x0120, 0x0120, 0x0120, 0x0120, 
  0x0120, 0x0120, 0x0120, 0x0120, 0x0000, 0x0000, 0x0000, 0x0000, 0x0000, 0x0000, 0x0000, 0x0000, 0x0000, 0x0000, 0x0000, 0x0000, 0x0000, 0x0120, 0x0120, 0x0120, 0x0120, 
  0x0120, 0x0120, 0x0120, 0x0120, 0x0000, 0x0000, 0x0000, 0x0000, 0x0000, 0x0000, 0x0000, 0x0000, 0x0000, 0x0000, 0x0000, 0x0000, 0x0000, 0x0120, 0x0120, 0x0120, 0x0120, 
  0x0120, 0x0120, 0x0120, 0x0120, 0x0000, 0x0000, 0x0000, 0x0000, 0x0000, 0x0000, 0x0000, 0x0000, 0x0000, 0x0000, 0x0000, 0x0000, 0x0000, 0x0120, 0x0120, 0x0120, 0x0120, 
  0x0120, 0x0120, 0x0120, 0x0120, 0x0000, 0x0000, 0x0000, 0x0000, 0x0000, 0x0000, 0x0000, 0x0000, 0x0000, 0x0000, 0x0000, 0x0000, 0x0000, 0x0120, 0x0120, 0x0120, 0x0120, 
  0x0120, 0x0120, 0x0120, 0x0120, 0x0000, 0x0000, 0x0000, 0x0000, 0x0000, 0x0000, 0x0000, 0x0000, 0x0000, 0x0000, 0x0000, 0x0000, 0x0000, 0x0120, 0x0120, 0x0120, 0x0120, 
  0x0120, 0x0120, 0x0120, 0x0120, 0x0000, 0x0000, 0x0000, 0x0000, 0x0000, 0x0000, 0x0000, 0x0000, 0x0000, 0x0000, 0x0000, 0x0000, 0x0000, 0x0120, 0x0120, 0x0120, 0x0120, 
  0x0120, 0x0120, 0x0120, 0x0120, 0x0000, 0x0000, 0x0000, 0x0000, 0x0000, 0x0000, 0x0000, 0x0000, 0x0000, 0x0000, 0x0000, 0x0000, 0x0000, 0x0120, 0x0120, 0x0120, 0x0120, 
  0x0120, 0x0120, 0x0120, 0x0120, 0x0000, 0x0000, 0x0000, 0x0000, 0x0000, 0x0000, 0x0000, 0x0000, 0x0000, 0x0000, 0x0000, 0x0000, 0x0000, 0x0120, 0x0120, 0x0120, 0x0120, 
  0x0120, 0x0120, 0x0120, 0x0120, 0x0000, 0x0000, 0x0000, 0x0000, 0x0000, 0x0000, 0x0000, 0x0000, 0x0000, 0x0000, 0x0000, 0x0000, 0x0000, 0x0120, 0x0120, 0x0120, 0x0120, 
  0x0120, 0x0120, 0x0120, 0x0120, 0x0000, 0x0000, 0x0000, 0x0000, 0x0000, 0x0000, 0x0000, 0x0000, 0x0000, 0x0000, 0x0000, 0x0000, 0x0000, 0x0120, 0x0120, 0x0120, 0x0120, 
  0x0120, 0x0120, 0x0120, 0x0120, 0x0000, 0x0000, 0x0000, 0x0000, 0x0000, 0x0000, 0x0000, 0x0000, 0x0000, 0x0000, 0x0000, 0x0000, 0x0000, 0x0120, 0x0120, 0x0120, 0x0120

	};


static const uint16_t handSecond[] PROGMEM  = {
	 
  
  0x0120, 0x0120, 0x0120, 0x0120, 0x0120, 0x0120, 0x0120, 0x0120, 0xe803, 0xe803, 0xe803, 0xe803, 0xe803, 0x0120, 0x0120, 0x0120, 0x0120, 0x0120, 0x0120, 0x0120, 0x0120, 
  0x0120, 0x0120, 0x0120, 0x0120, 0x0120, 0x0120, 0x0120, 0x0120, 0xe803, 0xe803, 0xe803, 0xe803, 0xe803, 0x0120, 0x0120, 0x0120, 0x0120, 0x0120, 0x0120, 0x0120, 0x0120, 
  0x0120, 0x0120, 0x0120, 0x0120, 0x0120, 0x0120, 0x0120, 0x0120, 0xe803, 0xe803, 0xe803, 0xe803, 0xe803, 0x0120, 0x0120, 0x0120, 0x0120, 0x0120, 0x0120, 0x0120, 0x0120, 
  0x0120, 0x0120, 0x0120, 0x0120, 0x0120, 0x0120, 0x0120, 0x0120, 0xe803, 0xe803, 0xe803, 0xe803, 0xe803, 0x0120, 0x0120, 0x0120, 0x0120, 0x0120, 0x0120, 0x0120, 0x0120, 
  0x0120, 0x0120, 0x0120, 0x0120, 0x0120, 0x0120, 0x0120, 0x0120, 0xe803, 0xe803, 0xe803, 0xe803, 0xe803, 0x0120, 0x0120, 0x0120, 0x0120, 0x0120, 0x0120, 0x0120, 0x0120, 
  0x0120, 0x0120, 0x0120, 0x0120, 0x0120, 0x0120, 0x0120, 0x0120, 0xe803, 0xe803, 0xe803, 0xe803, 0xe803, 0x0120, 0x0120, 0x0120, 0x0120, 0x0120, 0x0120, 0x0120, 0x0120, 
  0x0120, 0x0120, 0x0120, 0x0120, 0x0120, 0x0120, 0x0120, 0x0120, 0xe803, 0xe803, 0xe803, 0xe803, 0xe803, 0x0120, 0x0120, 0x0120, 0x0120, 0x0120, 0x0120, 0x0120, 0x0120, 
  0x0120, 0x0120, 0x0120, 0x0120, 0x0120, 0x0120, 0x0120, 0x0120, 0xe803, 0xe803, 0xe803, 0xe803, 0xe803, 0x0120, 0x0120, 0x0120, 0x0120, 0x0120, 0x0120, 0x0120, 0x0120, 
  0x0120, 0x0120, 0x0120, 0x0120, 0x0120, 0x0120, 0x0120, 0x0120, 0xe803, 0xe803, 0xe803, 0xe803, 0xe803, 0x0120, 0x0120, 0x0120, 0x0120, 0x0120, 0x0120, 0x0120, 0x0120, 
  0x0120, 0x0120, 0x0120, 0x0120, 0x0120, 0x0120, 0x0120, 0x0120, 0xe803, 0xe803, 0xe803, 0xe803, 0xe803, 0x0120, 0x0120, 0x0120, 0x0120, 0x0120, 0x0120, 0x0120, 0x0120, 
  0x0120, 0x0120, 0x0120, 0x0120, 0x0120, 0x0120, 0x0120, 0x0120, 0xe803, 0xe803, 0xe803, 0xe803, 0xe803, 0x0120, 0x0120, 0x0120, 0x0120, 0x0120, 0x0120, 0x0120, 0x0120, 
  0x0120, 0x0120, 0x0120, 0x0120, 0x0120, 0x0120, 0x0120, 0x0120, 0xe803, 0xe803, 0xe803, 0xe803, 0xe803, 0x0120, 0x0120, 0x0120, 0x0120, 0x0120, 0x0120, 0x0120, 0x0120, 
  0x0120, 0x0120, 0x0120, 0x0120, 0x0120, 0x0120, 0x0120, 0x0120, 0xe803, 0xe803, 0xe803, 0xe803, 0xe803, 0x0120, 0x0120, 0x0120, 0x0120, 0x0120, 0x0120, 0x0120, 0x0120, 
  0x0120, 0x0120, 0x0120, 0x0120, 0x0120, 0x0120, 0x0120, 0x0120, 0xe803, 0xe803, 0xe803, 0xe803, 0xe803, 0x0120, 0x0120, 0x0120, 0x0120, 0x0120, 0x0120, 0x0120, 0x0120, 
  0x0120, 0x0120, 0x0120, 0x0120, 0x0120, 0x0120, 0x0120, 0x0120, 0xe803, 0xe803, 0xe803, 0xe803, 0xe803, 0x0120, 0x0120, 0x0120, 0x0120, 0x0120, 0x0120, 0x0120, 0x0120, 
  0x0120, 0x0120, 0x0120, 0x0120, 0x0120, 0x0120, 0x0120, 0x0120, 0xe803, 0xe803, 0xe803, 0xe803, 0xe803, 0x0120, 0x0120, 0x0120, 0x0120, 0x0120, 0x0120, 0x0120, 0x0120, 
  0x0120, 0x0120, 0x0120, 0x0120, 0x0120, 0x0120, 0x0120, 0x0120, 0xe803, 0xe803, 0xe803, 0xe803, 0xe803, 0x0120, 0x0120, 0x0120, 0x0120, 0x0120, 0x0120, 0x0120, 0x0120, 
  0x0120, 0x0120, 0x0120, 0x0120, 0x0120, 0x0120, 0x0120, 0x0120, 0xe803, 0xe803, 0xe803, 0xe803, 0xe803, 0x0120, 0x0120, 0x0120, 0x0120, 0x0120, 0x0120, 0x0120, 0x0120, 
  0x0120, 0x0120, 0x0120, 0x0120, 0x0120, 0x0120, 0x0120, 0xe803, 0xe803, 0xe803, 0xe803, 0xe803, 0xe803, 0xe803, 0x0120, 0x0120, 0x0120, 0x0120, 0x0120, 0x0120, 0x0120, 
  0x0120, 0x0120, 0x0120, 0x0120, 0x0120, 0xe803, 0xe803, 0xe803, 0xe803, 0xe803, 0xe803, 0xe803, 0xe803, 0xe803, 0xe803, 0xe803, 0x0120, 0x0120, 0x0120, 0x0120, 0x0120, 
  0x0120, 0x0120, 0x0120, 0x0120, 0xe803, 0xe803, 0xe803, 0xe803, 0xe803, 0xe803, 0xe803, 0xe803, 0xe803, 0xe803, 0xe803, 0xe803, 0xe803, 0x0120, 0x0120, 0x0120, 0x0120, 
  0x0120, 0x0120, 0x0120, 0xe803, 0xe803, 0xe803, 0xe803, 0xe803, 0xe803, 0xe803, 0xe803, 0xe803, 0xe803, 0xe803, 0xe803, 0xe803, 0xe803, 0xe803, 0x0120, 0x0120, 0x0120, 
  0x0120, 0x0120, 0xe803, 0xe803, 0xe803, 0xe803, 0xe803, 0xe803, 0x0120, 0x0120, 0x0120, 0x0120, 0x0120, 0xe803, 0xe803, 0xe803, 0xe803, 0xe803, 0xe803, 0x0120, 0x0120, 
  0x0120, 0xe803, 0xe803, 0xe803, 0xe803, 0xe803, 0xe803, 0x0120, 0x0120, 0x0120, 0x0120, 0x0120, 0x0120, 0x0120, 0xe803, 0xe803, 0xe803, 0xe803, 0xe803, 0xe803, 0x0120, 
  0x0120, 0xe803, 0xe803, 0xe803, 0xe803, 0xe803, 0x0120, 0x0120, 0x0120, 0x0120, 0x0120, 0x0120, 0x0120, 0x0120, 0x0120, 0xe803, 0xe803, 0xe803, 0xe803, 0xe803, 0x0120, 
  0xe803, 0xe803, 0xe803, 0xe803, 0xe803, 0x0120, 0x0120, 0x0120, 0x0120, 0x0120, 0x0120, 0x0120, 0x0120, 0x0120, 0x0120, 0x0120, 0xe803, 0xe803, 0xe803, 0xe803, 0xe803, 
  0xe803, 0xe803, 0xe803, 0xe803, 0x0120, 0x0120, 0x0120, 0x0120, 0x0120, 0x0120, 0x0120, 0x0120, 0x0120, 0x0120, 0x0120, 0x0120, 0x0120, 0xe803, 0xe803, 0xe803, 0xe803, 
  0xe803, 0xe803, 0xe803, 0xe803, 0x0120, 0x0120, 0x0120, 0x0120, 0x0120, 0x0120, 0x0120, 0x0120, 0x0120, 0x0120, 0x0120, 0x0120, 0x0120, 0xe803, 0xe803, 0xe803, 0xe803, 
  0xe803, 0xe803, 0xe803, 0xe803, 0x0120, 0x0120, 0x0120, 0x0120, 0x0120, 0x0120, 0x0120, 0x0120, 0x0120, 0x0120, 0x0120, 0x0120, 0x0120, 0xe803, 0xe803, 0xe803, 0xe803, 
  0xe803, 0xe803, 0xe803, 0xe803, 0x0120, 0x0120, 0x0120, 0x0120, 0x0120, 0x0120, 0x0120, 0x0120, 0x0120, 0x0120, 0x0120, 0x0120, 0x0120, 0xe803, 0xe803, 0xe803, 0xe803, 
  0xe803, 0xe803, 0xe803, 0xe803, 0x0120, 0x0120, 0x0120, 0x0120, 0x0120, 0x0120, 0x0120, 0x0120, 0x0120, 0x0120, 0x0120, 0x0120, 0x0120, 0xe803, 0xe803, 0xe803, 0xe803, 
  0xe803, 0xe803, 0xe803, 0xe803, 0xe803, 0x0120, 0x0120, 0x0120, 0x0120, 0x0120, 0x0120, 0x0120, 0x0120, 0x0120, 0x0120, 0x0120, 0xe803, 0xe803, 0xe803, 0xe803, 0xe803, 
  0x0120, 0xe803, 0xe803, 0xe803, 0xe803, 0xe803, 0x0120, 0x0120, 0x0120, 0x0120, 0x0120, 0x0120, 0x0120, 0x0120, 0x0120, 0xe803, 0xe803, 0xe803, 0xe803, 0xe803, 0x0120, 
  0x0120, 0xe803, 0xe803, 0xe803, 0xe803, 0xe803, 0xe803, 0x0120, 0x0120, 0x0120, 0x0120, 0x0120, 0x0120, 0x0120, 0xe803, 0xe803, 0xe803, 0xe803, 0xe803, 0xe803, 0x0120, 
  0x0120, 0x0120, 0xe803, 0xe803, 0xe803, 0xe803, 0xe803, 0xe803, 0x0120, 0x0120, 0x0120, 0x0120, 0x0120, 0xe803, 0xe803, 0xe803, 0xe803, 0xe803, 0xe803, 0x0120, 0x0120, 
  0x0120, 0x0120, 0x0120, 0xe803, 0xe803, 0xe803, 0xe803, 0xe803, 0xe803, 0xe803, 0xe803, 0xe803, 0xe803, 0xe803, 0xe803, 0xe803, 0xe803, 0xe803, 0x0120, 0x0120, 0x0120, 
  0x0120, 0x0120, 0x0120, 0x0120, 0xe803, 0xe803, 0xe803, 0xe803, 0xe803, 0xe803, 0xe803, 0xe803, 0xe803, 0xe803, 0xe803, 0xe803, 0xe803, 0x0120, 0x0120, 0x0120, 0x0120, 
  0x0120, 0x0120, 0x0120, 0x0120, 0x0120, 0xe803, 0xe803, 0xe803, 0xe803, 0xe803, 0xe803, 0xe803, 0xe803, 0xe803, 0xe803, 0xe803, 0x0120, 0x0120, 0x0120, 0x0120, 0x0120, 
  0x0120, 0x0120, 0x0120, 0x0120, 0x0120, 0x0120, 0x0120, 0xe803, 0xe803, 0xe803, 0xe803, 0xe803, 0xe803, 0xe803, 0x0120, 0x0120, 0x0120, 0x0120, 0x0120, 0x0120, 0x0120, 
  0x0120, 0x0120, 0x0120, 0x0120, 0x0120, 0x0120, 0x0120, 0x0120, 0xe803, 0xe803, 0xe803, 0xe803, 0xe803, 0x0120, 0x0120, 0x0120, 0x0120, 0x0120, 0x0120, 0x0120, 0x0120, 
  0x0120, 0x0120, 0x0120, 0x0120, 0x0120, 0x0120, 0x0120, 0x0120, 0xe803, 0xe803, 0xe803, 0xe803, 0xe803, 0x0120, 0x0120, 0x0120, 0x0120, 0x0120, 0x0120, 0x0120, 0x0120, 
  0x0120, 0x0120, 0x0120, 0x0120, 0x0120, 0x0120, 0x0120, 0x0120, 0xe803, 0xe803, 0xe803, 0xe803, 0xe803, 0x0120, 0x0120, 0x0120, 0x0120, 0x0120, 0x0120, 0x0120, 0x0120, 
  0x0120, 0x0120, 0x0120, 0x0120, 0x0120, 0x0120, 0x0120, 0x0120, 0xe803, 0xe803, 0xe803, 0xe803, 0xe803, 0x0120, 0x0120, 0x0120, 0x0120, 0x0120, 0x0120, 0x0120, 0x0120, 
  0x0120, 0x0120, 0x0120, 0x0120, 0x0120, 0x0120, 0x0120, 0x0120, 0xe803, 0xe803, 0xe803, 0xe803, 0xe803, 0x0120, 0x0120, 0x0120, 0x0120, 0x0120, 0x0120, 0x0120, 0x0120, 
  0x0120, 0x0120, 0x0120, 0x0120, 0x0120, 0x0120, 0x0120, 0x0120, 0xe803, 0xe803, 0xe803, 0xe803, 0xe803, 0x0120, 0x0120, 0x0120, 0x0120, 0x0120, 0x0120, 0x0120, 0x0120, 
  0x0120, 0x0120, 0x0120, 0x0120, 0x0120, 0x0120, 0x0120, 0x0120, 0xe803, 0xe803, 0xe803, 0xe803, 0xe803, 0x0120, 0x0120, 0x0120, 0x0120, 0x0120, 0x0120, 0x0120, 0x0120, 
  0x0120, 0x0120, 0x0120, 0x0120, 0x0120, 0x0120, 0x0120, 0x0120, 0xe803, 0xe803, 0xe803, 0xe803, 0xe803, 0x0120, 0x0120, 0x0120, 0x0120, 0x0120, 0x0120, 0x0120, 0x0120, 
  0x0120, 0x0120, 0x0120, 0x0120, 0x0120, 0x0120, 0x0120, 0x0120, 0xe803, 0xe803, 0xe803, 0xe803, 0xe803, 0x0120, 0x0120, 0x0120, 0x0120, 0x0120, 0x0120, 0x0120, 0x0120, 
  0x0120, 0x0120, 0x0120, 0x0120, 0x0120, 0x0120, 0x0120, 0x0120, 0xe803, 0xe803, 0xe803, 0xe803, 0xe803, 0x0120, 0x0120, 0x0120, 0x0120, 0x0120, 0x0120, 0x0120, 0x0120, 
  0x0120, 0x0120, 0x0120, 0x0120, 0x0120, 0x0120, 0x0120, 0x0120, 0xe803, 0xe803, 0xe803, 0xe803, 0xe803, 0x0120, 0x0120, 0x0120, 0x0120, 0x0120, 0x0120, 0x0120, 0x0120, 
  0x0120, 0x0120, 0x0120, 0x0120, 0x0120, 0x0120, 0x0120, 0x0120, 0xe803, 0xe803, 0xe803, 0xe803, 0xe803, 0x0120, 0x0120, 0x0120, 0x0120, 0x0120, 0x0120, 0x0120, 0x0120, 
  0x0120, 0x0120, 0x0120, 0x0120, 0x0120, 0x0120, 0x0120, 0x0120, 0xe803, 0xe803, 0xe803, 0xe803, 0xe803, 0x0120, 0x0120, 0x0120, 0x0120, 0x0120, 0x0120, 0x0120, 0x0120, 
  0x0120, 0x0120, 0x0120, 0x0120, 0x0120, 0x0120, 0x0120, 0x0120, 0xe803, 0xe803, 0xe803, 0xe803, 0xe803, 0x0120, 0x0120, 0x0120, 0x0120, 0x0120, 0x0120, 0x0120, 0x0120, 
  0x0120, 0x0120, 0x0120, 0x0120, 0x0120, 0x0120, 0x0120, 0x0120, 0xe803, 0xe803, 0xe803, 0xe803, 0xe803, 0x0120, 0x0120, 0x0120, 0x0120, 0x0120, 0x0120, 0x0120, 0x0120, 
  0x0120, 0x0120, 0x0120, 0x0120, 0x0120, 0x0120, 0x0120, 0x0120, 0xe803, 0xe803, 0xe803, 0xe803, 0xe803, 0x0120, 0x0120, 0x0120, 0x0120, 0x0120, 0x0120, 0x0120, 0x0120, 
  0x0120, 0x0120, 0x0120, 0x0120, 0x0120, 0x0120, 0x0120, 0x0120, 0xe803, 0xe803, 0xe803, 0xe803, 0xe803, 0x0120, 0x0120, 0x0120, 0x0120, 0x0120, 0x0120, 0x0120, 0x0120, 
  0x0120, 0x0120, 0x0120, 0x0120, 0x0120, 0x0120, 0x0120, 0x0120, 0xe803, 0xe803, 0xe803, 0xe803, 0xe803, 0x0120, 0x0120, 0x0120, 0x0120, 0x0120, 0x0120, 0x0120, 0x0120, 
  0x0120, 0x0120, 0x0120, 0x0120, 0x0120, 0x0120, 0x0120, 0x0120, 0xe803, 0xe803, 0xe803, 0xe803, 0xe803, 0x0120, 0x0120, 0x0120, 0x0120, 0x0120, 0x0120, 0x0120, 0x0120, 
  0x0120, 0x0120, 0x0120, 0x0120, 0x0120, 0x0120, 0x0120, 0x0120, 0xe803, 0xe803, 0xe803, 0xe803, 0xe803, 0x0120, 0x0120, 0x0120, 0x0120, 0x0120, 0x0120, 0x0120, 0x0120, 
  0x0120, 0x0120, 0x0120, 0x0120, 0x0120, 0x0120, 0x0120, 0x0120, 0xe803, 0xe803, 0xe803, 0xe803, 0xe803, 0x0120, 0x0120, 0x0120, 0x0120, 0x0120, 0x0120, 0x0120, 0x0120, 
  0x0120, 0x0120, 0x0120, 0x0120, 0x0120, 0x0120, 0x0120, 0x0120, 0xe803, 0xe803, 0xe803, 0xe803, 0xe803, 0x0120, 0x0120, 0x0120, 0x0120, 0x0120, 0x0120, 0x0120, 0x0120, 
  0x0120, 0x0120, 0x0120, 0x0120, 0x0120, 0x0120, 0x0120, 0x0120, 0xe803, 0xe803, 0xe803, 0xe803, 0xe803, 0x0120, 0x0120, 0x0120, 0x0120, 0x0120, 0x0120, 0x0120, 0x0120, 
  0x0120, 0x0120, 0x0120, 0x0120, 0x0120, 0x0120, 0x0120, 0x0120, 0xe803, 0xe803, 0xe803, 0xe803, 0xe803, 0x0120, 0x0120, 0x0120, 0x0120, 0x0120, 0x0120, 0x0120, 0x0120, 
  0x0120, 0x0120, 0x0120, 0x0120, 0x0120, 0x0120, 0x0120, 0x0120, 0xe803, 0xe803, 0xe803, 0xe803, 0xe803, 0x0120, 0x0120, 0x0120, 0x0120, 0x0120, 0x0120, 0x0120, 0x0120, 
  0x0120, 0x0120, 0x0120, 0x0120, 0x0120, 0x0120, 0x0120, 0x0120, 0xe803, 0xe803, 0xe803, 0xe803, 0xe803, 0x0120, 0x0120, 0x0120, 0x0120, 0x0120, 0x0120, 0x0120, 0x0120, 
  0x0120, 0x0120, 0x0120, 0x0120, 0x0120, 0x0120, 0x0120, 0x0120, 0xe803, 0xe803, 0xe803, 0xe803, 0xe803, 0x0120, 0x0120, 0x0120, 0x0120, 0x0120, 0x0120, 0x0120, 0x0120, 
  0x0120, 0x0120, 0x0120, 0x0120, 0x0120, 0x0120, 0x0120, 0x0120, 0xe803, 0xe803, 0xe803, 0xe803, 0xe803, 0x0120, 0x0120, 0x0120, 0x0120, 0x0120, 0x0120, 0x0120, 0x0120, 
  0x0120, 0x0120, 0x0120, 0x0120, 0x0120, 0x0120, 0x0120, 0x0120, 0xe803, 0xe803, 0xe803, 0xe803, 0xe803, 0x0120, 0x0120, 0x0120, 0x0120, 0x0120, 0x0120, 0x0120, 0x0120, 
  0x0120, 0x0120, 0x0120, 0x0120, 0x0120, 0x0120, 0x0120, 0x0120, 0xe803, 0xe803, 0xe803, 0xe803, 0xe803, 0x0120, 0x0120, 0x0120, 0x0120, 0x0120, 0x0120, 0x0120, 0x0120, 
  0x0120, 0x0120, 0x0120, 0x0120, 0x0120, 0x0120, 0x0120, 0x0120, 0xe803, 0xe803, 0xe803, 0xe803, 0xe803, 0x0120, 0x0120, 0x0120, 0x0120, 0x0120, 0x0120, 0x0120, 0x0120, 
  0x0120, 0x0120, 0x0120, 0x0120, 0x0120, 0x0120, 0x0120, 0x0120, 0xe803, 0xe803, 0xe803, 0xe803, 0xe803, 0x0120, 0x0120, 0x0120, 0x0120, 0x0120, 0x0120, 0x0120, 0x0120, 
  0x0120, 0x0120, 0x0120, 0x0120, 0x0120, 0x0120, 0x0120, 0x0120, 0xe803, 0xe803, 0xe803, 0xe803, 0xe803, 0x0120, 0x0120, 0x0120, 0x0120, 0x0120, 0x0120, 0x0120, 0x0120, 
  0x0120, 0x0120, 0x0120, 0x0120, 0x0120, 0x0120, 0x0120, 0x0120, 0xe803, 0xe803, 0xe803, 0xe803, 0xe803, 0x0120, 0x0120, 0x0120, 0x0120, 0x0120, 0x0120, 0x0120, 0x0120, 
  0x0120, 0x0120, 0x0120, 0x0120, 0x0120, 0x0120, 0x0120, 0x0120, 0xe803, 0xe803, 0xe803, 0xe803, 0xe803, 0x0120, 0x0120, 0x0120, 0x0120, 0x0120, 0x0120, 0x0120, 0x0120, 
  0x0120, 0x0120, 0x0120, 0x0120, 0x0120, 0x0120, 0x0120, 0x0120, 0xe803, 0xe803, 0xe803, 0xe803, 0xe803, 0x0120, 0x0120, 0x0120, 0x0120, 0x0120, 0x0120, 0x0120, 0x0120, 
  0x0120, 0x0120, 0x0120, 0x0120, 0x0120, 0x0120, 0x0120, 0x0120, 0xe803, 0xe803, 0xe803, 0xe803, 0xe803, 0x0120, 0x0120, 0x0120, 0x0120, 0x0120, 0x0120, 0x0120, 0x0120, 
  0x0120, 0x0120, 0x0120, 0x0120, 0x0120, 0x0120, 0x0120, 0x0120, 0xe803, 0xe803, 0xe803, 0xe803, 0xe803, 0x0120, 0x0120, 0x0120, 0x0120, 0x0120, 0x0120, 0x0120, 0x0120, 
  0x0120, 0x0120, 0x0120, 0x0120, 0x0120, 0x0120, 0x0120, 0x0120, 0xe803, 0xe803, 0xe803, 0xe803, 0xe803, 0x0120, 0x0120, 0x0120, 0x0120, 0x0120, 0x0120, 0x0120, 0x0120, 
  0x0120, 0x0120, 0x0120, 0x0120, 0x0120, 0x0120, 0x0120, 0x0120, 0xe803, 0xe803, 0xe803, 0xe803, 0xe803, 0x0120, 0x0120, 0x0120, 0x0120, 0x0120, 0x0120, 0x0120, 0x0120, 
  0x0120, 0x0120, 0x0120, 0x0120, 0x0120, 0x0120, 0x0120, 0x0120, 0xe803, 0xe803, 0xe803, 0xe803, 0xe803, 0x0120, 0x0120, 0x0120, 0x0120, 0x0120, 0x0120, 0x0120, 0x0120, 
  0x0120, 0x0120, 0x0120, 0x0120, 0x0120, 0x0120, 0x0120, 0x0120, 0xe803, 0xe803, 0xe803, 0xe803, 0xe803, 0x0120, 0x0120, 0x0120, 0x0120, 0x0120, 0x0120, 0x0120, 0x0120, 
  0x0120, 0x0120, 0x0120, 0x0120, 0x0120, 0x0120, 0x0120, 0x0120, 0xe803, 0xe803, 0xe803, 0xe803, 0xe803, 0x0120, 0x0120, 0x0120, 0x0120, 0x0120, 0x0120, 0x0120, 0x0120, 
  0x0120, 0x0120, 0x0120, 0x0120, 0x0120, 0x0120, 0x0120, 0x0120, 0xe803, 0xe803, 0xe803, 0xe803, 0xe803, 0x0120, 0x0120, 0x0120, 0x0120, 0x0120, 0x0120, 0x0120, 0x0120, 
  0x0120, 0x0120, 0x0120, 0x0120, 0x0120, 0x0120, 0x0120, 0x0120, 0xe803, 0xe803, 0xe803, 0xe803, 0xe803, 0x0120, 0x0120, 0x0120, 0x0120, 0x0120, 0x0120, 0x0120, 0x0120, 
  0x0120, 0x0120, 0x0120, 0x0120, 0x0120, 0x0120, 0x0120, 0x0120, 0xe803, 0xe803, 0xe803, 0xe803, 0xe803, 0x0120, 0x0120, 0x0120, 0x0120, 0x0120, 0x0120, 0x0120, 0x0120, 
  0x0120, 0x0120, 0x0120, 0x0120, 0x0120, 0x0120, 0x0120, 0x0120, 0xe803, 0xe803, 0xe803, 0xe803, 0xe803, 0x0120, 0x0120, 0x0120, 0x0120, 0x0120, 0x0120, 0x0120, 0x0120, 
  0x0120, 0x0120, 0x0120, 0x0120, 0x0120, 0x0120, 0x0120, 0x0120, 0xe803, 0xe803, 0xe803, 0xe803, 0xe803, 0x0120, 0x0120, 0x0120, 0x0120, 0x0120, 0x0120, 0x0120, 0x0120, 
  0x0120, 0x0120, 0x0120, 0x0120, 0x0120, 0x0120, 0x0120, 0x0120, 0xe803, 0xe803, 0xe803, 0xe803, 0xe803, 0x0120, 0x0120, 0x0120, 0x0120, 0x0120, 0x0120, 0x0120, 0x0120, 
  0x0120, 0x0120, 0x0120, 0x0120, 0x0120, 0x0120, 0x0120, 0x0120, 0xe803, 0xe803, 0xe803, 0xe803, 0xe803, 0x0120, 0x0120, 0x0120, 0x0120, 0x0120, 0x0120, 0x0120, 0x0120, 
  0x0120, 0x0120, 0x0120, 0x0120, 0x0120, 0x0120, 0x0120, 0x0120, 0xe803, 0xe803, 0xe803, 0xe803, 0xe803, 0x0120, 0x0120, 0x0120, 0x0120, 0x0120, 0x0120, 0x0120, 0x0120, 
  0x0120, 0x0120, 0x0120, 0x0120, 0x0120, 0x0120, 0x0120, 0x0120, 0xe803, 0xe803, 0xe803, 0xe803, 0xe803, 0x0120, 0x0120, 0x0120, 0x0120, 0x0120, 0x0120, 0x0120, 0x0120, 
  0x0120, 0x0120, 0x0120, 0x0120, 0x0120, 0x0120, 0x0120, 0x0120, 0xe803, 0xe803, 0xe803, 0xe803, 0xe803, 0x0120, 0x0120, 0x0120, 0x0120, 0x0120, 0x0120, 0x0120, 0x0120, 
  0x0120, 0x0120, 0x0120, 0x0120, 0x0120, 0x0120, 0x0120, 0x0120, 0xe803, 0xe803, 0xe803, 0xe803, 0xe803, 0x0120, 0x0120, 0x0120, 0x0120, 0x0120, 0x0120, 0x0120, 0x0120, 
  0x0120, 0x0120, 0x0120, 0x0120, 0x0120, 0x0120, 0x0120, 0x0120, 0xe803, 0xe803, 0xe803, 0xe803, 0xe803, 0x0120, 0x0120, 0x0120, 0x0120, 0x0120, 0x0120, 0x0120, 0x0120, 
  0x0120, 0x0120, 0x0120, 0x0120, 0x0120, 0x0120, 0x0120, 0x0120, 0xe803, 0xe803, 0xe803, 0xe803, 0xe803, 0x0120, 0x0120, 0x0120, 0x0120, 0x0120, 0x0120, 0x0120, 0x0120, 
  0x0120, 0x0120, 0x0120, 0x0120, 0x0120, 0x0120, 0x0120, 0x0120, 0xe803, 0xe803, 0xe803, 0xe803, 0xe803, 0x0120, 0x0120, 0x0120, 0x0120, 0x0120, 0x0120, 0x0120, 0x0120, 
  0x0120, 0x0120, 0x0120, 0x0120, 0x0120, 0x0120, 0x0120, 0x0120, 0xe803, 0xe803, 0xe803, 0xe803, 0xe803, 0x0120, 0x0120, 0x0120, 0x0120, 0x0120, 0x0120, 0x0120, 0x0120, 
  0x0120, 0x0120, 0x0120, 0x0120, 0x0120, 0x0120, 0x0120, 0x0120, 0xe803, 0xe803, 0xe803, 0xe803, 0xe803, 0x0120, 0x0120, 0x0120, 0x0120, 0x0120, 0x0120, 0x0120, 0x0120, 
  0x0120, 0x0120, 0x0120, 0x0120, 0x0120, 0x0120, 0x0120, 0x0120, 0xe803, 0xe803, 0xe803, 0xe803, 0xe803, 0x0120, 0x0120, 0x0120, 0x0120, 0x0120, 0x0120, 0x0120, 0x0120, 
  0x0120, 0x0120, 0x0120, 0x0120, 0x0120, 0x0120, 0x0120, 0x0120, 0xe803, 0xe803, 0xe803, 0xe803, 0xe803, 0x0120, 0x0120, 0x0120, 0x0120, 0x0120, 0x0120, 0x0120, 0x0120, 
  0x0120, 0x0120, 0x0120, 0x0120, 0x0120, 0x0120, 0x0120, 0x0120, 0xe803, 0xe803, 0xe803, 0xe803, 0xe803, 0x0120, 0x0120, 0x0120, 0x0120, 0x0120, 0x0120, 0x0120, 0x0120, 
  0x0120, 0x0120, 0x0120, 0x0120, 0x0120, 0x0120, 0x0120, 0x0120, 0xe803, 0xe803, 0xe803, 0xe803, 0xe803, 0x0120, 0x0120, 0x0120, 0x0120, 0x0120, 0x0120, 0x0120, 0x0120, 
  0x0120, 0x0120, 0x0120, 0x0120, 0x0120, 0x0120, 0x0120, 0x0120, 0xe803, 0xe803, 0xe803, 0xe803, 0xe803, 0x0120, 0x0120, 0x0120, 0x0120, 0x0120, 0x0120, 0x0120, 0x0120, 
  0x0120, 0x0120, 0x0120, 0x0120, 0x0120, 0x0120, 0x0120, 0x0120, 0xe803, 0xe803, 0xe803, 0xe803, 0xe803, 0x0120, 0x0120, 0x0120, 0x0120, 0x0120, 0x0120, 0x0120, 0x0120, 
  0x0120, 0x0120, 0x0120, 0x0120, 0x0120, 0x0120, 0x0120, 0x0120, 0xe803, 0xe803, 0xe803, 0xe803, 0xe803, 0x0120, 0x0120, 0x0120, 0x0120, 0x0120, 0x0120, 0x0120, 0x0120, 
  0x0120, 0x0120, 0x0120, 0x0120, 0x0120, 0x0120, 0x0120, 0x0120, 0xe803, 0xe803, 0xe803, 0xe803, 0xe803, 0x0120, 0x0120, 0x0120, 0x0120, 0x0120, 0x0120, 0x0120, 0x0120, 
  0x0120, 0x0120, 0x0120, 0x0120, 0x0120, 0x0120, 0x0120, 0x0120, 0xe803, 0xe803, 0xe803, 0xe803, 0xe803, 0x0120, 0x0120, 0x0120, 0x0120, 0x0120, 0x0120, 0x0120, 0x0120, 
  0x0120, 0x0120, 0x0120, 0x0120, 0x0120, 0x0120, 0x0120, 0x0120, 0xe803, 0xe803, 0xe803, 0xe803, 0xe803, 0x0120, 0x0120, 0x0120, 0x0120, 0x0120, 0x0120, 0x0120, 0x0120, 
  0x0120, 0x0120, 0x0120, 0x0120, 0x0120, 0x0120, 0x0120, 0x0120, 0xe803, 0xe803, 0xe803, 0xe803, 0xe803, 0x0120, 0x0120, 0x0120, 0x0120, 0x0120, 0x0120, 0x0120, 0x0120, 
  0x0120, 0x0120, 0x0120, 0x0120, 0x0120, 0x0120, 0x0120, 0x0120, 0xe803, 0xe803, 0xe803, 0xe803, 0xe803, 0x0120, 0x0120, 0x0120, 0x0120, 0x0120, 0x0120, 0x0120, 0x0120, 
  0x0120, 0x0120, 0x0120, 0x0120, 0x0120, 0x0120, 0x0120, 0x0120, 0xe803, 0xe803, 0xe803, 0xe803, 0xe803, 0x0120, 0x0120, 0x0120, 0x0120, 0x0120, 0x0120, 0x0120, 0x0120, 
  0x0120, 0x0120, 0x0120, 0x0120, 0x0120, 0x0120, 0x0120, 0x0120, 0xe803, 0xe803, 0xe803, 0xe803, 0xe803, 0x0120, 0x0120, 0x0120, 0x0120, 0x0120, 0x0120, 0x0120, 0x0120, 
  0x0120, 0x0120, 0x0120, 0x0120, 0x0120, 0x0120, 0x0120, 0x0120, 0xe803, 0xe803, 0xe803, 0xe803, 0xe803, 0x0120, 0x0120, 0x0120, 0x0120, 0x0120, 0x0120, 0x0120, 0x0120, 
  0x0120, 0x0120, 0x0120, 0x0120, 0x0120, 0x0120, 0x0120, 0x0120, 0xe803, 0xe803, 0xe803, 0xe803, 0xe803, 0x0120, 0x0120, 0x0120, 0x0120, 0x0120, 0x0120, 0x0120, 0x0120, 
  0x0120, 0x0120, 0x0120, 0x0120, 0x0120, 0x0120, 0x0120, 0x0120, 0xe803, 0xe803, 0xe803, 0xe803, 0xe803, 0x0120, 0x0120, 0x0120, 0x0120, 0x0120, 0x0120, 0x0120, 0x0120, 
  0x0120, 0x0120, 0x0120, 0x0120, 0x0120, 0x0120, 0x0120, 0x0120, 0xe803, 0xe803, 0xe803, 0xe803, 0xe803, 0x0120, 0x0120, 0x0120, 0x0120, 0x0120, 0x0120, 0x0120, 0x0120, 
  0x0120, 0x0120, 0x0120, 0x0120, 0x0120, 0x0120, 0x0120, 0x0120, 0xe803, 0xe803, 0xe803, 0xe803, 0xe803, 0x0120, 0x0120, 0x0120, 0x0120, 0x0120, 0x0120, 0x0120, 0x0120, 
  0x0120, 0x0120, 0x0120, 0x0120, 0x0120, 0x0120, 0x0120, 0x0120, 0xe803, 0xe803, 0xe803, 0xe803, 0xe803, 0x0120, 0x0120, 0x0120, 0x0120, 0x0120, 0x0120, 0x0120, 0x0120, 
  0x0120, 0x0120, 0x0120, 0x0120, 0x0120, 0x0120, 0x0120, 0x0120, 0xe803, 0xe803, 0xe803, 0xe803, 0xe803, 0x0120, 0x0120, 0x0120, 0x0120, 0x0120, 0x0120, 0x0120, 0x0120, 
  0x0120, 0x0120, 0x0120, 0x0120, 0x0120, 0x0120, 0x0120, 0x0120, 0xe803, 0xe803, 0xe803, 0xe803, 0xe803, 0x0120, 0x0120, 0x0120, 0x0120, 0x0120, 0x0120, 0x0120, 0x0120, 
  0x0120, 0x0120, 0x0120, 0x0120, 0x0120, 0x0120, 0x0120, 0x0120, 0xe803, 0xe803, 0xe803, 0xe803, 0xe803, 0x0120, 0x0120, 0x0120, 0x0120, 0x0120, 0x0120, 0x0120, 0x0120, 
  0x0120, 0x0120, 0x0120, 0x0120, 0x0120, 0x0120, 0x0120, 0x0120, 0xe803, 0xe803, 0xe803, 0xe803, 0xe803, 0x0120, 0x0120, 0x0120, 0x0120, 0x0120, 0x0120, 0x0120, 0x0120, 
  0x0120, 0x0120, 0x0120, 0x0120, 0x0120, 0x0120, 0x0120, 0x0120, 0xe803, 0xe803, 0xe803, 0xe803, 0xe803, 0x0120, 0x0120, 0x0120, 0x0120, 0x0120, 0x0120, 0x0120, 0x0120, 
  0x0120, 0x0120, 0x0120, 0x0120, 0x0120, 0x0120, 0x0120, 0x0120, 0xe803, 0xe803, 0xe803, 0xe803, 0xe803, 0x0120, 0x0120, 0x0120, 0x0120, 0x0120, 0x0120, 0x0120, 0x0120, 
  0x0120, 0x0120, 0x0120, 0x0120, 0x0120, 0x0120, 0x0120, 0x0120, 0xe803, 0xe803, 0xe803, 0xe803, 0xe803, 0x0120, 0x0120, 0x0120, 0x0120, 0x0120, 0x0120, 0x0120, 0x0120, 
  0x0120, 0x0120, 0x0120, 0x0120, 0x0120, 0x0120, 0x0120, 0x0120, 0xe803, 0xe803, 0xe803, 0xe803, 0xe803, 0x0120, 0x0120, 0x0120, 0x0120, 0x0120, 0x0120, 0x0120, 0x0120, 
  0x0120, 0x0120, 0x0120, 0x0120, 0x0120, 0x0120, 0x0120, 0x0120, 0xe803, 0xe803, 0xe803, 0xe803, 0xe803, 0x0120, 0x0120, 0x0120, 0x0120, 0x0120, 0x0120, 0x0120, 0x0120, 
  0x0120, 0x0120, 0x0120, 0x0120, 0x0120, 0x0120, 0x0120, 0x0120, 0xe803, 0xe803, 0xe803, 0xe803, 0xe803, 0x0120, 0x0120, 0x0120, 0x0120, 0x0120, 0x0120, 0x0120, 0x0120, 
  0x0120, 0x0120, 0x0120, 0x0120, 0x0120, 0x0120, 0x0120, 0x0120, 0xe803, 0xe803, 0xe803, 0xe803, 0xe803, 0x0120, 0x0120, 0x0120, 0x0120, 0x0120, 0x0120, 0x0120, 0x0120, 
  0x0120, 0x0120, 0x0120, 0x0120, 0x0120, 0x0120, 0x0120, 0x0120, 0xe803, 0xe803, 0xe803, 0xe803, 0xe803, 0x0120, 0x0120, 0x0120, 0x0120, 0x0120, 0x0120, 0x0120, 0x0120, 
  0x0120, 0x0120, 0x0120, 0x0120, 0x0120, 0x0120, 0x0120, 0x0120, 0xe803, 0xe803, 0xe803, 0xe803, 0xe803, 0x0120, 0x0120, 0x0120, 0x0120, 0x0120, 0x0120, 0x0120, 0x0120
};

// array size is 57600
// face_db_uhr
static const uint16_t clockFace[] PROGMEM =  
	  {
  0xffff, 0xffff, 0xffff, 0xffff, 0xffff, 0xffff, 0xffff, 0xffff, 0xffff, 0xffff, 0xffff, 0xffff, 0xffff, 0xffff, 0xffff, 0xffff, 0xffff, 0xffff, 0xffff, 0xffff, 0xffff, 0xffff, 0xffff, 0xffff, 0xffff, 0xffff, 0xffff, 0xffff, 0xffff, 0xffff, 0xffff, 0xffff, 0xffff, 0xffff, 0xffff, 0xffff, 0xffff, 0xffff, 0xffff, 0xffff, 0xffff, 0xffff, 0xffff, 0xffff, 0xffff, 0xffff, 0xffff, 0xffff, 0xffff, 0xffff, 0xffff, 0xffff, 0xffff, 0xffff, 0xffff, 0xffff, 0xffff, 0xffff, 0xffff, 0xffff, 0xffff, 0xffff, 0xffff, 0xef5c, 0xc5f7, 0x9cf3, 0x8c71, 0x8c71, 0x9492, 0x9492, 0x9492, 0x9492, 0x9471, 0x8c71, 0x8c50, 0x8410, 0x8430, 0x8430, 0x8c51, 0x8c51, 0x8c51, 0x8c71, 0x8c71, 0x8c71, 0x8c51, 0x8c71, 0x8c71, 0x8c51, 0x8c51, 0x8c51, 0x8c51, 0x8c71, 0x9471, 0x9492, 0x94b2, 0x94b2, 0x94b3, 0x9492, 0x8c51, 0x8431, 0x7bf0, 0x73cf, 0x73af, 0x73af, 0x73af, 0x73af, 0x73cf, 0x73cf, 0x73cf, 0x7bf0, 0x7bf0, 0x7c10, 0x7c10, 0x7c10, 0x7c10, 0x7c31, 0x7c31, 0x7c31, 0x7c31, 0x8431, 0x8431, 0x8451, 0x8451, 0x8451, 0x8451, 0x8451, 0x8451, 0x8451, 0x8451, 0x8451, 0x8451, 0x8451, 0x8451, 0x8c72, 0x8c72, 0x8c92, 0x9492, 0x94b3, 0x94d3, 0x9cd3, 0x9cd3, 0x9cd3, 0x9cd3, 0xa534, 0xb5b6, 0xc618, 0xce79, 0xd6ba, 0xd6ba, 0xdefb, 0xe71c, 0xe73c, 0xe73c, 0xe73c, 0xe73d, 0xe73c, 0xe73d, 0xef5d, 0xef5d, 0xef7d, 0xef7e, 0xf7be, 0xf7be, 0xffbe, 0xf79e, 0xf7be, 0xffbe, 0xf79e, 0xe71c, 0xc5f7, 0xad34, 0xad34, 0xad34, 0xad54, 0xb575, 0xce79, 0xf79e, 0xffff, 0xffff, 0xffff, 0xffff, 0xffff, 0xffff, 0xffff, 0xffff, 0xffff, 0xffff, 0xffff, 0xffff, 0xffff, 0xffff, 0xffff, 0xffff, 0xffff, 0xffff, 0xffff, 0xffff, 0xffff, 0xffff, 0xffff, 0xffff, 0xffff, 0xffff, 0xffff, 0xffff, 0xffff, 0xffff, 0xffff, 0xffff, 0xffff, 0xffff, 0xffff, 0xffff, 0xffff, 0xffff, 0xffff, 0xffff, 0xffff, 0xffff, 0xffff, 0xffff, 0xffff, 0xffff, 0xffff, 0xffff, 0xffff, 0xffff, 0xffff, 0xffff, 0xffff, 0xffff, 0xffff, 0xffff, 0xffff, 0xffff, 0xffff, 0xffff, 0xffff, 0xffff, 0xffff, 
  0xffff, 0xffff, 0xffff, 0xffff, 0xffff, 0xffff, 0xffff, 0xffff, 0xffff, 0xffff, 0xffff, 0xffff, 0xffff, 0xffff, 0xffff, 0xffff, 0xffff, 0xffff, 0xffff, 0xffff, 0xffff, 0xffff, 0xffff, 0xffff, 0xffff, 0xffff, 0xffff, 0xffff, 0xffff, 0xffff, 0xffff, 0xffff, 0xffff, 0xffff, 0xffff, 0xffff, 0xffff, 0xffff, 0xffff, 0xffff, 0xffff, 0xffff, 0xffff, 0xffff, 0xffff, 0xffff, 0xffff, 0xffff, 0xffff, 0xffff, 0xffff, 0xffff, 0xffff, 0xffff, 0xffff, 0xffff, 0xffff, 0xffff, 0xffff, 0xffff, 0xffff, 0xe75c, 0xbdd6, 0x9cd2, 0x9471, 0x8c51, 0x9491, 0x94b2, 0x94b2, 0x9492, 0x9492, 0x8c71, 0x8c51, 0x8c30, 0x8c30, 0x8c51, 0x8c71, 0x8c51, 0x8c51, 0x8c71, 0x9471, 0x9471, 0x8c51, 0x8c71, 0x8c71, 0x8c71, 0x8c51, 0x8c71, 0x8c71, 0x9492, 0x94b2, 0x94d3, 0x9492, 0x8431, 0x7bef, 0x73af, 0x6b8e, 0x6b6e, 0x6b8e, 0x6baf, 0x73cf, 0x73cf, 0x73f0, 0x7c10, 0x7c10, 0x7c10, 0x8431, 0x8451, 0x8451, 0x8451, 0x8472, 0x8472, 0x8472, 0x8472, 0x8451, 0x8451, 0x7c51, 0x7c51, 0x7c51, 0x7c31, 0x7c30, 0x8430, 0x8472, 0x8c92, 0x8c92, 0x8c92, 0x8c92, 0x8c92, 0x8c92, 0x8c92, 0x8c92, 0x8c92, 0x8c92, 0x8c92, 0x8c92, 0x8c92, 0x8c72, 0x8c72, 0x8c72, 0x8c72, 0x8c92, 0x9492, 0x9492, 0x94b2, 0x94b2, 0x94b2, 0x94d3, 0x9cf3, 0xad75, 0xbdd7, 0xce59, 0xdedb, 0xdefb, 0xe73d, 0xef5d, 0xef5d, 0xe73d, 0xe73d, 0xef5d, 0xef7d, 0xef7e, 0xef7e, 0xf77d, 0xf79e, 0xf7be, 0xf7be, 0xf7be, 0xf7be, 0xffde, 0xffbe, 0xef5d, 0xce59, 0xad35, 0xa514, 0xad54, 0xad54, 0xb555, 0xce38, 0xef7d, 0xffff, 0xffff, 0xffff, 0xffff, 0xffff, 0xffff, 0xffff, 0xffff, 0xffff, 0xffff, 0xffff, 0xffff, 0xffff, 0xffff, 0xffff, 0xffff, 0xffff, 0xffff, 0xffff, 0xffff, 0xffff, 0xffff, 0xffff, 0xffff, 0xffff, 0xffff, 0xffff, 0xffff, 0xffff, 0xffff, 0xffff, 0xffff, 0xffff, 0xffff, 0xffff, 0xffff, 0xffff, 0xffff, 0xffff, 0xffff, 0xffff, 0xffff, 0xffff, 0xffff, 0xffff, 0xffff, 0xffff, 0xffff, 0xffff, 0xffff, 0xffff, 0xffff, 0xffff, 0xffff, 0xffff, 0xffff, 0xffff, 0xffff, 0xffff, 0xffff, 0xffff, 
  0xffff, 0xffff, 0xffff, 0xffff, 0xffff, 0xffff, 0xffff, 0xffff, 0xffff, 0xffff, 0xffff, 0xffff, 0xffff, 0xffff, 0xffff, 0xffff, 0xffff, 0xffff, 0xffff, 0xffff, 0xffff, 0xffff, 0xffff, 0xffff, 0xffff, 0xffff, 0xffff, 0xffff, 0xffff, 0xffff, 0xffff, 0xffff, 0xffff, 0xffff, 0xffff, 0xffff, 0xffff, 0xffff, 0xffff, 0xffff, 0xffff, 0xffff, 0xffff, 0xffff, 0xffff, 0xffff, 0xffff, 0xffff, 0xffff, 0xffff, 0xffff, 0xffff, 0xffff, 0xffff, 0xffff, 0xffff, 0xffff, 0xffff, 0xffff, 0xef5c, 0xbdd6, 0x94b1, 0x8c50, 0x8c51, 0x9492, 0x9cd2, 0x9cb2, 0x9492, 0x8c51, 0x9471, 0x8c71, 0x8c51, 0x8c50, 0x8c71, 0x8c71, 0x8c71, 0x9471, 0x9472, 0x9471, 0x8c71, 0x8c71, 0x8c71, 0x9472, 0x8c71, 0x9492, 0x9492, 0x94b2, 0x94b2, 0x8c72, 0x7c10, 0x73ae, 0x634d, 0x634d, 0x634d, 0x6b8e, 0x73af, 0x73d0, 0x7bf0, 0x7c11, 0x7c31, 0x8431, 0x8451, 0x8472, 0x8472, 0x7c10, 0x6b8e, 0x5b0c, 0x634d, 0x8cd3, 0x8cd3, 0x94d4, 0x94d4, 0x94d4, 0x94b3, 0x2966, 0x0020, 0x0000, 0x0000, 0x0000, 0x0000, 0x0000, 0x0000, 0x634e, 0x94d4, 0x94d4, 0x94d3, 0x94d3, 0x94d3, 0x8431, 0x3a08, 0x4229, 0x52ab, 0x8451, 0x94b3, 0x94b3, 0x8cb3, 0x9493, 0x9493, 0x8c93, 0x8c92, 0x8c92, 0x8c92, 0x8c72, 0x8472, 0x8452, 0x8c51, 0x8c72, 0x94b2, 0x94d3, 0x9cf3, 0x9cd3, 0xa514, 0xb5b7, 0xce79, 0xdefb, 0xe73d, 0xef5d, 0xef7e, 0xef7d, 0xef7d, 0xef7d, 0xef7e, 0xf79e, 0xf79e, 0xf77e, 0xf79e, 0xf7be, 0xffde, 0xf7de, 0xf7be, 0xffde, 0xffdf, 0xef7d, 0xce59, 0xad55, 0xa514, 0xad34, 0xad54, 0xad55, 0xce38, 0xef7d, 0xffff, 0xffff, 0xffff, 0xffff, 0xffff, 0xffff, 0xffff, 0xffff, 0xffff, 0xffff, 0xffff, 0xffff, 0xffff, 0xffff, 0xffff, 0xffff, 0xffff, 0xffff, 0xffff, 0xffff, 0xffff, 0xffff, 0xffff, 0xffff, 0xffff, 0xffff, 0xffff, 0xffff, 0xffff, 0xffff, 0xffff, 0xffff, 0xffff, 0xffff, 0xffff, 0xffff, 0xffff, 0xffff, 0xffff, 0xffff, 0xffff, 0xffff, 0xffff, 0xffff, 0xffff, 0xffff, 0xffff, 0xffff, 0xffff, 0xffff, 0xffff, 0xffff, 0xffff, 0xffff, 0xffff, 0xffff, 0xffff, 0xffff, 0xffff, 
  0xffff, 0xffff, 0xffff, 0xffff, 0xffff, 0xffff, 0xffff, 0xffff, 0xffff, 0xffff, 0xffff, 0xffff, 0xffff, 0xffff, 0xffff, 0xffff, 0xffff, 0xffff, 0xffff, 0xffff, 0xffff, 0xffff, 0xffff, 0xffff, 0xffff, 0xffff, 0xffff, 0xffff, 0xffff, 0xffff, 0xffff, 0xffff, 0xffff, 0xffff, 0xffff, 0xffff, 0xffff, 0xffff, 0xffff, 0xffff, 0xffff, 0xffff, 0xffff, 0xffff, 0xffff, 0xffff, 0xffff, 0xffff, 0xffff, 0xffff, 0xffff, 0xffff, 0xffff, 0xffff, 0xffff, 0xffff, 0xffff, 0xef7d, 0xbdf7, 0x9cb2, 0x9470, 0x9471, 0x9492, 0x9cd2, 0x94b2, 0x94b2, 0x8c51, 0x8c51, 0x8c51, 0x8c51, 0x8c71, 0x9471, 0x8c71, 0x9492, 0x9492, 0x94b2, 0x94b2, 0x9492, 0x8c71, 0x8c71, 0x9492, 0x9492, 0x94b2, 0x94b2, 0x9492, 0x8430, 0x6b8e, 0x632d, 0x632d, 0x632d, 0x6b6e, 0x73af, 0x7bf0, 0x7c10, 0x8431, 0x8451, 0x8472, 0x8c72, 0x8c92, 0x9493, 0x94b3, 0x94d3, 0x94d4, 0x94d4, 0x3186, 0x0000, 0x0000, 0x2125, 0x9d15, 0x9d15, 0x9d15, 0x9d35, 0x9d15, 0x9d15, 0x3186, 0x0000, 0x0000, 0x0000, 0x0000, 0x0000, 0x0000, 0x0000, 0x6b8e, 0x9d35, 0x9d35, 0x9d15, 0x9d15, 0x9d15, 0x73cf, 0x0841, 0x0000, 0x0000, 0x73af, 0x94f4, 0x94d4, 0x94d4, 0x94d4, 0x94b3, 0x94b3, 0x8cb3, 0x8cb3, 0x94d3, 0x94b3, 0x8c92, 0x8c72, 0x8452, 0x8452, 0x8451, 0x8472, 0x8c72, 0x8c92, 0x94d3, 0x9d14, 0x9d14, 0xa534, 0xbdd7, 0xd6db, 0xe73c, 0xef5d, 0xef5d, 0xef7e, 0xf79e, 0xf79e, 0xf79e, 0xf79e, 0xf79e, 0xf79e, 0xf79e, 0xf7be, 0xf7de, 0xf7de, 0xf7de, 0xffde, 0xffde, 0xf77d, 0xd67a, 0xad55, 0xa514, 0xad54, 0xad55, 0xad55, 0xc638, 0xef9d, 0xffff, 0xffff, 0xffff, 0xffff, 0xffff, 0xffff, 0xffff, 0xffff, 0xffff, 0xffff, 0xffff, 0xffff, 0xffff, 0xffff, 0xffff, 0xffff, 0xffff, 0xffff, 0xffff, 0xffff, 0xffff, 0xffff, 0xffff, 0xffff, 0xffff, 0xffff, 0xffff, 0xffff, 0xffff, 0xffff, 0xffff, 0xffff, 0xffff, 0xffff, 0xffff, 0xffff, 0xffff, 0xffff, 0xffff, 0xffff, 0xffff, 0xffff, 0xffff, 0xffff, 0xffff, 0xffff, 0xffff, 0xffff, 0xffff, 0xffff, 0xffff, 0xffff, 0xffff, 0xffff, 0xffff, 0xffff, 0xffff, 
  0xffff, 0xffff, 0xffff, 0xffff, 0xffff, 0xffff, 0xffff, 0xffff, 0xffff, 0xffff, 0xffff, 0xffff, 0xffff, 0xffff, 0xffff, 0xffff, 0xffff, 0xffff, 0xffff, 0xffff, 0xffff, 0xffff, 0xffff, 0xffff, 0xffff, 0xffff, 0xffff, 0xffff, 0xffff, 0xffff, 0xffff, 0xffff, 0xffff, 0xffff, 0xffff, 0xffff, 0xffff, 0xffff, 0xffff, 0xffff, 0xffff, 0xffff, 0xffff, 0xffff, 0xffff, 0xffff, 0xffff, 0xffff, 0xffff, 0xffff, 0xffff, 0xffff, 0xffff, 0xffff, 0xffff, 0xf79d, 0xc637, 0x9cd2, 0x9471, 0x9492, 0x9cd2, 0x9cd2, 0x94b2, 0x94b2, 0x9492, 0x9491, 0x8c51, 0x9471, 0x9492, 0x9492, 0x9492, 0x94b2, 0x9492, 0x94b2, 0x9492, 0x94b2, 0x9492, 0x9492, 0x94b2, 0x94b2, 0x94b2, 0x8c71, 0x73cf, 0x634d, 0x5aec, 0x5b0c, 0x632d, 0x6b6e, 0x73b0, 0x7bf0, 0x8431, 0x8452, 0x8c72, 0x7bf0, 0x5b0c, 0x634e, 0x94d4, 0x94f4, 0x9d14, 0x9d15, 0x9d15, 0x9d35, 0x9d35, 0xa535, 0x4a49, 0x0000, 0x0000, 0x18c4, 0xa535, 0xa556, 0xa576, 0xa576, 0xad76, 0xad76, 0x31a7, 0x0000, 0x0000, 0x0000, 0x0000, 0x0000, 0x0000, 0x0000, 0x73d0, 0xa576, 0xa576, 0xa576, 0xa556, 0xa556, 0x6b8e, 0x0020, 0x0000, 0x0021, 0x8452, 0x9d35, 0x9d15, 0x9d15, 0x9cf4, 0x9cf4, 0x94f4, 0x94d4, 0x8cb3, 0x18e4, 0x2965, 0x4a6a, 0x7bf0, 0x8c93, 0x8c72, 0x8c72, 0x8472, 0x8472, 0x8472, 0x8c72, 0x8c72, 0x8c92, 0x94b3, 0x9cf4, 0xa534, 0xad75, 0xbdd7, 0xd69a, 0xe71c, 0xef7d, 0xf79e, 0xf79e, 0xf79e, 0xf79e, 0xf77e, 0xf79e, 0xf79e, 0xf79e, 0xf7be, 0xffde, 0xffde, 0xf7de, 0xffde, 0xffde, 0xf79e, 0xdeba, 0xad55, 0xa513, 0xad34, 0xad54, 0xad55, 0xce59, 0xf7be, 0xffff, 0xffff, 0xffff, 0xffff, 0xffff, 0xffff, 0xffff, 0xffff, 0xffff, 0xffff, 0xffff, 0xffff, 0xffff, 0xffff, 0xffff, 0xffff, 0xffff, 0xffff, 0xffff, 0xffff, 0xffff, 0xffff, 0xffff, 0xffff, 0xffff, 0xffff, 0xffff, 0xffff, 0xffff, 0xffff, 0xffff, 0xffff, 0xffff, 0xffff, 0xffff, 0xffff, 0xffff, 0xffff, 0xffff, 0xffff, 0xffff, 0xffff, 0xffff, 0xffff, 0xffff, 0xffff, 0xffff, 0xffff, 0xffff, 0xffff, 0xffff, 0xffff, 0xffff, 0xffff, 0xffff, 
  0xffff, 0xffff, 0xffff, 0xffff, 0xffff, 0xffff, 0xffff, 0xffff, 0xffff, 0xffff, 0xffff, 0xffff, 0xffff, 0xffff, 0xffff, 0xffff, 0xffff, 0xffff, 0xffff, 0xffff, 0xffff, 0xffff, 0xffff, 0xffff, 0xffff, 0xffff, 0xffff, 0xffff, 0xffff, 0xffff, 0xffff, 0xffff, 0xffff, 0xffff, 0xffff, 0xffff, 0xffff, 0xffff, 0xffff, 0xffff, 0xffff, 0xffff, 0xffff, 0xffff, 0xffff, 0xffff, 0xffff, 0xffff, 0xffff, 0xffff, 0xffff, 0xffff, 0xffff, 0xf7de, 0xce79, 0xa4f3, 0x9471, 0x9492, 0x9cb2, 0x9cd2, 0x9cd2, 0x9cb2, 0x9492, 0x9471, 0x9471, 0x9492, 0x94b2, 0x9492, 0x94b2, 0x94b2, 0x94b2, 0x94b2, 0x94b2, 0x94b2, 0x94b2, 0x94b2, 0x94d2, 0x94d2, 0x8c71, 0x73af, 0x5aec, 0x52ab, 0x52cb, 0x630d, 0x6b6e, 0x73af, 0x7c10, 0x8431, 0x8c72, 0x8c93, 0x94b3, 0x94f4, 0x3186, 0x0041, 0x0041, 0x2987, 0xa556, 0xa556, 0xa556, 0xad76, 0xad76, 0xad77, 0xad77, 0xad97, 0x632d, 0x0000, 0x0001, 0x1083, 0xa556, 0xb5b7, 0xb5b8, 0xb5d8, 0xb5b7, 0xb5b7, 0x39e8, 0x0000, 0x0000, 0x0000, 0x0000, 0x0000, 0x0000, 0x0000, 0x7bf1, 0xb5d8, 0xb5b7, 0xb5b7, 0xb5b7, 0xb5d7, 0x634d, 0x0000, 0x0000, 0x0862, 0x94f4, 0xad76, 0xad76, 0xa556, 0xa556, 0xa556, 0xa535, 0x9d15, 0x8451, 0x0821, 0x0000, 0x0000, 0x5b0d, 0x94d4, 0x94b3, 0x8c93, 0x8c93, 0x8c73, 0x8c72, 0x8c92, 0x8472, 0x8472, 0x8c72, 0x8471, 0x9492, 0x94d3, 0x9d14, 0xad55, 0xbdd7, 0xce79, 0xdedb, 0xe73d, 0xef7d, 0xf79e, 0xf7be, 0xef7d, 0xf77d, 0xf79e, 0xf79d, 0xf79e, 0xf7be, 0xf7be, 0xf7be, 0xf7be, 0xffbe, 0xffde, 0xf79e, 0xd67a, 0xad34, 0xa514, 0xad55, 0xad54, 0xad75, 0xd6ba, 0xf7de, 0xffff, 0xffff, 0xffff, 0xffff, 0xffff, 0xffff, 0xffff, 0xffff, 0xffff, 0xffff, 0xffff, 0xffff, 0xffff, 0xffff, 0xffff, 0xffff, 0xffff, 0xffff, 0xffff, 0xffff, 0xffff, 0xffff, 0xffff, 0xffff, 0xffff, 0xffff, 0xffff, 0xffff, 0xffff, 0xffff, 0xffff, 0xffff, 0xffff, 0xffff, 0xffff, 0xffff, 0xffff, 0xffff, 0xffff, 0xffff, 0xffff, 0xffff, 0xffff, 0xffff, 0xffff, 0xffff, 0xffff, 0xffff, 0xffff, 0xffff, 0xffff, 0xffff, 0xffff, 
  0xffff, 0xffff, 0xffff, 0xffff, 0xffff, 0xffff, 0xffff, 0xffff, 0xffff, 0xffff, 0xffff, 0xffff, 0xffff, 0xffff, 0xffff, 0xffff, 0xffff, 0xffff, 0xffff, 0xffff, 0xffff, 0xffff, 0xffff, 0xffff, 0xffff, 0xffff, 0xffff, 0xffff, 0xffff, 0xffff, 0xffff, 0xffff, 0xffff, 0xffff, 0xffff, 0xffff, 0xffff, 0xffff, 0xffff, 0xffff, 0xffff, 0xffff, 0xffff, 0xffff, 0xffff, 0xffff, 0xffff, 0xffff, 0xffff, 0xffff, 0xffff, 0xffff, 0xdefb, 0xad34, 0x9471, 0x9492, 0x9cd2, 0xa4f3, 0x9cd3, 0x9cb2, 0x94b2, 0x9492, 0x9491, 0x94b2, 0x9cb2, 0x9cb2, 0x9cd3, 0x9cb2, 0x94b2, 0x9cd3, 0x94b2, 0x94b2, 0x94b2, 0x94d2, 0x94d3, 0x9492, 0x73ae, 0x52cb, 0x4aaa, 0x52cb, 0x5b0c, 0x6b6e, 0x73af, 0x7bf0, 0x8431, 0x8c72, 0x9492, 0x94d3, 0x94f4, 0x9d15, 0x9d35, 0xa556, 0x4a8a, 0x0861, 0x0041, 0x10c3, 0xad76, 0xad97, 0xb5b7, 0xb5b7, 0xb5b7, 0xb5d8, 0xb5d8, 0xb5d8, 0x7c10, 0x0021, 0x0021, 0x1083, 0x9d15, 0xb5f8, 0xbdf8, 0xbdf8, 0xbdf8, 0xb5d8, 0x4208, 0x0000, 0x0000, 0x0000, 0x0000, 0x0000, 0x0000, 0x0021, 0x7c11, 0xbdf8, 0xbdf8, 0xbdf8, 0xb5f8, 0xbdf8, 0x5aec, 0x0000, 0x0000, 0x18c4, 0xad76, 0xb5b7, 0xb5b7, 0xb5b7, 0xad97, 0xad97, 0xad76, 0xad76, 0x6b6e, 0x0000, 0x0000, 0x0000, 0x8452, 0x9cf4, 0x9cf4, 0x94d4, 0x94d4, 0x94b3, 0x94b3, 0x8cb3, 0x8c92, 0x8c92, 0x8c92, 0x8472, 0x8472, 0x8472, 0x8c72, 0x94b3, 0x9cf4, 0xa534, 0xb576, 0xbdd7, 0xce59, 0xe71b, 0xef7d, 0xf79e, 0xf79e, 0xf79d, 0xf79d, 0xf79d, 0xf77d, 0xf79d, 0xf79d, 0xf7be, 0xf79e, 0xf7be, 0xf7be, 0xf7be, 0xf77d, 0xce39, 0xa514, 0xa514, 0xad54, 0xad54, 0xb596, 0xe73c, 0xffff, 0xffff, 0xffff, 0xffff, 0xffff, 0xffff, 0xffff, 0xffff, 0xffff, 0xffff, 0xffff, 0xffff, 0xffff, 0xffff, 0xffff, 0xffff, 0xffff, 0xffff, 0xffff, 0xffff, 0xffff, 0xffff, 0xffff, 0xffff, 0xffff, 0xffff, 0xffff, 0xffff, 0xffff, 0xffff, 0xffff, 0xffff, 0xffff, 0xffff, 0xffff, 0xffff, 0xffff, 0xffff, 0xffff, 0xffff, 0xffff, 0xffff, 0xffff, 0xffff, 0xffff, 0xffff, 0xffff, 0xffff, 0xffff, 0xffff, 0xffff, 0xffff, 
  0xffff, 0xffff, 0xffff, 0xffff, 0xffff, 0xffff, 0xffff, 0xffff, 0xffff, 0xffff, 0xffff, 0xffff, 0xffff, 0xffff, 0xffff, 0xffff, 0xffff, 0xffff, 0xffff, 0xffff, 0xffff, 0xffff, 0xffff, 0xffff, 0xffff, 0xffff, 0xffff, 0xffff, 0xffff, 0xffff, 0xffff, 0xffff, 0xffff, 0xffff, 0xffff, 0xffff, 0xffff, 0xffff, 0xffff, 0xffff, 0xffff, 0xffff, 0xffff, 0xffff, 0xffff, 0xffff, 0xffff, 0xffff, 0xffff, 0xffff, 0xef5d, 0xb5b6, 0x94b2, 0x9492, 0x9cd2, 0xa513, 0xa513, 0x9cd2, 0x9cd2, 0x94b2, 0x94b2, 0x94b2, 0x9cd2, 0x9cd3, 0xa4f3, 0x9cf3, 0x9cf3, 0x9cf3, 0x9d13, 0x9cd3, 0x94b2, 0x94b2, 0x94b3, 0x8430, 0x5b2c, 0x4a8a, 0x4aab, 0x5aec, 0x634d, 0x73af, 0x7bf0, 0x8451, 0x7bf0, 0x6b8f, 0x94d4, 0x9cf4, 0x9d15, 0xa535, 0xa556, 0xad76, 0xad76, 0xad97, 0x73f0, 0x0882, 0x0062, 0x0883, 0x9d15, 0xb5d8, 0xb5f8, 0xb5f8, 0xbdf8, 0xbdf8, 0xbdf8, 0xb619, 0x94d3, 0x0021, 0x0001, 0x0842, 0x94b4, 0xbe19, 0xbe19, 0xbe19, 0xbe19, 0xbdf8, 0x4229, 0x0000, 0x0000, 0x0000, 0x0000, 0x0000, 0x0000, 0x0021, 0x8432, 0xbe19, 0xbe19, 0xbe19, 0xbe19, 0xbe19, 0x52aa, 0x0001, 0x0001, 0x2126, 0xb5b8, 0xbdf8, 0xbdf8, 0xb5f8, 0xb5d8, 0xb5d8, 0xb5d8, 0xb5d8, 0x528a, 0x0000, 0x0000, 0x0862, 0xa555, 0xa556, 0xa535, 0xa535, 0x9d15, 0x9cf4, 0x94f4, 0x94d4, 0x8c72, 0x2104, 0x3a08, 0x6b8e, 0x8451, 0x8c72, 0x8c72, 0x8c72, 0x8c72, 0x8c92, 0x94d3, 0x9d14, 0xa534, 0xb596, 0xc638, 0xdefb, 0xef7d, 0xf79d, 0xf79e, 0xef7d, 0xef7d, 0xef7d, 0xef7d, 0xef7d, 0xf79e, 0xf7be, 0xf7be, 0xf7be, 0xf79e, 0xf79e, 0xe6fb, 0xb596, 0xa4f3, 0xad34, 0xad54, 0xad34, 0xc617, 0xf79e, 0xffff, 0xffff, 0xffff, 0xffff, 0xffff, 0xffff, 0xffff, 0xffff, 0xffff, 0xffff, 0xffff, 0xffff, 0xffff, 0xffff, 0xffff, 0xffff, 0xffff, 0xffff, 0xffff, 0xffff, 0xffff, 0xffff, 0xffff, 0xffff, 0xffff, 0xffff, 0xffff, 0xffff, 0xffff, 0xffff, 0xffff, 0xffff, 0xffff, 0xffff, 0xffff, 0xffff, 0xffff, 0xffff, 0xffff, 0xffff, 0xffff, 0xffff, 0xffff, 0xffff, 0xffff, 0xffff, 0xffff, 0xffff, 0xffff, 0xffff, 
  0xffff, 0xffff, 0xffff, 0xffff, 0xffff, 0xffff, 0xffff, 0xffff, 0xffff, 0xffff, 0xffff, 0xffff, 0xffff, 0xffff, 0xffff, 0xffff, 0xffff, 0xffff, 0xffff, 0xffff, 0xffff, 0xffff, 0xffff, 0xffff, 0xffff, 0xffff, 0xffff, 0xffff, 0xffff, 0xffff, 0xffff, 0xffff, 0xffff, 0xffff, 0xffff, 0xffff, 0xffff, 0xffff, 0xffff, 0xffff, 0xffff, 0xffff, 0xffff, 0xffff, 0xffff, 0xffff, 0xffff, 0xffff, 0xf7be, 0xce58, 0x9cd2, 0x9492, 0x9cd3, 0xa513, 0xa513, 0x9cd3, 0x9cf3, 0x9cf3, 0x9cd2, 0x94b2, 0x9cd2, 0x9cf3, 0x9cf3, 0x9cd3, 0x9cf3, 0xa514, 0xa534, 0x9cf3, 0x94b2, 0x9cd3, 0x9492, 0x6bae, 0x52cb, 0x4a8a, 0x52cb, 0x632d, 0x6b6e, 0x73cf, 0x8431, 0x8c72, 0x634d, 0x2125, 0x0021, 0x18e4, 0x9cf4, 0xad56, 0xad76, 0xad97, 0xb5b7, 0xb5b7, 0xb5d8, 0xb5d8, 0x9d35, 0x10a3, 0x0883, 0x0063, 0x7c11, 0xbdf8, 0xbe19, 0xbe19, 0xbe19, 0xbe19, 0xbe19, 0xbe39, 0xa556, 0x0862, 0x0042, 0x0042, 0x8432, 0xbe39, 0xbe39, 0xbe39, 0xc639, 0xbe19, 0x4229, 0x0000, 0x0000, 0x0000, 0x0000, 0x0000, 0x0000, 0x0021, 0x8432, 0xc639, 0xbe39, 0xbe39, 0xbe39, 0xc639, 0x4208, 0x0001, 0x0001, 0x31c8, 0xbdf9, 0xbe19, 0xbe19, 0xbe19, 0xbe19, 0xbdf9, 0xbdf9, 0xbe18, 0x3186, 0x0000, 0x0000, 0x2986, 0xb5d8, 0xad97, 0xad97, 0xad76, 0xad76, 0xa556, 0xa535, 0x9d15, 0x6b8e, 0x0020, 0x0000, 0x0821, 0x632d, 0x8cb3, 0x8c92, 0x8c92, 0x8c92, 0x8c72, 0x8c72, 0x8c72, 0x9492, 0x9cf3, 0xa534, 0xad76, 0xc618, 0xdedb, 0xe75c, 0xf79e, 0xef7d, 0xef5d, 0xef7d, 0xef7d, 0xef7d, 0xf79e, 0xf79d, 0xf79d, 0xf77d, 0xf79d, 0xf7be, 0xf79e, 0xd69a, 0xad34, 0xa4f3, 0xad34, 0xad34, 0xad54, 0xdeda, 0xffff, 0xffff, 0xffff, 0xffff, 0xffff, 0xffff, 0xffff, 0xffff, 0xffff, 0xffff, 0xffff, 0xffff, 0xffff, 0xffff, 0xffff, 0xffff, 0xffff, 0xffff, 0xffff, 0xffff, 0xffff, 0xffff, 0xffff, 0xffff, 0xffff, 0xffff, 0xffff, 0xffff, 0xffff, 0xffff, 0xffff, 0xffff, 0xffff, 0xffff, 0xffff, 0xffff, 0xffff, 0xffff, 0xffff, 0xffff, 0xffff, 0xffff, 0xffff, 0xffff, 0xffff, 0xffff, 0xffff, 0xffff, 0xffff, 
  0xffff, 0xffff, 0xffff, 0xffff, 0xffff, 0xffff, 0xffff, 0xffff, 0xffff, 0xffff, 0xffff, 0xffff, 0xffff, 0xffff, 0xffff, 0xffff, 0xffff, 0xffff, 0xffff, 0xffff, 0xffff, 0xffff, 0xffff, 0xffff, 0xffff, 0xffff, 0xffff, 0xffff, 0xffff, 0xffff, 0xffff, 0xffff, 0xffff, 0xffff, 0xffff, 0xffff, 0xffff, 0xffff, 0xffff, 0xffff, 0xffff, 0xffff, 0xffff, 0xffff, 0xffff, 0xffff, 0xffff, 0xdefb, 0xad34, 0x9cd3, 0xa513, 0xa534, 0xa513, 0xa513, 0x94b2, 0x9cd2, 0x94b2, 0x94b2, 0x9cd2, 0x9cf3, 0x9cd3, 0x9cd3, 0x9cf3, 0xa514, 0xa514, 0x9cd3, 0x94b2, 0x94d3, 0x8471, 0x632d, 0x4a8a, 0x52ab, 0x5aec, 0x634e, 0x6b8f, 0x7c11, 0x8452, 0x8c93, 0x94d4, 0x9cf4, 0x632d, 0x0041, 0x0021, 0x0842, 0x8c73, 0xb5b7, 0xb5d8, 0xb5d8, 0xb5d8, 0xbdf8, 0xbdf8, 0xbdf8, 0xb5f8, 0x2125, 0x1083, 0x1083, 0x52ac, 0xc639, 0xbe19, 0xbe19, 0xbe39, 0xc639, 0xc639, 0xbe39, 0xb5d7, 0x18c4, 0x0062, 0x0063, 0x73b0, 0xc65a, 0xbe3a, 0xbe3a, 0xc63a, 0xc639, 0x4a6a, 0x0000, 0x0000, 0x0000, 0x0000, 0x0000, 0x0000, 0x0021, 0x8432, 0xc639, 0xc639, 0xc639, 0xc639, 0xbe39, 0x31a7, 0x0021, 0x0022, 0x4a6b, 0xbe19, 0xbe39, 0xbe39, 0xbe39, 0xbe39, 0xbe19, 0xbe19, 0xb5d8, 0x1083, 0x0001, 0x0001, 0x52ac, 0xbdf8, 0xb5d8, 0xb5d8, 0xb5d8, 0xb5b7, 0xad97, 0xad77, 0xad76, 0x4208, 0x0000, 0x0000, 0x1082, 0x8c73, 0x94d4, 0x94b3, 0x94b3, 0x94b3, 0x8c92, 0x8c92, 0x8c92, 0x8c72, 0x8c72, 0x8c92, 0x9cf3, 0xa535, 0xad55, 0xbdf7, 0xd6ba, 0xe71c, 0xef9d, 0xf79d, 0xef5d, 0xef5d, 0xef5d, 0xef5d, 0xef7d, 0xf79d, 0xf79e, 0xf79d, 0xf77d, 0xf79e, 0xef5d, 0xc5f7, 0xa4f3, 0xa514, 0xad34, 0xad54, 0xbdf7, 0xf79d, 0xffff, 0xffff, 0xffff, 0xffff, 0xffff, 0xffff, 0xffff, 0xffff, 0xffff, 0xffff, 0xffff, 0xffff, 0xffff, 0xffff, 0xffff, 0xffff, 0xffff, 0xffff, 0xffff, 0xffff, 0xffff, 0xffff, 0xffff, 0xffff, 0xffff, 0xffff, 0xffff, 0xffff, 0xffff, 0xffff, 0xffff, 0xffff, 0xffff, 0xffff, 0xffff, 0xffff, 0xffff, 0xffff, 0xffff, 0xffff, 0xffff, 0xffff, 0xffff, 0xffff, 0xffff, 0xffff, 0xffff, 
  0xffff, 0xffff, 0xffff, 0xffff, 0xffff, 0xffff, 0xffff, 0xffff, 0xffff, 0xffff, 0xffff, 0xffff, 0xffff, 0xffff, 0xffff, 0xffff, 0xffff, 0xffff, 0xffff, 0xffff, 0xffff, 0xffff, 0xffff, 0xffff, 0xffff, 0xffff, 0xffff, 0xffff, 0xffff, 0xffff, 0xffff, 0xffff, 0xffff, 0xffff, 0xffff, 0xffff, 0xffff, 0xffff, 0xffff, 0xffff, 0xffff, 0xffff, 0xffff, 0xffff, 0xffff, 0xf79e, 0xbdf7, 0x9cd3, 0x9cf3, 0xad54, 0xa534, 0x9cf3, 0x9cd2, 0x9cd3, 0x94b2, 0x9cd2, 0x9cd2, 0x9cd3, 0x9cf3, 0x9cf3, 0xa513, 0xa534, 0x9cf3, 0x94d3, 0x94d3, 0x9cf3, 0x8450, 0x5b0c, 0x4a8a, 0x52ab, 0x5b0d, 0x6b6e, 0x73d0, 0x8431, 0x8c72, 0x94b3, 0x94f4, 0x9d15, 0xa556, 0xa576, 0x9cf4, 0x10e3, 0x0061, 0x0061, 0x5b0d, 0xb5f8, 0xbdf8, 0xbdf8, 0xbe19, 0xbe19, 0xbe19, 0xbe19, 0xbe39, 0x4249, 0x1083, 0x1083, 0x3188, 0xc63a, 0xbe39, 0xc639, 0xc639, 0xc639, 0xc639, 0xc63a, 0xbe18, 0x2967, 0x18c5, 0x2147, 0x7bd1, 0xc65a, 0xc63a, 0xc63a, 0xc63a, 0xc639, 0x4a4a, 0x0000, 0x0000, 0x0000, 0x0000, 0x0000, 0x0000, 0x0021, 0x8432, 0xc659, 0xc639, 0xc639, 0xc639, 0xbe39, 0x6b4e, 0x41ea, 0x3168, 0x6b70, 0xc63a, 0xc63a, 0xc63a, 0xc63a, 0xc63a, 0xc639, 0xbe39, 0xa535, 0x0842, 0x0001, 0x0001, 0x8432, 0xbe19, 0xbe19, 0xbdf8, 0xbdf8, 0xb5f8, 0xb5d8, 0xb5d8, 0xad76, 0x18c3, 0x0000, 0x0000, 0x31a7, 0xa536, 0x9d15, 0x9d15, 0x9cf4, 0x94d4, 0x94d3, 0x94b3, 0x94b3, 0x9492, 0x8c92, 0x8c72, 0x8c72, 0x8c92, 0x94f3, 0xad55, 0xad55, 0xb5b6, 0xd67a, 0xe71c, 0xef7d, 0xef7d, 0xef5d, 0xef5d, 0xef5d, 0xef5d, 0xef5d, 0xef7d, 0xf77d, 0xf77d, 0xf77d, 0xf79d, 0xdebb, 0xad35, 0xa4f3, 0xad34, 0xad34, 0xad54, 0xdefb, 0xffff, 0xffff, 0xffff, 0xffff, 0xffff, 0xffff, 0xffff, 0xffff, 0xffff, 0xffff, 0xffff, 0xffff, 0xffff, 0xffff, 0xffff, 0xffff, 0xffff, 0xffff, 0xffff, 0xffff, 0xffff, 0xffff, 0xffff, 0xffff, 0xffff, 0xffff, 0xffff, 0xffff, 0xffff, 0xffff, 0xffff, 0xffff, 0xffff, 0xffff, 0xffff, 0xffff, 0xffff, 0xffff, 0xffff, 0xffff, 0xffff, 0xffff, 0xffff, 0xffff, 0xffff, 0xffff, 
  0xffff, 0xffff, 0xffff, 0xffff, 0xffff, 0xffff, 0xffff, 0xffff, 0xffff, 0xffff, 0xffff, 0xffff, 0xffff, 0xffff, 0xffff, 0xffff, 0xffff, 0xffff, 0xffff, 0xffff, 0xffff, 0xffff, 0xffff, 0xffff, 0xffff, 0xffff, 0xffff, 0xffff, 0xffff, 0xffff, 0xffff, 0xffff, 0xffff, 0xffff, 0xffff, 0xffff, 0xffff, 0xffff, 0xffff, 0xffff, 0xffff, 0xffff, 0xffff, 0xffff, 0xdeda, 0xa513, 0x9cd2, 0xa533, 0xad55, 0xad54, 0x9cf3, 0x9cd2, 0x94b2, 0x9cd2, 0x9cf3, 0x9cf3, 0x9cf3, 0x9cf3, 0x9cf3, 0xa513, 0x9cf3, 0x94b2, 0x9492, 0x94b2, 0x7c10, 0x5aec, 0x4a8a, 0x52cc, 0x5b0d, 0x6b6e, 0x73d0, 0x8451, 0x8c92, 0x94d3, 0x9d15, 0xa535, 0xa556, 0xad97, 0xadb7, 0xb5b7, 0xb5d7, 0x3a28, 0x0061, 0x0081, 0x2987, 0xb5d8, 0xbe19, 0xbe19, 0xbe19, 0xbe39, 0xbe39, 0xc639, 0xc639, 0x73af, 0x1083, 0x1063, 0x18c4, 0xbdd8, 0xc639, 0xc639, 0xc639, 0xc639, 0xc639, 0xc63a, 0xc639, 0xbdf9, 0xc639, 0xc65a, 0xc65a, 0xc639, 0xc63a, 0xc63a, 0xc63a, 0xc63a, 0x4a8a, 0x0000, 0x0000, 0x0000, 0x0000, 0x0000, 0x0000, 0x0021, 0x8432, 0xc65a, 0xc63a, 0xc63a, 0xc63a, 0xc65a, 0xc65a, 0xc65a, 0xc65a, 0xc65a, 0xc63a, 0xc63a, 0xc65a, 0xc63a, 0xc63a, 0xc63a, 0xc639, 0x8431, 0x0021, 0x0001, 0x0022, 0xa577, 0xbe19, 0xbe19, 0xbe19, 0xbe19, 0xbe19, 0xbdf9, 0xbdf8, 0x9493, 0x0000, 0x0000, 0x0021, 0x6b8f, 0xad97, 0xad76, 0xa556, 0xa535, 0x9d35, 0x9d14, 0x9cf4, 0x94d3, 0x6b6e, 0x4a8a, 0x8431, 0x8c92, 0x8c92, 0x8c92, 0x8c92, 0x9cd3, 0xa535, 0xb576, 0xbdd7, 0xce59, 0xe71c, 0xef5d, 0xef5d, 0xe73c, 0xe73c, 0xe73c, 0xe73c, 0xef5d, 0xf77d, 0xef5d, 0xef5d, 0xf77d, 0xef3c, 0xc618, 0x9cf3, 0xad13, 0xad34, 0xa534, 0xc638, 0xf7de, 0xffff, 0xffff, 0xffff, 0xffff, 0xffff, 0xffff, 0xffff, 0xffff, 0xffff, 0xffff, 0xffff, 0xffff, 0xffff, 0xffff, 0xffff, 0xffff, 0xffff, 0xffff, 0xffff, 0xffff, 0xffff, 0xffff, 0xffff, 0xffff, 0xffff, 0xffff, 0xffff, 0xffff, 0xffff, 0xffff, 0xffff, 0xffff, 0xffff, 0xffff, 0xffff, 0xffff, 0xffff, 0xffff, 0xffff, 0xffff, 0xffff, 0xffff, 0xffff, 0xffff, 
  0xffff, 0xffff, 0xffff, 0xffff, 0xffff, 0xffff, 0xffff, 0xffff, 0xffff, 0xffff, 0xffff, 0xffff, 0xffff, 0xffff, 0xffff, 0xffff, 0xffff, 0xffff, 0xffff, 0xffff, 0xffff, 0xffff, 0xffff, 0xffff, 0xffff, 0xffff, 0xffff, 0xffff, 0xffff, 0xffff, 0xffff, 0xffff, 0xffff, 0xffff, 0xffff, 0xffff, 0xffff, 0xffff, 0xffff, 0xffff, 0xffff, 0xffff, 0xf79e, 0xbdd6, 0x94b2, 0x9cf3, 0xad54, 0xad75, 0xa534, 0xa513, 0xa513, 0x9cd2, 0x9cd2, 0x9cf3, 0x9cd2, 0x9cf3, 0x9cf3, 0xa534, 0xa513, 0x94b2, 0x9492, 0x8c71, 0x7bcf, 0x52cb, 0x4a8a, 0x52cc, 0x632d, 0x6b8f, 0x7bf0, 0x8431, 0x632d, 0x2946, 0x6b6e, 0xa576, 0xad96, 0xad97, 0xb5d8, 0xb5d8, 0xb5f8, 0xbdf8, 0xbdf8, 0x7bef, 0x08a2, 0x0882, 0x10c3, 0x9cf4, 0xbe39, 0xc639, 0xc639, 0xc639, 0xc639, 0xc639, 0xc639, 0x9cf4, 0x10a4, 0x2967, 0x52ac, 0xb5d8, 0xc639, 0xc639, 0xc639, 0xc65a, 0xc65a, 0xc65a, 0xc639, 0xc639, 0xc639, 0xc65a, 0xc65a, 0xc65a, 0xc65a, 0xc63a, 0xc63a, 0xc639, 0x528a, 0x0000, 0x0000, 0x0000, 0x0000, 0x0000, 0x0000, 0x0001, 0x7c11, 0xc65a, 0xc63a, 0xc65a, 0xc65a, 0xc65a, 0xc659, 0xc65a, 0xc65a, 0xc65a, 0xc639, 0xc639, 0xc63a, 0xc63a, 0xc63a, 0xc63a, 0xc63a, 0xb5f8, 0x8c94, 0x632e, 0x4a4b, 0xbe19, 0xc639, 0xc639, 0xbe39, 0xbe39, 0xbe39, 0xbe19, 0xbe19, 0x5acc, 0x0000, 0x0000, 0x1083, 0xa536, 0xb5b8, 0xb5b8, 0xad97, 0xad96, 0xad76, 0xa555, 0x9d35, 0x9cf3, 0x3166, 0x0000, 0x0841, 0x4209, 0x8c92, 0x8c92, 0x8c92, 0x8c92, 0x8c92, 0x94b3, 0xa514, 0xa534, 0xb596, 0xce79, 0xdefc, 0xe73c, 0xe71c, 0xe73c, 0xe71c, 0xe73c, 0xef5d, 0xef7d, 0xef7d, 0xef5d, 0xef5d, 0xef5d, 0xdefb, 0xb575, 0xa4f3, 0xa534, 0xa534, 0xb575, 0xef7d, 0xffff, 0xffff, 0xffff, 0xffff, 0xffff, 0xffff, 0xffff, 0xffff, 0xffff, 0xffff, 0xffff, 0xffff, 0xffff, 0xffff, 0xffff, 0xffff, 0xffff, 0xffff, 0xffff, 0xffff, 0xffff, 0xffff, 0xffff, 0xffff, 0xffff, 0xffff, 0xffff, 0xffff, 0xffff, 0xffff, 0xffff, 0xffff, 0xffff, 0xffff, 0xffff, 0xffff, 0xffff, 0xffff, 0xffff, 0xffff, 0xffff, 0xffff, 0xffff, 
  0xffff, 0xffff, 0xffff, 0xffff, 0xffff, 0xffff, 0xffff, 0xffff, 0xffff, 0xffff, 0xffff, 0xffff, 0xffff, 0xffff, 0xffff, 0xffff, 0xffff, 0xffff, 0xffff, 0xffff, 0xffff, 0xffff, 0xffff, 0xffff, 0xffff, 0xffff, 0xffff, 0xffff, 0xffff, 0xffff, 0xffff, 0xffff, 0xffff, 0xffff, 0xffff, 0xffff, 0xffff, 0xffff, 0xffff, 0xffff, 0xffff, 0xdf1b, 0xa513, 0x94b2, 0xa534, 0xad55, 0xad55, 0xad54, 0xa534, 0xa514, 0xa513, 0x9cf3, 0x9cf3, 0x9cf3, 0x9cd3, 0xa513, 0xa513, 0x94b2, 0x9471, 0x8c71, 0x7bef, 0x52cb, 0x4a6a, 0x52cc, 0x630d, 0x6b6e, 0x7bf0, 0x8452, 0x8c72, 0x31a7, 0x0882, 0x10a2, 0x39e8, 0xad96, 0xb5d7, 0xb5d8, 0xbdf8, 0xbdf8, 0xbdf8, 0xbe19, 0xbe19, 0xad76, 0x2125, 0x10a3, 0x10a3, 0x6b4e, 0xc639, 0xc639, 0xc639, 0xc639, 0xc639, 0xc639, 0xc639, 0xc639, 0xb5f8, 0xc65a, 0xc67a, 0xc659, 0xc659, 0xc65a, 0xc659, 0xc65a, 0xc65a, 0xc65a, 0xc65a, 0xc639, 0xc65a, 0xc65a, 0xc65a, 0xc65a, 0xc65a, 0xc65a, 0xc65a, 0xc639, 0x52aa, 0x0000, 0x0000, 0x0000, 0x0000, 0x0000, 0x0000, 0x0021, 0x7c11, 0xc65a, 0xc65a, 0xc65a, 0xc65a, 0xc65a, 0xc65a, 0xc65a, 0xc65a, 0xc65a, 0xc65a, 0xc65a, 0xc65a, 0xc65a, 0xc65a, 0xc65a, 0xc65a, 0xc63a, 0xc639, 0xc63a, 0xc65a, 0xc639, 0xc63a, 0xc639, 0xc639, 0xc63a, 0xc639, 0xbe39, 0xbe18, 0x2125, 0x0001, 0x0000, 0x31a8, 0xbe19, 0xbdf8, 0xb5f8, 0xb5d8, 0xb5d8, 0xb5b7, 0xad96, 0xad76, 0x8431, 0x0841, 0x0000, 0x0000, 0x39e8, 0x94b3, 0x94b3, 0x94b3, 0x8cb2, 0x8c92, 0x8c92, 0x8c72, 0x9492, 0x9cd3, 0xa514, 0xb596, 0xd69a, 0xe71c, 0xe73c, 0xe71c, 0xe71c, 0xe73c, 0xe71c, 0xe73c, 0xef5d, 0xef5d, 0xef5d, 0xef5d, 0xef3c, 0xc5f7, 0x9cd3, 0xa534, 0xad14, 0xad34, 0xdefb, 0xffff, 0xffff, 0xffff, 0xffff, 0xffff, 0xffff, 0xffff, 0xffff, 0xffff, 0xffff, 0xffff, 0xffff, 0xffff, 0xffff, 0xffff, 0xffff, 0xffff, 0xffff, 0xffff, 0xffff, 0xffff, 0xffff, 0xffff, 0xffff, 0xffff, 0xffff, 0xffff, 0xffff, 0xffff, 0xffff, 0xffff, 0xffff, 0xffff, 0xffff, 0xffff, 0xffff, 0xffff, 0xffff, 0xffff, 0xffff, 0xffff, 0xffff, 
  0xffff, 0xffff, 0xffff, 0xffff, 0xffff, 0xffff, 0xffff, 0xffff, 0xffff, 0xffff, 0xffff, 0xffff, 0xffff, 0xffff, 0xffff, 0xffff, 0xffff, 0xffff, 0xffff, 0xffff, 0xffff, 0xffff, 0xffff, 0xffff, 0xffff, 0xffff, 0xffff, 0xffff, 0xffff, 0xffff, 0xffff, 0xffff, 0xffff, 0xffff, 0xffff, 0xffff, 0xffff, 0xffff, 0xffff, 0xffde, 0xce58, 0x9cd2, 0xa4f3, 0xad55, 0xad75, 0xad55, 0xad54, 0xad54, 0xa514, 0xa514, 0xa514, 0x9cf3, 0x9cf3, 0x9cf3, 0xa514, 0x9cd2, 0x8c71, 0x8c71, 0x7bef, 0x5aeb, 0x4a6a, 0x52ab, 0x5b0d, 0x6b6e, 0x73d0, 0x8452, 0x94b3, 0x9cf4, 0xa556, 0x632d, 0x18e3, 0x18c3, 0x2104, 0x8c93, 0xbdf8, 0xbdf8, 0xbe19, 0xbe19, 0xbe19, 0xbe39, 0xc639, 0xc639, 0x4249, 0x10a3, 0x10c3, 0x31c8, 0xbdf9, 0xc639, 0xc63a, 0xc65a, 0xc65a, 0xc639, 0xc65a, 0xc659, 0xc659, 0xc65a, 0xc65a, 0xc65a, 0xc65a, 0xc65a, 0xc65a, 0xc65a, 0xc65a, 0xc65a, 0xc65a, 0xc65a, 0xc65a, 0xc65a, 0xc65a, 0xc65a, 0xc65a, 0xc65a, 0xc65a, 0xc639, 0x52ab, 0x0000, 0x0000, 0x0000, 0x0000, 0x0000, 0x0000, 0x0021, 0x7bf1, 0xc65a, 0xc65a, 0xc65a, 0xc65a, 0xc65a, 0xc65a, 0xc65a, 0xc65a, 0xc65a, 0xc65a, 0xc65a, 0xc65a, 0xc65a, 0xc65a, 0xc65a, 0xc65a, 0xc63a, 0xc63a, 0xc63a, 0xc63a, 0xc639, 0xc639, 0xc639, 0xc639, 0xc63a, 0xc63a, 0xbe39, 0xa576, 0x0842, 0x0001, 0x0021, 0x73b0, 0xbe19, 0xbe19, 0xbe19, 0xbe19, 0xbdf8, 0xbdf8, 0xb5d8, 0xb5b7, 0x4a6a, 0x0000, 0x0000, 0x0841, 0x7bf0, 0x94f4, 0x94d4, 0x94b3, 0x94b3, 0x94b3, 0x8c92, 0x8c72, 0x8c72, 0x8c72, 0x94b2, 0x9cd3, 0xa514, 0xb5b7, 0xd69a, 0xe71c, 0xe71c, 0xe71c, 0xe71c, 0xdefb, 0xdefb, 0xe71c, 0xef3c, 0xef3c, 0xef3c, 0xef3c, 0xd679, 0xa514, 0xa4f3, 0xad34, 0xa513, 0xce59, 0xffdf, 0xffff, 0xffff, 0xffff, 0xffff, 0xffff, 0xffff, 0xffff, 0xffff, 0xffff, 0xffff, 0xffff, 0xffff, 0xffff, 0xffff, 0xffff, 0xffff, 0xffff, 0xffff, 0xffff, 0xffff, 0xffff, 0xffff, 0xffff, 0xffff, 0xffff, 0xffff, 0xffff, 0xffff, 0xffff, 0xffff, 0xffff, 0xffff, 0xffff, 0xffff, 0xffff, 0xffff, 0xffff, 0xffff, 0xffff, 0xffff, 
  0xffff, 0xffff, 0xffff, 0xffff, 0xffff, 0xffff, 0xffff, 0xffff, 0xffff, 0xffff, 0xffff, 0xffff, 0xffff, 0xffff, 0xffff, 0xffff, 0xffff, 0xffff, 0xffff, 0xffff, 0xffff, 0xffff, 0xffff, 0xffff, 0xffff, 0xffff, 0xffff, 0xffff, 0xffff, 0xffff, 0xffff, 0xffff, 0xffff, 0xffff, 0xffff, 0xffff, 0xffff, 0xffff, 0xf7be, 0xb5b6, 0x9cd3, 0xad54, 0xb5b6, 0xad75, 0xad54, 0xad55, 0xad75, 0xad55, 0xad34, 0xa534, 0xa514, 0xa513, 0xa513, 0x9cf3, 0x9491, 0x8c71, 0x8430, 0x632c, 0x4a6a, 0x52ab, 0x630c, 0x6b4e, 0x73af, 0x7c31, 0x8c93, 0x9cf4, 0xa556, 0xad97, 0xb5b7, 0xa535, 0x2986, 0x1904, 0x1904, 0x52ab, 0xbdf8, 0xbe19, 0xbe39, 0xbe39, 0xc639, 0xc639, 0xc639, 0xc639, 0x7c11, 0x10c4, 0x2147, 0x632e, 0xbdf8, 0xc659, 0xc65a, 0xc65a, 0xc65a, 0xc65a, 0xc65a, 0xc65a, 0xc65a, 0xc65a, 0xc65a, 0xc65a, 0xc65a, 0xc65a, 0xc65a, 0xc65a, 0xc65a, 0xc65a, 0xc65a, 0xc65a, 0xc65a, 0xc65a, 0xc65a, 0xc65a, 0xc65a, 0xc65a, 0xc65a, 0xc639, 0x52ab, 0x0000, 0x0000, 0x0000, 0x0000, 0x0000, 0x0000, 0x0001, 0x7bf1, 0xc65a, 0xc65a, 0xc65a, 0xc65a, 0xc65a, 0xc65a, 0xc65a, 0xc65a, 0xc65a, 0xc65a, 0xc65a, 0xc65a, 0xc65a, 0xc65a, 0xc65a, 0xc65a, 0xc65a, 0xc65a, 0xc65a, 0xc65a, 0xc65a, 0xc63a, 0xc639, 0xc639, 0xc63a, 0xc63a, 0xc639, 0xbe39, 0xad97, 0x73b0, 0x3a09, 0xad77, 0xbe39, 0xbe39, 0xbe39, 0xbe19, 0xbe19, 0xbe19, 0xbdf8, 0xa555, 0x18a3, 0x0000, 0x0000, 0x31a7, 0xa536, 0xa535, 0x9d15, 0x9cf4, 0x94d3, 0x94d3, 0x8451, 0x73af, 0x8c92, 0x8c92, 0x8c71, 0x8451, 0x94b2, 0x9cd3, 0xad76, 0xc618, 0xd6ba, 0xe6fc, 0xdefb, 0xdefb, 0xdefb, 0xdedb, 0xe6fb, 0xe73c, 0xe73c, 0xe71c, 0xe73c, 0xdedb, 0xb575, 0x9cd2, 0xad14, 0xa514, 0xbdd6, 0xf7be, 0xffff, 0xffff, 0xffff, 0xffff, 0xffff, 0xffff, 0xffff, 0xffff, 0xffff, 0xffff, 0xffff, 0xffff, 0xffff, 0xffff, 0xffff, 0xffff, 0xffff, 0xffff, 0xffff, 0xffff, 0xffff, 0xffff, 0xffff, 0xffff, 0xffff, 0xffff, 0xffff, 0xffff, 0xffff, 0xffff, 0xffff, 0xffff, 0xffff, 0xffff, 0xffff, 0xffff, 0xffff, 0xffff, 0xffff, 
  0xffff, 0xffff, 0xffff, 0xffff, 0xffff, 0xffff, 0xffff, 0xffff, 0xffff, 0xffff, 0xffff, 0xffff, 0xffff, 0xffff, 0xffff, 0xffff, 0xffff, 0xffff, 0xffff, 0xffff, 0xffff, 0xffff, 0xffff, 0xffff, 0xffff, 0xffff, 0xffff, 0xffff, 0xffff, 0xffff, 0xffff, 0xffff, 0xffff, 0xffff, 0xffff, 0xffff, 0xffff, 0xe75c, 0xa534, 0xa513, 0xb5b6, 0xb5b6, 0xb595, 0xad55, 0xad75, 0xad55, 0xad75, 0xad75, 0xad54, 0xa534, 0xa534, 0x9d13, 0x94b2, 0x94b2, 0x8c92, 0x6b8e, 0x4a8a, 0x4a8a, 0x5acc, 0x632d, 0x738f, 0x7c10, 0x632d, 0x7c11, 0xa556, 0xad97, 0xb5b7, 0xb5d8, 0xb5f8, 0xbdf8, 0x5b0c, 0x2104, 0x2104, 0x2946, 0x9d35, 0xbe3a, 0xc63a, 0xc63a, 0xc63a, 0xc639, 0xc639, 0xc63a, 0xb5d8, 0x9d15, 0xc63a, 0xc65a, 0xc65a, 0xc65a, 0xc65a, 0xc65a, 0xc65a, 0xc65a, 0xc65a, 0xc65a, 0xc65a, 0xc65a, 0xc65a, 0xc65a, 0xc65a, 0xc65a, 0xc65a, 0xc65a, 0xc65a, 0xc65a, 0xc65a, 0xc65a, 0xc65a, 0xc65a, 0xc65a, 0xc65a, 0xc65a, 0xc65a, 0xc65a, 0xc65a, 0x52ab, 0x0000, 0x0000, 0x0000, 0x0000, 0x0000, 0x0000, 0x0001, 0x7bf1, 0xc65a, 0xc65a, 0xc65a, 0xc65a, 0xc65a, 0xc65a, 0xc65a, 0xc65a, 0xc65a, 0xc65a, 0xc65a, 0xc65a, 0xc65a, 0xc65a, 0xc65a, 0xc65a, 0xc65a, 0xc65a, 0xc65a, 0xc65a, 0xc65a, 0xc65a, 0xc639, 0xc639, 0xc639, 0xc639, 0xc639, 0xc639, 0xc639, 0xc639, 0xc65a, 0xc639, 0xc639, 0xc639, 0xc639, 0xc639, 0xc639, 0xbe39, 0xbe38, 0x6b6e, 0x0000, 0x0000, 0x0821, 0x7c11, 0xb5b7, 0xad76, 0xa556, 0xa535, 0x9d14, 0x9cf4, 0x4208, 0x0821, 0x31a7, 0x7c10, 0x8c92, 0x8c72, 0x8c72, 0x8c72, 0x94b3, 0xa514, 0xad55, 0xc618, 0xd6ba, 0xdefb, 0xdedb, 0xdedb, 0xdedb, 0xe71c, 0xe71c, 0xe6fb, 0xe71c, 0xe73c, 0xe71b, 0xc5f7, 0xa4f3, 0xa513, 0xad34, 0xad75, 0xef5d, 0xffff, 0xffff, 0xffff, 0xffff, 0xffff, 0xffff, 0xffff, 0xffff, 0xffff, 0xffff, 0xffff, 0xffff, 0xffff, 0xffff, 0xffff, 0xffff, 0xffff, 0xffff, 0xffff, 0xffff, 0xffff, 0xffff, 0xffff, 0xffff, 0xffff, 0xffff, 0xffff, 0xffff, 0xffff, 0xffff, 0xffff, 0xffff, 0xffff, 0xffff, 0xffff, 0xffff, 0xffff, 0xffff, 
  0xffff, 0xffff, 0xffff, 0xffff, 0xffff, 0xffff, 0xffff, 0xffff, 0xffff, 0xffff, 0xffff, 0xffff, 0xffff, 0xffff, 0xffff, 0xffff, 0xffff, 0xffff, 0xffff, 0xffff, 0xffff, 0xffff, 0xffff, 0xffff, 0xffff, 0xffff, 0xffff, 0xffff, 0xffff, 0xffff, 0xffff, 0xffff, 0xffff, 0xffff, 0xffff, 0xffff, 0xdedb, 0x9cf3, 0xa514, 0xb5b6, 0xb5b6, 0xb5b6, 0xb596, 0xb595, 0xad75, 0xb596, 0xb596, 0xad75, 0xad54, 0xa534, 0x9cd3, 0x8c72, 0x9492, 0x8451, 0x5aec, 0x4a6a, 0x52cc, 0x630d, 0x6b6e, 0x7bf0, 0x6baf, 0x3186, 0x1083, 0x3a09, 0xad97, 0xb5d8, 0xb5d8, 0xbdf8, 0xbe19, 0xbe19, 0x9d34, 0x2966, 0x1904, 0x1905, 0x634e, 0xbe39, 0xc63a, 0xc63a, 0xc63a, 0xc639, 0xc639, 0xc63a, 0xc65a, 0xc65a, 0xc65a, 0xc65a, 0xc65a, 0xc65a, 0xc65a, 0xc65a, 0xc65a, 0xc65a, 0xc65a, 0xc65a, 0xc65a, 0xc65a, 0xc65a, 0xc65a, 0xc65a, 0xc65a, 0xc65a, 0xc65a, 0xc65a, 0xc65a, 0xc65a, 0xc65a, 0xc65a, 0xc65a, 0xc65a, 0xc65a, 0xc65a, 0xc65a, 0xc65a, 0xc65a, 0x52cb, 0x0000, 0x0000, 0x0000, 0x0000, 0x0000, 0x0000, 0x0021, 0x73f0, 0xc65a, 0xc65a, 0xc65a, 0xc65a, 0xc65a, 0xc65a, 0xc65a, 0xc65a, 0xc65a, 0xc65a, 0xc65a, 0xc65a, 0xc65a, 0xc65a, 0xc65a, 0xc65a, 0xc65a, 0xc65a, 0xc65a, 0xc65a, 0xc65a, 0xc65a, 0xc63a, 0xc65a, 0xc63a, 0xc63a, 0xc639, 0xc639, 0xc639, 0xc639, 0xc639, 0xc639, 0xc639, 0xc639, 0xc65a, 0xc63a, 0xc639, 0xbe39, 0xbdd7, 0x2946, 0x0001, 0x0001, 0x2946, 0xadb7, 0xb5d8, 0xb5d8, 0xb597, 0xad76, 0xa556, 0x8431, 0x0861, 0x0000, 0x0000, 0x0841, 0x4a69, 0x8451, 0x8c92, 0x8472, 0x8451, 0x8c72, 0x9cf3, 0xa534, 0xb5b6, 0xce59, 0xdedb, 0xd6ba, 0xdebb, 0xdedb, 0xdedb, 0xdefb, 0xe6fb, 0xe71c, 0xe73c, 0xe71b, 0xd679, 0xa534, 0xa4f3, 0xad34, 0xad34, 0xdefb, 0xffff, 0xffff, 0xffff, 0xffff, 0xffff, 0xffff, 0xffff, 0xffff, 0xffff, 0xffff, 0xffff, 0xffff, 0xffff, 0xffff, 0xffff, 0xffff, 0xffff, 0xffff, 0xffff, 0xffff, 0xffff, 0xffff, 0xffff, 0xffff, 0xffff, 0xffff, 0xffff, 0xffff, 0xffff, 0xffff, 0xffff, 0xffff, 0xffff, 0xffff, 0xffff, 0xffff, 0xffff, 
  0xffff, 0xffff, 0xffff, 0xffff, 0xffff, 0xffff, 0xffff, 0xffff, 0xffff, 0xffff, 0xffff, 0xffff, 0xffff, 0xffff, 0xffff, 0xffff, 0xffff, 0xffff, 0xffff, 0xffff, 0xffff, 0xffff, 0xffff, 0xffff, 0xffff, 0xffff, 0xffff, 0xffff, 0xffff, 0xffff, 0xffff, 0xffff, 0xffff, 0xffff, 0xffdf, 0xce58, 0x9cf3, 0xb596, 0xbdd6, 0xbdd6, 0xb5b6, 0xb5b6, 0xb5b6, 0xad75, 0xad75, 0xad75, 0xad54, 0xa534, 0xa534, 0x94b2, 0x9492, 0x8c72, 0x6b8e, 0x4a6a, 0x52ab, 0x5aed, 0x6b4e, 0x73af, 0x7bf0, 0x4229, 0x0862, 0x1083, 0x18a3, 0x20e4, 0x8431, 0xbdf9, 0xbe19, 0xbe19, 0xbe39, 0xbe39, 0xbe19, 0x52ab, 0x1905, 0x1905, 0x2987, 0xad97, 0xc639, 0xc639, 0xc65a, 0xc65a, 0xc65a, 0xc65a, 0xc65a, 0xc65a, 0xc65a, 0xc65a, 0xc65a, 0xc65a, 0xc65a, 0xc65a, 0xc65a, 0xc65a, 0xc65a, 0xc65a, 0xc65a, 0xc65a, 0xc65a, 0xc65a, 0xc65a, 0xc65a, 0xc65a, 0xc65a, 0xc65a, 0xc65a, 0xc65a, 0xc65a, 0xc65a, 0xc65a, 0xc65a, 0xc65a, 0xc65a, 0xc65a, 0xc65a, 0xc65a, 0x5acc, 0x0000, 0x0000, 0x0000, 0x0000, 0x0000, 0x0000, 0x0021, 0x73f0, 0xc65a, 0xc65a, 0xc65a, 0xc65a, 0xc65a, 0xc65a, 0xc65a, 0xc65a, 0xc65a, 0xc65a, 0xc65a, 0xc65a, 0xc65a, 0xc65a, 0xc65a, 0xc65a, 0xc65a, 0xc65a, 0xc65a, 0xc65a, 0xc65a, 0xc65a, 0xc65a, 0xc639, 0xc65a, 0xc65a, 0xc65a, 0xc65a, 0xc659, 0xc659, 0xc659, 0xc639, 0xc63a, 0xc65a, 0xc65a, 0xc65a, 0xc63a, 0xc639, 0x94b3, 0x0843, 0x0002, 0x0002, 0x738f, 0xbe19, 0xbdf8, 0xbdf8, 0xb5d8, 0xb5b7, 0xad96, 0x39c7, 0x0000, 0x0000, 0x0000, 0x0000, 0x0000, 0x10a3, 0x5b0c, 0x8c92, 0x8492, 0x8c72, 0x8c92, 0x9cf3, 0x9d13, 0xa534, 0xbdf7, 0xd6ba, 0xdedb, 0xd6ba, 0xd69a, 0xdebb, 0xdedb, 0xdefb, 0xe6fb, 0xe71b, 0xdefb, 0xdeba, 0xad55, 0x9cf3, 0xa514, 0xa513, 0xce79, 0xffdf, 0xffff, 0xffff, 0xffff, 0xffff, 0xffff, 0xffff, 0xffff, 0xffff, 0xffff, 0xffff, 0xffff, 0xffff, 0xffff, 0xffff, 0xffff, 0xffff, 0xffff, 0xffff, 0xffff, 0xffff, 0xffff, 0xffff, 0xffff, 0xffff, 0xffff, 0xffff, 0xffff, 0xffff, 0xffff, 0xffff, 0xffff, 0xffff, 0xffff, 0xffff, 0xffff, 
  0xffff, 0xffff, 0xffff, 0xffff, 0xffff, 0xffff, 0xffff, 0xffff, 0xffff, 0xffff, 0xffff, 0xffff, 0xffff, 0xffff, 0xffff, 0xffff, 0xffff, 0xffff, 0xffff, 0xffff, 0xffff, 0xffff, 0xffff, 0xffff, 0xffff, 0xffff, 0xffff, 0xffff, 0xffff, 0xffff, 0xffff, 0xffff, 0xffff, 0xf7de, 0xbdf7, 0xa534, 0xbdd7, 0xbdf7, 0xbdf7, 0xb5b6, 0xbdd6, 0xb5b6, 0xb596, 0xb595, 0xad75, 0xad55, 0xad75, 0xa514, 0x9492, 0x9492, 0x8430, 0x52ab, 0x4a8a, 0x52cb, 0x632d, 0x6b8f, 0x7bf0, 0x5aec, 0x10c3, 0x0842, 0x1082, 0x10a3, 0x18c3, 0x18e4, 0x39c8, 0xb5b7, 0xbe19, 0xbe19, 0xbe39, 0xbe3a, 0xc63a, 0x94d3, 0x2125, 0x1905, 0x31e9, 0x9d35, 0xc659, 0xc65a, 0xc65a, 0xc65a, 0xc65a, 0xc65a, 0xc65a, 0xc65a, 0xc65a, 0xc65a, 0xc65a, 0xc65a, 0xc65a, 0xc65a, 0xc65a, 0xc65a, 0xc65a, 0xc65a, 0xc67a, 0xc65a, 0xc65a, 0xc67a, 0xc67a, 0xc65a, 0xc65a, 0xc65a, 0xc65a, 0xc65a, 0xc65a, 0xc65a, 0xc65a, 0xc65a, 0xc65a, 0xc65a, 0xc65a, 0xc65a, 0xc65a, 0xc65a, 0x5aec, 0x0000, 0x0000, 0x0000, 0x0000, 0x0000, 0x0000, 0x0001, 0x73d0, 0xc65a, 0xc65a, 0xc65a, 0xc65a, 0xc65a, 0xc65a, 0xc65a, 0xc65a, 0xc65a, 0xc65a, 0xc65a, 0xc65a, 0xc65a, 0xc65a, 0xc65a, 0xc65a, 0xc65a, 0xc65a, 0xc65a, 0xc65a, 0xc65a, 0xc65a, 0xc65a, 0xc65a, 0xc65a, 0xc65a, 0xc65a, 0xc65a, 0xc65a, 0xc65a, 0xc65a, 0xc639, 0xc639, 0xc63a, 0xc65a, 0xc65a, 0xc65a, 0xc639, 0xc639, 0xa515, 0x4a6b, 0x2126, 0xad97, 0xbe19, 0xbe19, 0xbe19, 0xbdf8, 0xbdf8, 0x8431, 0x0841, 0x0000, 0x0000, 0x0000, 0x0000, 0x0000, 0x0000, 0x0000, 0x31a7, 0x8492, 0x8c72, 0x8c72, 0x8c72, 0x94b3, 0x9cd3, 0x9cd3, 0xb596, 0xce79, 0xd69a, 0xd67a, 0xd69a, 0xdeba, 0xdedb, 0xdefb, 0xe6fb, 0xdefb, 0xe6fb, 0xdedb, 0xbdb6, 0x9cd2, 0xa513, 0xa513, 0xbdf7, 0xf7de, 0xffff, 0xffff, 0xffff, 0xffff, 0xffff, 0xffff, 0xffff, 0xffff, 0xffff, 0xffff, 0xffff, 0xffff, 0xffff, 0xffff, 0xffff, 0xffff, 0xffff, 0xffff, 0xffff, 0xffff, 0xffff, 0xffff, 0xffff, 0xffff, 0xffff, 0xffff, 0xffff, 0xffff, 0xffff, 0xffff, 0xffff, 0xffff, 0xffff, 0xffff, 
  0xffff, 0xffff, 0xffff, 0xffff, 0xffff, 0xffff, 0xffff, 0xffff, 0xffff, 0xffff, 0xffff, 0xffff, 0xffff, 0xffff, 0xffff, 0xffff, 0xffff, 0xffff, 0xffff, 0xffff, 0xffff, 0xffff, 0xffff, 0xffff, 0xffff, 0xffff, 0xffff, 0xffff, 0xffff, 0xffff, 0xffff, 0xffff, 0xf7be, 0xb596, 0xad75, 0xc617, 0xbdf7, 0xc617, 0xbdf7, 0xbdf7, 0xbdd6, 0xb5b6, 0xb596, 0xad55, 0xad55, 0xad75, 0x9cf3, 0x9492, 0x9492, 0x6b8e, 0x4a6a, 0x52ac, 0x5b0d, 0x6b6e, 0x73d0, 0x8452, 0x4229, 0x0041, 0x0062, 0x1082, 0x10a2, 0x10a3, 0x10a3, 0x18c3, 0x18e4, 0x6b8f, 0xc63a, 0xbe3a, 0xc63a, 0xc63a, 0xc639, 0xbe19, 0x634e, 0x9494, 0xc639, 0xc65a, 0xc65a, 0xc65a, 0xc65a, 0xc65a, 0xc65a, 0xc65a, 0xc65a, 0xc65a, 0xc65a, 0xc65a, 0xc65a, 0xc65a, 0xc65a, 0xc65a, 0xc65a, 0xc65a, 0xc67a, 0xc67a, 0xc67a, 0xc67a, 0xc67a, 0xc67a, 0xc67a, 0xc67a, 0xc65a, 0xc67a, 0xc67a, 0xc65a, 0xc65a, 0xc65a, 0xc65a, 0xc65a, 0xc65a, 0xc65a, 0xc65a, 0xc65a, 0xc65a, 0xc65a, 0x5aec, 0x0001, 0x0000, 0x0000, 0x0000, 0x0000, 0x0000, 0x0001, 0x73d0, 0xc65a, 0xc65a, 0xc65a, 0xc65a, 0xc65a, 0xc65a, 0xc65a, 0xc65a, 0xc65a, 0xc65a, 0xc65a, 0xc65a, 0xc65a, 0xc65a, 0xc65a, 0xc65a, 0xc65a, 0xc65a, 0xc65a, 0xc65a, 0xc65a, 0xc65a, 0xc65a, 0xc65a, 0xc65a, 0xc65a, 0xc65a, 0xc63a, 0xc65a, 0xc65a, 0xc63a, 0xc639, 0xc65a, 0xc65a, 0xc65a, 0xc65a, 0xc65a, 0xc659, 0xc639, 0xc639, 0xc65a, 0xbe19, 0xbe39, 0xbe39, 0xbe19, 0xbe19, 0xbe19, 0xb5d7, 0x3186, 0x0000, 0x0000, 0x0000, 0x0000, 0x0000, 0x0000, 0x0000, 0x0000, 0x52cb, 0x8cb3, 0x8cb2, 0x8c92, 0x8c92, 0x8c92, 0x8c92, 0x9cf3, 0x9cd3, 0xa514, 0xc5f8, 0xce79, 0xd69a, 0xd6ba, 0xd6ba, 0xd6ba, 0xdeda, 0xdefb, 0xdefb, 0xdedb, 0xdedb, 0xbdd6, 0x9cd3, 0xa4f3, 0xa513, 0xb595, 0xf79e, 0xffff, 0xffff, 0xffff, 0xffff, 0xffff, 0xffff, 0xffff, 0xffff, 0xffff, 0xffff, 0xffff, 0xffff, 0xffff, 0xffff, 0xffff, 0xffff, 0xffff, 0xffff, 0xffff, 0xffff, 0xffff, 0xffff, 0xffff, 0xffff, 0xffff, 0xffff, 0xffff, 0xffff, 0xffff, 0xffff, 0xffff, 0xffff, 0xffff, 
  0xffff, 0xffff, 0xffff, 0xffff, 0xffff, 0xffff, 0xffff, 0xffff, 0xffff, 0xffff, 0xffff, 0xffff, 0xffff, 0xffff, 0xffff, 0xffff, 0xffff, 0xffff, 0xffff, 0xffff, 0xffff, 0xffff, 0xffff, 0xffff, 0xffff, 0xffff, 0xffff, 0xffff, 0xffff, 0xffff, 0xffff, 0xef7d, 0xad75, 0xb595, 0xc638, 0xc617, 0xbe17, 0xc617, 0xc617, 0xbdf7, 0xbdd6, 0xb5b6, 0xb595, 0xad75, 0xa534, 0x94b2, 0x8c91, 0x8451, 0x5acc, 0x4a6a, 0x5aec, 0x634e, 0x73b0, 0x7c11, 0x94b3, 0x9d15, 0x8472, 0x08a3, 0x0882, 0x0882, 0x1083, 0x10a3, 0x10a3, 0x18c3, 0x18c4, 0x2946, 0xa556, 0xbe39, 0xc63a, 0xc63a, 0xc63a, 0xc65a, 0xc65a, 0xc65a, 0xc65a, 0xc65a, 0xc65a, 0xc65a, 0xc65a, 0xc65a, 0xc65a, 0xc65a, 0xc65a, 0xc65a, 0xc65a, 0xc65a, 0xc65a, 0xc65a, 0xc65a, 0xc65a, 0xc65a, 0xc65a, 0xc67a, 0xc67a, 0xc67a, 0xc67a, 0xc67a, 0xc67a, 0xc67a, 0xc67a, 0xc65a, 0xc67a, 0xc67a, 0xc67a, 0xc65a, 0xc65a, 0xc65a, 0xc65a, 0xc65a, 0xc65a, 0xc65a, 0xc65a, 0xc65a, 0xc65a, 0x5b0d, 0x0001, 0x0001, 0x0000, 0x0000, 0x0000, 0x0000, 0x0001, 0x73b0, 0xc67a, 0xc65a, 0xc65a, 0xc65a, 0xc65a, 0xc65a, 0xc65a, 0xc65a, 0xc65a, 0xc65a, 0xc65a, 0xc65a, 0xc65a, 0xc65a, 0xc65a, 0xc65a, 0xc65a, 0xc65a, 0xc65a, 0xc65a, 0xc65a, 0xc65a, 0xc65a, 0xc65a, 0xc65a, 0xc65a, 0xc65a, 0xc65a, 0xc65a, 0xc65a, 0xc63a, 0xc65a, 0xc65a, 0xc65a, 0xc65a, 0xc65a, 0xc65a, 0xc639, 0xc65a, 0xc63a, 0xc63a, 0xc63a, 0xc639, 0xc639, 0xbe39, 0xbe39, 0xbe39, 0x7bcf, 0x0020, 0x0000, 0x0000, 0x0000, 0x0000, 0x0000, 0x0000, 0x0000, 0x2104, 0x94b3, 0x94d4, 0x8cb3, 0x8cb3, 0x8cb2, 0x8c92, 0x8c92, 0x8c92, 0x94b3, 0x94d3, 0x9cd3, 0xb596, 0xce59, 0xd69a, 0xd67a, 0xd69a, 0xd6ba, 0xd69a, 0xdedb, 0xdedb, 0xdeba, 0xdeda, 0xc5f7, 0x9cf3, 0xa4f3, 0xa4f3, 0xad55, 0xef5d, 0xffff, 0xffff, 0xffff, 0xffff, 0xffff, 0xffff, 0xffff, 0xffff, 0xffff, 0xffff, 0xffff, 0xffff, 0xffff, 0xffff, 0xffff, 0xffff, 0xffff, 0xffff, 0xffff, 0xffff, 0xffff, 0xffff, 0xffff, 0xffff, 0xffff, 0xffff, 0xffff, 0xffff, 0xffff, 0xffff, 0xffff, 0xffff, 
  0xffff, 0xffff, 0xffff, 0xffff, 0xffff, 0xffff, 0xffff, 0xffff, 0xffff, 0xffff, 0xffff, 0xffff, 0xffff, 0xffff, 0xffff, 0xffff, 0xffff, 0xffff, 0xffff, 0xffff, 0xffff, 0xffff, 0xffff, 0xffff, 0xffff, 0xffff, 0xffff, 0xffff, 0xffff, 0xffff, 0xef5c, 0xad55, 0xbdd6, 0xc638, 0xc638, 0xc617, 0xc638, 0xc618, 0xc617, 0xbdf7, 0xb5b6, 0xb595, 0xb595, 0x9d13, 0x8c71, 0x8c91, 0x73ce, 0x4a6a, 0x52ac, 0x5b0d, 0x6b6f, 0x7bf1, 0x8452, 0x94f4, 0xa556, 0xad97, 0xb5b7, 0x52cc, 0x08a3, 0x0883, 0x1083, 0x1083, 0x1083, 0x1083, 0x18a3, 0x18c4, 0x52ac, 0xbe39, 0xc639, 0xc63a, 0xc63a, 0xc63a, 0xc659, 0xc65a, 0xc65a, 0xc65a, 0xc65a, 0xc65a, 0xc65a, 0xc65a, 0xc65a, 0xc65a, 0xc65a, 0xc65a, 0xc65a, 0xc65a, 0xc65a, 0xc65a, 0xc65a, 0xc65a, 0xc65a, 0xc65a, 0xc67a, 0xc67a, 0xc67a, 0xc67a, 0xc67a, 0xc67a, 0xc67a, 0xc67a, 0xc67a, 0xc65a, 0xc65a, 0xc67a, 0xc67a, 0xc65a, 0xc65a, 0xc65a, 0xc65a, 0xc65a, 0xc65a, 0xc65a, 0xc65a, 0xc65a, 0x630d, 0x0001, 0x0000, 0x0000, 0x0000, 0x0000, 0x0000, 0x0001, 0x73d0, 0xc67a, 0xc65a, 0xc65a, 0xc65a, 0xc65a, 0xc65a, 0xc65a, 0xc65a, 0xc65a, 0xc65a, 0xc65a, 0xc65a, 0xc65a, 0xc65a, 0xc65a, 0xc65a, 0xc65a, 0xc65a, 0xc65a, 0xc65a, 0xc65a, 0xc65a, 0xc65a, 0xc65a, 0xc65a, 0xc65a, 0xc65a, 0xc65a, 0xc65a, 0xc65a, 0xc65a, 0xc65a, 0xc65a, 0xc65a, 0xc65a, 0xc65a, 0xc65a, 0xc65a, 0xc639, 0xc63a, 0xc63a, 0xc639, 0xc639, 0xc639, 0xc639, 0xbe39, 0xb597, 0x2105, 0x0000, 0x0000, 0x0000, 0x0000, 0x0000, 0x0000, 0x0000, 0x0021, 0x73f0, 0xa555, 0x9d15, 0x94f4, 0x94d4, 0x8cb3, 0x8cb3, 0x8cb3, 0x8c93, 0x8c92, 0x8c92, 0x9cd3, 0x9cd3, 0xa535, 0xc618, 0xce79, 0xce79, 0xce79, 0xd6ba, 0xd679, 0xd69a, 0xd69a, 0xd6ba, 0xd6ba, 0xc5f7, 0x9cd3, 0x9cd3, 0xa513, 0xad34, 0xe71b, 0xffff, 0xffff, 0xffff, 0xffff, 0xffff, 0xffff, 0xffff, 0xffff, 0xffff, 0xffff, 0xffff, 0xffff, 0xffff, 0xffff, 0xffff, 0xffff, 0xffff, 0xffff, 0xffff, 0xffff, 0xffff, 0xffff, 0xffff, 0xffff, 0xffff, 0xffff, 0xffff, 0xffff, 0xffff, 0xffff, 0xffff, 
  0xffff, 0xffff, 0xffff, 0xffff, 0xffff, 0xffff, 0xffff, 0xffff, 0xffff, 0xffff, 0xffff, 0xffff, 0xffff, 0xffff, 0xffff, 0xffff, 0xffff, 0xffff, 0xffff, 0xffff, 0xffff, 0xffff, 0xffff, 0xffff, 0xffff, 0xffff, 0xffff, 0xffff, 0xffff, 0xe71c, 0xad55, 0xc617, 0xce58, 0xc638, 0xc617, 0xce58, 0xc658, 0xbdf7, 0xbdf7, 0xb5d6, 0xb595, 0xad95, 0x94b2, 0x8c71, 0x8c71, 0x634d, 0x4a6a, 0x52cc, 0x634e, 0x6b8f, 0x7c11, 0x94b3, 0x9d35, 0xad76, 0xb5b7, 0xb5d8, 0xb5f8, 0xa576, 0x2125, 0x1083, 0x1083, 0x0882, 0x0882, 0x1082, 0x1083, 0x10a3, 0x2105, 0x94b4, 0xc639, 0xc639, 0xc65a, 0xc65a, 0xc65a, 0xc65a, 0xc65a, 0xc65a, 0xc65a, 0xc65a, 0xc65a, 0xc65a, 0xc65a, 0xc65a, 0xc65a, 0xc65a, 0xc65a, 0xc65a, 0xc65a, 0xc65a, 0xc65a, 0xc65a, 0xc67a, 0xc67a, 0xc67a, 0xc67a, 0xce9a, 0xce9a, 0xce9a, 0xc67a, 0xc67a, 0xc67a, 0xc67a, 0xc65a, 0xc65a, 0xc65a, 0xc65a, 0xc67a, 0xc67a, 0xc67a, 0xc67a, 0xc67a, 0xc67a, 0xc67a, 0xc65a, 0xc65a, 0x632d, 0x0000, 0x0000, 0x0000, 0x0020, 0x0000, 0x0000, 0x0001, 0x6bb0, 0xc65a, 0xc65a, 0xc65a, 0xc65a, 0xc65a, 0xc65a, 0xc65a, 0xc65a, 0xc65a, 0xc65a, 0xc65a, 0xc65a, 0xc65a, 0xc65a, 0xc65a, 0xc65a, 0xc65a, 0xc65a, 0xc65a, 0xc65a, 0xc65a, 0xc65a, 0xc65a, 0xc65a, 0xc65a, 0xc65a, 0xc65a, 0xc65a, 0xc65a, 0xc65a, 0xc65a, 0xc65a, 0xc65a, 0xc65a, 0xc65a, 0xc65a, 0xc65a, 0xc65a, 0xc65a, 0xc639, 0xc639, 0xc639, 0xc639, 0xc639, 0xc639, 0xbe39, 0x632d, 0x0001, 0x0000, 0x0000, 0x0000, 0x0000, 0x0000, 0x0000, 0x0000, 0x39e8, 0xad97, 0xad97, 0xa556, 0xa535, 0x9d15, 0x94d4, 0x94b3, 0x4249, 0x7c10, 0x8cb2, 0x8c92, 0x8c92, 0x94d3, 0x9cd3, 0x9cf3, 0xbdf7, 0xce59, 0xce59, 0xd69a, 0xce79, 0xce79, 0xd69a, 0xd69a, 0xd679, 0xdeba, 0xc638, 0xa4f3, 0x9cd2, 0xa513, 0xa513, 0xdedb, 0xffff, 0xffff, 0xffff, 0xffff, 0xffff, 0xffff, 0xffff, 0xffff, 0xffff, 0xffff, 0xffff, 0xffff, 0xffff, 0xffff, 0xffff, 0xffff, 0xffff, 0xffff, 0xffff, 0xffff, 0xffff, 0xffff, 0xffff, 0xffff, 0xffff, 0xffff, 0xffff, 0xffff, 0xffff, 0xffff, 
  0xffff, 0xffff, 0xffff, 0xffff, 0xffff, 0xffff, 0xffff, 0xffff, 0xffff, 0xffff, 0xffff, 0xffff, 0xffff, 0xffff, 0xffff, 0xffff, 0xffff, 0xffff, 0xffff, 0xffff, 0xffff, 0xffff, 0xffff, 0xffff, 0xffff, 0xffff, 0xffff, 0xffff, 0xdefb, 0xad55, 0xc618, 0xce79, 0xc638, 0xce58, 0xce79, 0xce58, 0xc638, 0xc638, 0xbdd7, 0xb596, 0xad55, 0x8c92, 0x8c71, 0x8451, 0x52ab, 0x4a6a, 0x5aec, 0x634e, 0x73d0, 0x8432, 0x52cc, 0x94d4, 0xad97, 0xb5b8, 0xb5d8, 0xbdf9, 0xbe19, 0xbe18, 0x73cf, 0x0883, 0x1083, 0x0862, 0x0882, 0x1083, 0x0882, 0x1083, 0x10a3, 0x3a09, 0xbe19, 0xc639, 0xc65a, 0xc65a, 0xc65a, 0xc65a, 0xc65a, 0xc65a, 0xc65a, 0xc65a, 0xc65a, 0xc65a, 0xc65a, 0xc65a, 0xc67a, 0xc65a, 0xc65a, 0xc65a, 0xc67a, 0xc67a, 0xc67a, 0xc67a, 0xc67a, 0xce7a, 0xce9a, 0xce9a, 0xce9b, 0xce9b, 0xce9b, 0xce9b, 0xce9a, 0xc67a, 0xc67a, 0xc67a, 0xc67a, 0xc67a, 0xc67a, 0xc67a, 0xc67a, 0xc67a, 0xc67a, 0xc67a, 0xc67a, 0xc67a, 0xc65a, 0xc67a, 0x634d, 0x0000, 0x0000, 0x0000, 0x0020, 0x0000, 0x0000, 0x0001, 0x6bb0, 0xc67a, 0xc65a, 0xc65a, 0xc65a, 0xc65a, 0xc65a, 0xc65a, 0xc65a, 0xc65a, 0xc65a, 0xc65a, 0xc65a, 0xc65a, 0xc65a, 0xc67a, 0xc65a, 0xc65a, 0xc65a, 0xc65a, 0xc65a, 0xc65a, 0xc65a, 0xc65a, 0xc65a, 0xc65a, 0xc65a, 0xc65a, 0xc65a, 0xc65a, 0xc65a, 0xc65a, 0xc65a, 0xc65a, 0xc65a, 0xc65a, 0xc65a, 0xc65a, 0xc65a, 0xc65a, 0xc639, 0xc639, 0xc639, 0xc639, 0xc639, 0xbe39, 0xa556, 0x10a3, 0x0000, 0x0000, 0x0000, 0x0000, 0x0000, 0x0000, 0x0000, 0x0862, 0x94f4, 0xb5f8, 0xb5d8, 0xb5b7, 0xad76, 0xa556, 0x9d35, 0x5aec, 0x0020, 0x0861, 0x5b0c, 0x8cb2, 0x8cb2, 0x8cb2, 0x94b3, 0x9d14, 0x9cf3, 0xb596, 0xc638, 0xce59, 0xce59, 0xce59, 0xce79, 0xd679, 0xd679, 0xd679, 0xd69a, 0xce38, 0xa514, 0x9cd2, 0xa4f3, 0xa4f3, 0xd699, 0xffff, 0xffff, 0xffff, 0xffff, 0xffff, 0xffff, 0xffff, 0xffff, 0xffff, 0xffff, 0xffff, 0xffff, 0xffff, 0xffff, 0xffff, 0xffff, 0xffff, 0xffff, 0xffff, 0xffff, 0xffff, 0xffff, 0xffff, 0xffff, 0xffff, 0xffff, 0xffff, 0xffff, 0xffff, 
  0xffff, 0xffff, 0xffff, 0xffff, 0xffff, 0xffff, 0xffff, 0xffff, 0xffff, 0xffff, 0xffff, 0xffff, 0xffff, 0xffff, 0xffff, 0xffff, 0xffff, 0xffff, 0xffff, 0xffff, 0xffff, 0xffff, 0xffff, 0xffff, 0xffff, 0xffff, 0xffff, 0xdedb, 0xad55, 0xce58, 0xce79, 0xce59, 0xce58, 0xce79, 0xce58, 0xc638, 0xc638, 0xbdd6, 0xb5b6, 0xad55, 0x8c71, 0x8c71, 0x7c10, 0x4a6a, 0x4a8a, 0x5aed, 0x6b6f, 0x73f0, 0x7bf1, 0x2987, 0x18e5, 0x4a6b, 0xb5d8, 0xbdf9, 0xbe19, 0xbe19, 0xbe19, 0xbe19, 0xb5d8, 0x29c8, 0x08a3, 0x0862, 0x0862, 0x0862, 0x0082, 0x0883, 0x08a3, 0x10c4, 0x7bf1, 0xc65a, 0xc65a, 0xc65a, 0xc65a, 0xc65a, 0xc65a, 0xc65a, 0xc65a, 0xc65a, 0xc65a, 0xc65a, 0xc65a, 0xc65a, 0xc65a, 0xc65a, 0xc65a, 0xc65a, 0xc67a, 0xc65a, 0xc67a, 0xc67a, 0xce7a, 0xce7a, 0xce9a, 0xce9b, 0xce9b, 0xce9b, 0xce9b, 0xce9b, 0xce9a, 0xc67a, 0xc67a, 0xc67a, 0xc67a, 0xc67a, 0xc67a, 0xc67a, 0xc67a, 0xc67a, 0xc67a, 0xc67a, 0xc67a, 0xc67a, 0xc67a, 0xc65a, 0x6b4d, 0x0000, 0x0000, 0x0000, 0x0000, 0x0000, 0x0000, 0x0001, 0x6b8f, 0xc67a, 0xc65a, 0xc65a, 0xc65a, 0xc67a, 0xc65a, 0xc65a, 0xc67a, 0xc65a, 0xc65a, 0xc65a, 0xc65a, 0xc65a, 0xc65a, 0xc65a, 0xc65a, 0xc67a, 0xc67a, 0xc65a, 0xc65a, 0xc65a, 0xc65a, 0xc65a, 0xc65a, 0xc65a, 0xc65a, 0xc65a, 0xc65a, 0xc65a, 0xc65a, 0xc65a, 0xc65a, 0xc65a, 0xc65a, 0xc65a, 0xc65a, 0xc65a, 0xc65a, 0xc65a, 0xc639, 0xc639, 0xc639, 0xc639, 0xc639, 0xbe39, 0x4a6a, 0x0000, 0x0000, 0x0000, 0x0000, 0x0000, 0x0000, 0x0000, 0x0001, 0x52cc, 0xbe19, 0xbe19, 0xbdf8, 0xb5d8, 0xb5b8, 0xad97, 0x8c72, 0x0862, 0x0000, 0x0000, 0x0841, 0x7c31, 0x8c93, 0x8c93, 0x8cb2, 0x94b3, 0x9cf4, 0x9cf3, 0xad55, 0xbdf7, 0xc638, 0xc618, 0xce38, 0xce59, 0xd679, 0xce79, 0xce79, 0xd69a, 0xce59, 0xa514, 0x9cd2, 0xa4f3, 0xa4f3, 0xce59, 0xffff, 0xffff, 0xffff, 0xffff, 0xffff, 0xffff, 0xffff, 0xffff, 0xffff, 0xffff, 0xffff, 0xffff, 0xffff, 0xffff, 0xffff, 0xffff, 0xffff, 0xffff, 0xffff, 0xffff, 0xffff, 0xffff, 0xffff, 0xffff, 0xffff, 0xffff, 0xffff, 0xffff, 
  0xffff, 0xffff, 0xffff, 0xffff, 0xffff, 0xffff, 0xffff, 0xffff, 0xffff, 0xffff, 0xffff, 0xffff, 0xffff, 0xffff, 0xffff, 0xffff, 0xffff, 0xffff, 0xffff, 0xffff, 0xffff, 0xffff, 0xffff, 0xffff, 0xffff, 0xffff, 0xdedb, 0xad55, 0xce58, 0xd6ba, 0xce79, 0xce79, 0xd699, 0xce58, 0xce58, 0xce58, 0xbdf7, 0xbdf7, 0xa554, 0x8c71, 0x8c91, 0x738e, 0x4a4a, 0x4a8b, 0x5b0d, 0x6b90, 0x7c31, 0x94b4, 0x31e9, 0x1905, 0x1905, 0x2126, 0x73d1, 0xbe19, 0xbe19, 0xbe19, 0xbe19, 0xbe19, 0xbe19, 0x8cb2, 0x08a3, 0x0062, 0x0062, 0x0882, 0x0882, 0x0883, 0x0883, 0x08a4, 0x2967, 0xadb8, 0xc65a, 0xc65a, 0xc65a, 0xc65a, 0xc65a, 0xc67a, 0xc65a, 0xc65a, 0xc65a, 0xc65a, 0xc67a, 0xc65a, 0xc67a, 0xc65a, 0xc67a, 0xc67a, 0xc67a, 0xc67a, 0xc67a, 0xc67a, 0xc67a, 0xce7a, 0xce9b, 0xce9b, 0xce9b, 0xce9b, 0xce9b, 0xce9b, 0xce9b, 0xc67a, 0xc67a, 0xc67a, 0xc67a, 0xc67a, 0xc67a, 0xc67a, 0xc67a, 0xc67a, 0xc67a, 0xc67a, 0xc67a, 0xc67a, 0xc67a, 0xc67a, 0x6b4d, 0x0000, 0x0000, 0x0000, 0x0000, 0x0000, 0x0000, 0x0021, 0x6b8f, 0xc65a, 0xc65a, 0xc67a, 0xc67a, 0xc67a, 0xc67a, 0xc67a, 0xc67a, 0xc67a, 0xc65a, 0xc65a, 0xc65a, 0xc65a, 0xc65a, 0xc65a, 0xc65a, 0xc65a, 0xc65a, 0xc67a, 0xc67a, 0xc67a, 0xc65a, 0xc65a, 0xc65a, 0xc65a, 0xc65a, 0xc65a, 0xc65a, 0xc65a, 0xc65a, 0xc65a, 0xc65a, 0xc65a, 0xc65a, 0xc65a, 0xc65a, 0xc65a, 0xc65a, 0xc65a, 0xc65a, 0xc65a, 0xc639, 0xc639, 0xc639, 0x94d3, 0x0862, 0x0000, 0x0000, 0x0000, 0x0000, 0x0000, 0x0000, 0x0000, 0x18c4, 0xad77, 0xbe39, 0xbe19, 0xbe19, 0xbdf9, 0xb5f8, 0xb5b7, 0x2945, 0x0000, 0x0000, 0x0000, 0x52cc, 0x94d3, 0x8cb3, 0x8cb3, 0x8cb2, 0x8cb2, 0x94b3, 0x9cf3, 0x9d13, 0xa514, 0xbdd7, 0xc638, 0xbdf7, 0xc618, 0xce38, 0xce59, 0xce39, 0xce59, 0xce7a, 0xce59, 0xa514, 0x9cb2, 0xa4f3, 0xa4f3, 0xce58, 0xffdf, 0xffff, 0xffff, 0xffff, 0xffff, 0xffff, 0xffff, 0xffff, 0xffff, 0xffff, 0xffff, 0xffff, 0xffff, 0xffff, 0xffff, 0xffff, 0xffff, 0xffff, 0xffff, 0xffff, 0xffff, 0xffff, 0xffff, 0xffff, 0xffff, 0xffff, 0xffff, 
  0xffff, 0xffff, 0xffff, 0xffff, 0xffff, 0xffff, 0xffff, 0xffff, 0xffff, 0xffff, 0xffff, 0xffff, 0xffff, 0xffff, 0xffff, 0xffff, 0xffff, 0xffff, 0xffff, 0xffff, 0xffff, 0xffff, 0xffff, 0xffff, 0xffff, 0xdeda, 0xb575, 0xce59, 0xd6ba, 0xd699, 0xd699, 0xd699, 0xce79, 0xce79, 0xce58, 0xbdf7, 0xbdd7, 0xa533, 0x8c71, 0x8c91, 0x634d, 0x4a6a, 0x52ab, 0x630d, 0x73b0, 0x8452, 0x94d4, 0xa536, 0x94f4, 0x2967, 0x2146, 0x2126, 0x2967, 0x9d35, 0xbe19, 0xbe39, 0xbe39, 0xbe39, 0xbe39, 0xbe19, 0x4a8a, 0x0883, 0x0062, 0x0882, 0x0882, 0x0883, 0x0863, 0x0883, 0x10a4, 0x632e, 0xc65a, 0xc65a, 0xc65a, 0xc67a, 0xc67a, 0xc67a, 0xc65a, 0xc67a, 0xc67a, 0xc67a, 0xc67a, 0xc67a, 0xc67a, 0xc67a, 0xc67a, 0xc67a, 0xc67a, 0xc67a, 0xc67a, 0xc67a, 0xc67a, 0xce9b, 0xce9b, 0xce9b, 0xce9b, 0xce9b, 0xce9b, 0xce9b, 0xce9b, 0xce9a, 0xc67a, 0xc67a, 0xc67a, 0xc67a, 0xc67a, 0xc67a, 0xc67a, 0xc67a, 0xc67a, 0xc67a, 0xc67a, 0xc67a, 0xc65a, 0xc65a, 0x6b4e, 0x0001, 0x0001, 0x0001, 0x0000, 0x0000, 0x0000, 0x0021, 0x6b8f, 0xc67a, 0xc65a, 0xc65a, 0xc67a, 0xc65a, 0xc65a, 0xc67a, 0xc67a, 0xc67a, 0xc67a, 0xc67a, 0xc67a, 0xc67a, 0xc67a, 0xc65a, 0xc65a, 0xc65a, 0xc65a, 0xc65a, 0xc65a, 0xc65a, 0xc65a, 0xc67a, 0xc67a, 0xc67a, 0xc67a, 0xc65a, 0xc65a, 0xc65a, 0xc65a, 0xc65a, 0xc65a, 0xc65a, 0xc65a, 0xc65a, 0xc65a, 0xc65a, 0xc65a, 0xc65a, 0xc65a, 0xc65a, 0xc63a, 0xc639, 0xbe18, 0x39c7, 0x0000, 0x0000, 0x0000, 0x0000, 0x0000, 0x0000, 0x0000, 0x0001, 0x6b8f, 0xc639, 0xbe39, 0xbe19, 0xbe19, 0xbe19, 0xbe18, 0x5aec, 0x0020, 0x0000, 0x0000, 0x31a7, 0x9d35, 0x94f4, 0x94d4, 0x8cb3, 0x8cb3, 0x94b3, 0x94b3, 0x94b3, 0x9cd3, 0x9cf3, 0xa514, 0xb596, 0xc618, 0xbdf7, 0xbdf7, 0xc638, 0xc618, 0xc618, 0xc618, 0xc638, 0xc638, 0xa513, 0x9cb2, 0xa4f3, 0x9cf3, 0xc618, 0xffdf, 0xffff, 0xffff, 0xffff, 0xffff, 0xffff, 0xffff, 0xffff, 0xffff, 0xffff, 0xffff, 0xffff, 0xffff, 0xffff, 0xffff, 0xffff, 0xffff, 0xffff, 0xffff, 0xffff, 0xffff, 0xffff, 0xffff, 0xffff, 0xffff, 0xffff, 
  0xffff, 0xffff, 0xffff, 0xffff, 0xffff, 0xffff, 0xffff, 0xffff, 0xffff, 0xffff, 0xffff, 0xffff, 0xffff, 0xffff, 0xffff, 0xffff, 0xffff, 0xffff, 0xffff, 0xffff, 0xffff, 0xffff, 0xffff, 0xffff, 0xdeda, 0xb596, 0xd699, 0xd6da, 0xd6ba, 0xd6ba, 0xd6b9, 0xd699, 0xd699, 0xce58, 0xbe17, 0xbdd6, 0x9cd3, 0x8c51, 0x8c71, 0x5aec, 0x4a6a, 0x52cc, 0x632d, 0x73b0, 0x8472, 0x94f5, 0xa556, 0xad97, 0xb5d8, 0x8452, 0x2146, 0x2126, 0x1905, 0x39e9, 0xbdf8, 0xbe39, 0xc639, 0xc639, 0xc639, 0xc639, 0xa556, 0x18e4, 0x0882, 0x0882, 0x0862, 0x0862, 0x0862, 0x0863, 0x1083, 0x2105, 0xa556, 0xc65a, 0xc65a, 0xc65a, 0xc67a, 0xc67a, 0xc67a, 0xc67a, 0xc67a, 0xc67a, 0xc67a, 0xc67a, 0xc67a, 0xc67a, 0xc67a, 0xc67a, 0xc67a, 0xc67a, 0xc67a, 0xc67a, 0xc67a, 0xce9b, 0xce9b, 0xce9b, 0xcebb, 0xcebb, 0xcebb, 0xce9b, 0xce9b, 0xce9a, 0xc67a, 0xc67a, 0xc67a, 0xc67a, 0xc67a, 0xc67a, 0xc67a, 0xc67a, 0xc67a, 0xc67a, 0xc67a, 0xc65a, 0xce7a, 0xce7a, 0x6b6e, 0x0001, 0x0000, 0x0001, 0x0000, 0x0000, 0x0000, 0x0021, 0x6b8f, 0xce7a, 0xc67a, 0xc67a, 0xc67a, 0xc67a, 0xc67a, 0xc67a, 0xc67a, 0xc67a, 0xc65a, 0xc65a, 0xc65a, 0xc65a, 0xc67a, 0xc67a, 0xc67a, 0xc65a, 0xc67a, 0xc67a, 0xc67a, 0xc65a, 0xc67a, 0xc65a, 0xc67a, 0xc67a, 0xc67a, 0xc67a, 0xc67a, 0xc65a, 0xc65a, 0xc65a, 0xc65a, 0xc65a, 0xc65a, 0xc65a, 0xc65a, 0xc65a, 0xc65a, 0xc65a, 0xc65a, 0xc65a, 0xc63a, 0xc639, 0x8431, 0x0821, 0x0000, 0x0000, 0x0000, 0x0000, 0x0000, 0x0000, 0x0001, 0x2946, 0xb5d8, 0xc63a, 0xc639, 0xbe39, 0xbe39, 0xbe19, 0x9493, 0x0841, 0x0000, 0x0000, 0x10a4, 0x9d15, 0xa576, 0x9d55, 0x9d15, 0x94f4, 0x94b3, 0x8cb3, 0x94b3, 0x8cb3, 0x8cb2, 0x9cd3, 0x9cf3, 0x9d14, 0xad55, 0xbdf7, 0xbdf7, 0xbdd7, 0xc5f8, 0xbdf7, 0xbdf7, 0xc5f8, 0xc618, 0xc618, 0xa513, 0x9cb2, 0xa4f3, 0x9cf3, 0xc637, 0xffde, 0xffff, 0xffff, 0xffff, 0xffff, 0xffff, 0xffff, 0xffff, 0xffff, 0xffff, 0xffff, 0xffff, 0xffff, 0xffff, 0xffff, 0xffff, 0xffff, 0xffff, 0xffff, 0xffff, 0xffff, 0xffff, 0xffff, 0xffff, 0xffff, 
  0xffff, 0xffff, 0xffff, 0xffff, 0xffff, 0xffff, 0xffff, 0xffff, 0xffff, 0xffff, 0xffff, 0xffff, 0xffff, 0xffff, 0xffff, 0xffff, 0xffff, 0xffff, 0xffff, 0xffff, 0xffff, 0xffff, 0xffff, 0xdedb, 0xb596, 0xd69a, 0xdeda, 0xd6ba, 0xdeda, 0xd6da, 0xce79, 0xce99, 0xce58, 0xc617, 0xbdf7, 0x94d2, 0x8451, 0x8451, 0x52cb, 0x4a6a, 0x5acc, 0x634e, 0x73d0, 0x8c93, 0x9cf5, 0xad76, 0xb5b7, 0xb5d8, 0xbdf8, 0xbe19, 0x5b0d, 0x2146, 0x1905, 0x18e5, 0x5aed, 0xc63a, 0xc639, 0xc639, 0xc639, 0xc639, 0xc639, 0x634d, 0x08a3, 0x0882, 0x0882, 0x0862, 0x0862, 0x0862, 0x0883, 0x10a4, 0x4a6b, 0xc63a, 0xc65a, 0xc65a, 0xc67a, 0xc67a, 0xc67a, 0xc67a, 0xc67a, 0xc67a, 0xc67a, 0xc67a, 0xc67a, 0xc67a, 0xc67a, 0xce7a, 0xc67a, 0xc67a, 0xc67a, 0xc67a, 0xc67a, 0xce9b, 0xce9b, 0xcebb, 0xcebb, 0xcebb, 0xcebb, 0xce9b, 0xce9b, 0xc67a, 0xc67a, 0xc67a, 0xc67a, 0xc67a, 0xc67a, 0xce7a, 0xc67a, 0xc67a, 0xc67a, 0xc67a, 0xc67a, 0xc67a, 0xc67a, 0xce7a, 0x6b6e, 0x0001, 0x0000, 0x0000, 0x0000, 0x0000, 0x0001, 0x0021, 0x6b6f, 0xce7a, 0xc67a, 0xc67a, 0xc67a, 0xc67a, 0xc67a, 0xc67a, 0xc67a, 0xc67a, 0xc67a, 0xc67a, 0xc67a, 0xc67a, 0xc67a, 0xc67a, 0xc67a, 0xc65a, 0xc65a, 0xc67a, 0xc67a, 0xc67a, 0xc67a, 0xc67a, 0xc67a, 0xc67a, 0xc65a, 0xc65a, 0xc65a, 0xc65a, 0xc67a, 0xc65a, 0xc65a, 0xc65a, 0xc65a, 0xc65a, 0xc65a, 0xc65a, 0xc65a, 0xc65a, 0xc65a, 0xc65a, 0xc63a, 0xbdd8, 0x2925, 0x0000, 0x0000, 0x0000, 0x0000, 0x0000, 0x0000, 0x0000, 0x0021, 0x8452, 0xc639, 0xc63a, 0xc63a, 0xc639, 0xc619, 0xb5b8, 0x2125, 0x0000, 0x0000, 0x0021, 0x8452, 0xb5d8, 0xb5b7, 0xad77, 0xa556, 0x9d15, 0x94f4, 0x94b3, 0x94b3, 0x94b3, 0x8cb2, 0x8cb2, 0x94b3, 0x9cf4, 0x9cf3, 0xa554, 0xbdd7, 0xbdd7, 0xbdd7, 0xbdf7, 0xbdd7, 0xbdd7, 0xbdd7, 0xc618, 0xc618, 0xa4f3, 0x9cb2, 0xa4f2, 0x9cf2, 0xc638, 0xffde, 0xffff, 0xffff, 0xffff, 0xffff, 0xffff, 0xffff, 0xffff, 0xffff, 0xffff, 0xffff, 0xffff, 0xffff, 0xffff, 0xffff, 0xffff, 0xffff, 0xffff, 0xffff, 0xffff, 0xffff, 0xffff, 0xffff, 0xffff, 
  0xffff, 0xffff, 0xffff, 0xffff, 0xffff, 0xffff, 0xffff, 0xffff, 0xffff, 0xffff, 0xffff, 0xffff, 0xffff, 0xffff, 0xffff, 0xffff, 0xffff, 0xffff, 0xffff, 0xffff, 0xffff, 0xffff, 0xdefb, 0xb596, 0xd69a, 0xdefb, 0xdeda, 0xdefb, 0xdefa, 0xce99, 0xd699, 0xce79, 0xc638, 0xbe17, 0x94b2, 0x8450, 0x8451, 0x52ab, 0x4a8b, 0x5aec, 0x6b6e, 0x7bf1, 0x8c93, 0x9d15, 0xad76, 0xb5b8, 0xb5f8, 0xbe19, 0xbe19, 0xbe19, 0xb5d8, 0x31e8, 0x10e4, 0x10c4, 0x1905, 0x8c73, 0xc63a, 0xc639, 0xbe39, 0xc639, 0xc639, 0xb5d7, 0x2166, 0x08a3, 0x0082, 0x0882, 0x0882, 0x0882, 0x0863, 0x0883, 0x10c4, 0x8c93, 0xc65a, 0xc65a, 0xc67a, 0xc67a, 0xc67a, 0xc67a, 0xc67a, 0xc67a, 0xc67a, 0xc67a, 0xc67a, 0xc67a, 0xc67a, 0xce7a, 0xc67a, 0xce7a, 0xc67a, 0xc67a, 0xc67a, 0xce9b, 0xce9b, 0xce9b, 0xcebb, 0xcebb, 0xcebb, 0xcebb, 0xce9b, 0xc67a, 0xc67a, 0xc67a, 0xc67a, 0xc67a, 0xc67a, 0xce7a, 0xc67a, 0xc67a, 0xc67a, 0xc67a, 0xc67a, 0xc67a, 0xc67a, 0xc67a, 0x738f, 0x0001, 0x0000, 0x0001, 0x0001, 0x0021, 0x0021, 0x0042, 0x6b8f, 0xce7a, 0xc67a, 0xc67a, 0xc67a, 0xc67a, 0xc67a, 0xc67a, 0xc67a, 0xc67a, 0xc67a, 0xc67a, 0xc67a, 0xc67a, 0xc67a, 0xc67a, 0xc67a, 0xc65a, 0xc67a, 0xc67a, 0xc67a, 0xc67a, 0xc65a, 0xc65a, 0xc67a, 0xc67a, 0xc67a, 0xc67a, 0xc67a, 0xc65a, 0xc65a, 0xc65a, 0xc65a, 0xc65a, 0xc65a, 0xc65a, 0xc65a, 0xc65a, 0xc65a, 0xc65a, 0xc65a, 0xc65a, 0xc63a, 0x6b8e, 0x0000, 0x0000, 0x0000, 0x0000, 0x0000, 0x0000, 0x0000, 0x0000, 0x39e9, 0xbe19, 0xc639, 0xc63a, 0xc63a, 0xc63a, 0xbe39, 0xbe19, 0x6b4e, 0x0842, 0x0001, 0x5acc, 0xbe18, 0xbdf8, 0xb5f8, 0xb5d8, 0xad97, 0xa556, 0x9d35, 0x9cf4, 0x94d4, 0x94b3, 0x8c92, 0x8cb2, 0x8cb2, 0x94b2, 0x9cd3, 0x9cf3, 0xad55, 0xbdd7, 0xb5b6, 0xb596, 0xb596, 0xb596, 0xb596, 0xbdb7, 0xc5f8, 0xc5f7, 0x9cf3, 0x9cb2, 0x9cd2, 0x9cd2, 0xc638, 0xffdf, 0xffff, 0xffff, 0xffff, 0xffff, 0xffff, 0xffff, 0xffff, 0xffff, 0xffff, 0xffff, 0xffff, 0xffff, 0xffff, 0xffff, 0xffff, 0xffff, 0xffff, 0xffff, 0xffff, 0xffff, 0xffff, 0xffff, 
  0xffff, 0xffff, 0xffff, 0xffff, 0xffff, 0xffff, 0xffff, 0xffff, 0xffff, 0xffff, 0xffff, 0xffff, 0xffff, 0xffff, 0xffff, 0xffff, 0xffff, 0xffff, 0xffff, 0xffff, 0xffff, 0xe71b, 0xb596, 0xdeba, 0xdefb, 0xdeda, 0xdf1b, 0xe71b, 0xd6da, 0xd6b9, 0xce79, 0xc658, 0xc638, 0x94d2, 0x8c71, 0x8450, 0x52ab, 0x52ab, 0x5b0d, 0x6b6f, 0x8411, 0x9493, 0x9d15, 0xad76, 0xb5d8, 0xb5f8, 0xbe19, 0xbe19, 0xbe39, 0xbe39, 0xbe19, 0xa535, 0x1905, 0x10c5, 0x4a8c, 0xb5d8, 0xc639, 0xc639, 0xc65a, 0xc65a, 0xc65a, 0xc65a, 0x8431, 0x10a3, 0x0882, 0x0862, 0x0862, 0x0862, 0x0863, 0x0883, 0x08a3, 0x39c8, 0xbe19, 0xc65a, 0xc67a, 0xc67a, 0xc67a, 0xc67a, 0xc67a, 0xc67a, 0xc67a, 0xc67a, 0xc67a, 0xc67a, 0xc67a, 0xce7a, 0xc67a, 0xc67a, 0xc67a, 0xc67a, 0xce9a, 0xce9b, 0xcebb, 0xcebb, 0xcebb, 0xcebb, 0xcebb, 0xce9b, 0xce9b, 0xc67a, 0xc67a, 0xc67a, 0xc67a, 0xc67a, 0xc67a, 0xce7a, 0xce7a, 0xc67a, 0xc67a, 0xc67a, 0xc67a, 0xc67a, 0xce7a, 0xce7a, 0x738f, 0x0021, 0x0001, 0x0001, 0x0001, 0x0021, 0x0021, 0x0842, 0x6b6f, 0xc67a, 0xc67a, 0xc67a, 0xc67a, 0xc67a, 0xc67a, 0xc67a, 0xc67a, 0xc67a, 0xc67a, 0xc67a, 0xc67a, 0xc67a, 0xc67a, 0xc67a, 0xc67a, 0xc65a, 0xc67a, 0xc67a, 0xc67a, 0xc67a, 0xc67a, 0xc67a, 0xc67a, 0xc65a, 0xc67a, 0xc65a, 0xc65a, 0xc65a, 0xc65a, 0xc65a, 0xc65a, 0xc65a, 0xc65a, 0xc65a, 0xc65a, 0xc65a, 0xc65a, 0xc65a, 0xc65a, 0xc63a, 0xad96, 0x18c3, 0x0000, 0x0000, 0x0000, 0x0000, 0x0000, 0x0000, 0x0000, 0x0862, 0x9cf5, 0xc659, 0xc63a, 0xc639, 0xc63a, 0xc63a, 0xbe39, 0xbe39, 0xc639, 0x9cd4, 0x4a4b, 0xb5f8, 0xbe19, 0xbe19, 0xbe19, 0xb5f8, 0xb5d8, 0xad97, 0xad76, 0x9d35, 0x9cf4, 0x6b6e, 0x18e4, 0x7c10, 0x8cb2, 0x94b2, 0x94b3, 0x9cd3, 0x9cd3, 0xa514, 0xb596, 0xb576, 0xb596, 0xb596, 0xb596, 0xb576, 0xb5b6, 0xbdd7, 0xbdb6, 0x9cb2, 0x9cb2, 0x9cf2, 0x9cd2, 0xce79, 0xffff, 0xffff, 0xffff, 0xffff, 0xffff, 0xffff, 0xffff, 0xffff, 0xffff, 0xffff, 0xffff, 0xffff, 0xffff, 0xffff, 0xffff, 0xffff, 0xffff, 0xffff, 0xffff, 0xffff, 0xffff, 0xffff, 
  0xffff, 0xffff, 0xffff, 0xffff, 0xffff, 0xffff, 0xffff, 0xffff, 0xffff, 0xffff, 0xffff, 0xffff, 0xffff, 0xffff, 0xffff, 0xffff, 0xffff, 0xffff, 0xffff, 0xffff, 0xe73c, 0xb596, 0xd6ba, 0xe71b, 0xdefb, 0xdefb, 0xdf1b, 0xdefa, 0xd6da, 0xce78, 0xce58, 0xbe17, 0x94b2, 0x8c71, 0x7bf0, 0x52ab, 0x52ab, 0x5b0d, 0x6b8f, 0x8431, 0x5aec, 0x4209, 0xa576, 0xb5b8, 0xb5f8, 0xbe19, 0xbe39, 0xbe39, 0xbe39, 0xbe39, 0xbe39, 0xc639, 0x7bf1, 0x7bd1, 0xc63a, 0xbe3a, 0xc65a, 0xc65a, 0xc65a, 0xc65a, 0xc65a, 0xc65a, 0xbe19, 0x3a29, 0x0883, 0x0862, 0x0862, 0x0862, 0x0862, 0x0882, 0x0083, 0x08a3, 0x73d0, 0xc67a, 0xc67a, 0xc67a, 0xce7a, 0xce7a, 0xce7a, 0xce7a, 0xc67a, 0xc67a, 0xc67a, 0xc67a, 0xc67a, 0xc67a, 0xc67a, 0xc67a, 0xc67a, 0xc67a, 0xce9b, 0xce9b, 0xcebb, 0xcebb, 0xcebb, 0xcebb, 0xcebb, 0xce9b, 0xce9b, 0xc67a, 0xc67a, 0xc67a, 0xc67a, 0xce7a, 0xce7a, 0xce7a, 0xc67a, 0xce7a, 0xc67a, 0xc67a, 0xc67a, 0xc67a, 0xc67a, 0xce7a, 0x73af, 0x0021, 0x0021, 0x0021, 0x0021, 0x0021, 0x0021, 0x0842, 0x6b6f, 0xc67a, 0xc67a, 0xc67a, 0xc67a, 0xc67a, 0xc67a, 0xc67a, 0xce7a, 0xce7a, 0xce7a, 0xc67a, 0xc67a, 0xc67a, 0xc67a, 0xc67a, 0xc67a, 0xc67a, 0xc67a, 0xc67a, 0xc67a, 0xc67a, 0xc67a, 0xc67a, 0xc67a, 0xc65a, 0xc67a, 0xc67a, 0xc65a, 0xc65a, 0xc65a, 0xc65a, 0xc65a, 0xc65a, 0xc65a, 0xc65a, 0xc65a, 0xc65a, 0xc65a, 0xc65a, 0xc65a, 0xc639, 0x5acc, 0x0000, 0x0000, 0x0000, 0x0000, 0x0000, 0x0000, 0x0000, 0x0000, 0x528b, 0xc639, 0xc639, 0xc63a, 0xc639, 0xc63a, 0xc63a, 0xc639, 0xc639, 0xc639, 0xc639, 0xc63a, 0xbe39, 0xbe39, 0xbe39, 0xbe19, 0xbe19, 0xbdf9, 0xb5d8, 0xb5b7, 0xa576, 0x8451, 0x0862, 0x0000, 0x1082, 0x73cf, 0x8cb3, 0x8cb2, 0x94b2, 0x9cd3, 0x94b2, 0xa514, 0xad55, 0xad55, 0xad55, 0xad55, 0xad75, 0xad55, 0xad76, 0xbdb7, 0xb596, 0x9492, 0x9cb2, 0x9cd2, 0x9cd2, 0xd699, 0xffff, 0xffff, 0xffff, 0xffff, 0xffff, 0xffff, 0xffff, 0xffff, 0xffff, 0xffff, 0xffff, 0xffff, 0xffff, 0xffff, 0xffff, 0xffff, 0xffff, 0xffff, 0xffff, 0xffff, 0xffff, 
  0xffff, 0xffff, 0xffff, 0xffff, 0xffff, 0xffff, 0xffff, 0xffff, 0xffff, 0xffff, 0xffff, 0xffff, 0xffff, 0xffff, 0xffff, 0xffff, 0xffff, 0xffff, 0xffff, 0xef5d, 0xb5b6, 0xd69a, 0xe71b, 0xdf1b, 0xe71b, 0xe73c, 0xdf1b, 0xdefa, 0xd699, 0xce79, 0xbdf6, 0x94b2, 0x8c71, 0x73cf, 0x52ab, 0x52cc, 0x632d, 0x73af, 0x8452, 0x52ab, 0x0021, 0x0862, 0x52cc, 0xb5f8, 0xbe19, 0xbe39, 0xbe39, 0xbe39, 0xbe39, 0xbe39, 0xc639, 0xc639, 0xc65a, 0xc65a, 0xc659, 0xc65a, 0xc65a, 0xc65a, 0xc65a, 0xc65a, 0xc65a, 0xc65a, 0xc65a, 0x9cf4, 0x18e4, 0x1083, 0x0882, 0x0882, 0x0063, 0x0063, 0x0082, 0x08a3, 0x2166, 0xadb7, 0xc67a, 0xce7a, 0xce7a, 0xce7a, 0xce7a, 0xce7a, 0xc67a, 0xc67a, 0xc67a, 0xc67a, 0xc67a, 0xc67a, 0xce7a, 0xce7a, 0xce7a, 0xce7a, 0xce9b, 0xce9b, 0xcebb, 0xcebb, 0xcebb, 0xcebb, 0xcebb, 0xce9b, 0xce9b, 0xc67a, 0xc67a, 0xc67a, 0xc67a, 0xc67a, 0xc67a, 0xc67a, 0xc67a, 0xc67a, 0xc67a, 0xc67a, 0xc67a, 0xc67a, 0xc67a, 0xce7a, 0x73cf, 0x0041, 0x0042, 0x0042, 0x0021, 0x0042, 0x0042, 0x0842, 0x6b6f, 0xc67a, 0xc67a, 0xc67a, 0xc67a, 0xc67a, 0xc67a, 0xc67a, 0xc67a, 0xc67a, 0xce7a, 0xc67a, 0xc67a, 0xc67a, 0xc67a, 0xc67a, 0xc67a, 0xc67a, 0xc67a, 0xc67a, 0xc67a, 0xc67a, 0xc67a, 0xc67a, 0xc67a, 0xc67a, 0xc67a, 0xc67a, 0xc67a, 0xc65a, 0xc65a, 0xc65a, 0xc65a, 0xc65a, 0xc65a, 0xc65a, 0xc65a, 0xc65a, 0xc65a, 0xc65a, 0xc65a, 0xa515, 0x1062, 0x0000, 0x0000, 0x0000, 0x0000, 0x0000, 0x0000, 0x0000, 0x10a3, 0xad76, 0xc639, 0xc659, 0xc65a, 0xc63a, 0xc63a, 0xc63a, 0xc639, 0xc639, 0xc639, 0xc639, 0xbe39, 0xbe39, 0xbe39, 0xbe39, 0xbe19, 0xbe19, 0xbe19, 0xbdf9, 0xb5d8, 0xa535, 0x10a3, 0x0000, 0x0000, 0x0000, 0x4209, 0x8cb3, 0x8cb2, 0x8cb2, 0x94b2, 0x94d3, 0x94b2, 0x9cf3, 0xa534, 0xad34, 0xad55, 0xad55, 0xad55, 0xa535, 0xad55, 0xb596, 0xad75, 0x9491, 0x9cb2, 0x9cd2, 0x9cd2, 0xdedb, 0xffff, 0xffff, 0xffff, 0xffff, 0xffff, 0xffff, 0xffff, 0xffff, 0xffff, 0xffff, 0xffff, 0xffff, 0xffff, 0xffff, 0xffff, 0xffff, 0xffff, 0xffff, 0xffff, 0xffff, 
  0xffff, 0xffff, 0xffff, 0xffff, 0xffff, 0xffff, 0xffff, 0xffff, 0xffff, 0xffff, 0xffff, 0xffff, 0xffff, 0xffff, 0xffff, 0xffff, 0xffff, 0xffff, 0xf79d, 0xbdd6, 0xd699, 0xe73c, 0xe71b, 0xe73b, 0xef5c, 0xdf1b, 0xdefb, 0xd6ba, 0xd6ba, 0xbe17, 0x94b2, 0x8c71, 0x7bef, 0x52ab, 0x52cc, 0x632d, 0x73b0, 0x8432, 0x8431, 0x1082, 0x0882, 0x18e3, 0x2125, 0x73af, 0xbe19, 0xbe39, 0xbe39, 0xc63a, 0xc639, 0xc639, 0xc659, 0xc659, 0xc65a, 0xc65a, 0xc65a, 0xc65a, 0xc65a, 0xc65a, 0xc65a, 0xc65a, 0xc65a, 0xc65a, 0xc65a, 0xc659, 0x5aeb, 0x08a3, 0x0083, 0x0083, 0x0062, 0x0883, 0x0082, 0x0082, 0x08a3, 0x5b0d, 0xc65a, 0xc67a, 0xce7a, 0xce7a, 0xce7a, 0xce7a, 0xce7a, 0xce7a, 0xce7a, 0xce7a, 0xce7a, 0xce7a, 0xce7a, 0xce7a, 0xce7a, 0xce7a, 0xce9b, 0xce9b, 0xcebb, 0xcebb, 0xcebb, 0xcebb, 0xcebb, 0xce9b, 0xce9a, 0xc67a, 0xc67a, 0xc67a, 0xc67a, 0xc67a, 0xc67a, 0xc67a, 0xc67a, 0xc67a, 0xc67a, 0xc67a, 0xce7a, 0xce7a, 0xce7a, 0xce7a, 0x7bd0, 0x0863, 0x0022, 0x0042, 0x0042, 0x0042, 0x0042, 0x0843, 0x6b6f, 0xce7a, 0xce7a, 0xce7a, 0xce7a, 0xc67a, 0xc67a, 0xc67a, 0xc67a, 0xc67a, 0xc67a, 0xc67a, 0xc67a, 0xc67a, 0xc67a, 0xc67a, 0xc67a, 0xc67a, 0xc67a, 0xc67a, 0xc67a, 0xc67a, 0xc65a, 0xc67a, 0xc67a, 0xc67a, 0xc67a, 0xc67a, 0xc67a, 0xc67a, 0xc65a, 0xc65a, 0xc65a, 0xc65a, 0xc65a, 0xc65a, 0xc65a, 0xc65a, 0xc65a, 0xc65a, 0xc639, 0x4229, 0x0000, 0x0000, 0x0000, 0x0000, 0x0000, 0x0000, 0x0000, 0x0000, 0x636e, 0xc659, 0xc659, 0xc659, 0xc63a, 0xc639, 0xc63a, 0xc63a, 0xc639, 0xc639, 0xc639, 0xc63a, 0xc639, 0xc639, 0xc639, 0xc639, 0xbe39, 0xbe39, 0xbe19, 0xbe19, 0xb5d8, 0x2125, 0x0000, 0x0000, 0x0000, 0x2986, 0x94d4, 0x8cb3, 0x8cb3, 0x8cb3, 0x8cb2, 0x94b3, 0x94b3, 0x9492, 0x9cd3, 0xa534, 0xa514, 0xa534, 0xa534, 0xa534, 0xa514, 0xa534, 0xb576, 0xad55, 0x9471, 0x9cd2, 0x9cd2, 0xa4f3, 0xe73c, 0xffff, 0xffff, 0xffff, 0xffff, 0xffff, 0xffff, 0xffff, 0xffff, 0xffff, 0xffff, 0xffff, 0xffff, 0xffff, 0xffff, 0xffff, 0xffff, 0xffff, 0xffff, 0xffff, 
  0xffff, 0xffff, 0xffff, 0xffff, 0xffff, 0xffff, 0xffff, 0xffff, 0xffff, 0xffff, 0xffff, 0xffff, 0xffff, 0xffff, 0xffff, 0xffff, 0xffff, 0xf7be, 0xc5f7, 0xce58, 0xe73c, 0xe73c, 0xe73b, 0xef5c, 0xe71b, 0xdefb, 0xd6ba, 0xd699, 0xc657, 0x94b2, 0x8c51, 0x7bcf, 0x52ab, 0x5acc, 0x632e, 0x73b0, 0x8432, 0x94b4, 0xa536, 0x8431, 0x2104, 0x2124, 0x2104, 0x2125, 0x8432, 0xc639, 0xc639, 0xc63a, 0xc639, 0xc639, 0xc65a, 0xc65a, 0xc65a, 0xc65a, 0xc65a, 0xc65a, 0xc65a, 0xc65a, 0xc65a, 0xc65a, 0xc65a, 0xc65a, 0xc65a, 0xc65a, 0xad97, 0x2125, 0x0883, 0x0083, 0x0083, 0x0883, 0x0082, 0x0882, 0x0883, 0x18e5, 0x9d35, 0xce7a, 0xc67a, 0xc67a, 0xc67a, 0xce7a, 0xce7a, 0xce7a, 0xce7a, 0xce7a, 0xce7a, 0xce7a, 0xce7a, 0xce7a, 0xce7a, 0xce7a, 0xce9b, 0xcebb, 0xcebb, 0xcebb, 0xcebb, 0xcebb, 0xcebb, 0xce9b, 0xce9a, 0xc67a, 0xc67a, 0xc67a, 0xc67a, 0xc67a, 0xc67a, 0xc67a, 0xc67a, 0xc67a, 0xc67a, 0xc67a, 0xce7a, 0xce7a, 0xce7a, 0xce7a, 0xa556, 0x73d0, 0x73d1, 0x7bd1, 0x7bf1, 0x7bf1, 0x7bf1, 0x7c11, 0xa556, 0xc67a, 0xce7a, 0xce7a, 0xce7a, 0xc67a, 0xc67a, 0xc67a, 0xc67a, 0xc67a, 0xc67a, 0xce7a, 0xc67a, 0xc67a, 0xc67a, 0xc67a, 0xc67a, 0xc67a, 0xc67a, 0xc67a, 0xc67a, 0xc67a, 0xc67a, 0xc67a, 0xc67a, 0xc67a, 0xc67a, 0xc67a, 0xc67a, 0xc67a, 0xc67a, 0xc65a, 0xc65a, 0xc65a, 0xc65a, 0xc65a, 0xc65a, 0xc65a, 0xc65a, 0xc65a, 0x94b3, 0x0841, 0x0000, 0x0000, 0x0000, 0x0000, 0x0000, 0x0000, 0x0000, 0x2125, 0xb5d8, 0xc639, 0xc659, 0xc659, 0xc639, 0xc639, 0xc63a, 0xc63a, 0xc639, 0xc639, 0xc639, 0xc63a, 0xc639, 0xc639, 0xc639, 0xc639, 0xc639, 0xc639, 0xbe19, 0xbe19, 0x39c8, 0x0001, 0x0000, 0x0000, 0x2145, 0x9d15, 0x9d15, 0x94f4, 0x8cb3, 0x8cb3, 0x8cb3, 0x8cb3, 0x94b2, 0x94b2, 0x8c92, 0x94b2, 0x9cf3, 0x9cf3, 0x9cf3, 0xa514, 0xa514, 0x9cf4, 0xa534, 0xb576, 0xa4f3, 0x9471, 0x9cd2, 0x9cd2, 0xa514, 0xef7d, 0xffff, 0xffff, 0xffff, 0xffff, 0xffff, 0xffff, 0xffff, 0xffff, 0xffff, 0xffff, 0xffff, 0xffff, 0xffff, 0xffff, 0xffff, 0xffff, 0xffff, 0xffff, 
  0xffff, 0xffff, 0xffff, 0xffff, 0xffff, 0xffff, 0xffff, 0xffff, 0xffff, 0xffff, 0xffff, 0xffff, 0xffff, 0xffff, 0xffff, 0xffff, 0xffde, 0xc638, 0xc638, 0xe73c, 0xe73b, 0xe73b, 0xef5c, 0xe73b, 0xe73b, 0xdefb, 0xd6b9, 0xc658, 0x94d2, 0x8450, 0x7bef, 0x52ab, 0x5acc, 0x634e, 0x73d0, 0x8452, 0x94d4, 0xa536, 0xad97, 0xb5d8, 0x8431, 0x2145, 0x2124, 0x2124, 0x2925, 0x94b4, 0xc639, 0xc63a, 0xc65a, 0xc65a, 0xc65a, 0xc65a, 0xc65a, 0xc65a, 0xc65a, 0xc65a, 0xc65a, 0xc65a, 0xc67a, 0xc67a, 0xc67a, 0xc67a, 0xc67a, 0xc65a, 0xc65a, 0x73af, 0x10a3, 0x0882, 0x0862, 0x0062, 0x0862, 0x0862, 0x0883, 0x08a3, 0x424a, 0xc63a, 0xc67a, 0xc67a, 0xc67a, 0xc67a, 0xc67a, 0xc67a, 0xc67a, 0xce7a, 0xce7a, 0xc67a, 0xc67a, 0xc67a, 0xce7a, 0xce7a, 0xce9b, 0xcebb, 0xcebb, 0xcebb, 0xcebb, 0xcebb, 0xce9b, 0xce9b, 0xce7a, 0xce7a, 0xce7a, 0xc67a, 0xc67a, 0xc67a, 0xc67a, 0xc67a, 0xc67a, 0xc67a, 0xce9a, 0xc67a, 0xc67b, 0xc67a, 0xc67a, 0xc67a, 0xc67a, 0xc67a, 0xc67a, 0xc67a, 0xc67a, 0xc67a, 0xc67a, 0xc67a, 0xc67a, 0xce7a, 0xce7a, 0xce7a, 0xce7a, 0xc67b, 0xc67b, 0xc67a, 0xc67a, 0xc67a, 0xc67a, 0xc67a, 0xc67a, 0xc67a, 0xc67a, 0xc67a, 0xc67a, 0xc67a, 0xc67a, 0xc67a, 0xc67a, 0xc67a, 0xc67a, 0xc67a, 0xc67a, 0xc67a, 0xc67a, 0xc67a, 0xc67a, 0xc67a, 0xc67a, 0xc67a, 0xc65a, 0xc65a, 0xc65a, 0xc65a, 0xc65a, 0xc65a, 0xc65a, 0xbe19, 0x31a7, 0x0000, 0x0000, 0x0000, 0x0000, 0x0000, 0x0000, 0x0000, 0x0821, 0x7bf1, 0xc65a, 0xc65a, 0xc65a, 0xc65a, 0xc65a, 0xc65a, 0xc659, 0xc639, 0xc639, 0xc639, 0xc639, 0xc639, 0xc639, 0xc639, 0xc639, 0xc639, 0xc639, 0xc639, 0xbe19, 0x528a, 0x0000, 0x0000, 0x0000, 0x18e4, 0xa556, 0xad97, 0xa556, 0x9d35, 0x94f4, 0x94b3, 0x8cb3, 0x8cb3, 0x8cb3, 0x94b2, 0x94b2, 0x8c71, 0x8c71, 0x9cd3, 0x9cd3, 0x9cf3, 0x9cf3, 0x9cf3, 0xa514, 0xa534, 0xad55, 0x9cd3, 0x9471, 0x9cb2, 0x9cd2, 0xad55, 0xf7be, 0xffff, 0xffff, 0xffff, 0xffff, 0xffff, 0xffff, 0xffff, 0xffff, 0xffff, 0xffff, 0xffff, 0xffff, 0xffff, 0xffff, 0xffff, 0xffff, 0xffff, 
  0xffff, 0xffff, 0xffff, 0xffff, 0xffff, 0xffff, 0xffff, 0xffff, 0xffff, 0xffff, 0xffff, 0xffff, 0xffff, 0xffff, 0xffff, 0xffff, 0xd69a, 0xc5f7, 0xe71b, 0xe73b, 0xe71b, 0xef5c, 0xe71b, 0xe73b, 0xdefb, 0xd6b9, 0xce99, 0x9cf3, 0x8450, 0x7c10, 0x52cc, 0x5aec, 0x634d, 0x73d0, 0x8452, 0x94b4, 0x9d35, 0xad77, 0xb5d8, 0xbdf9, 0xbe19, 0x7bcf, 0x2124, 0x2124, 0x2124, 0x2146, 0x9d15, 0xc63a, 0xc65a, 0xc65a, 0xc65a, 0xc65a, 0xc65a, 0xc65a, 0xc65a, 0xc65a, 0xc65a, 0xc65a, 0xc67a, 0xc67a, 0xc67a, 0xc67a, 0xc67a, 0xc67a, 0xc65a, 0xbe18, 0x31c7, 0x1083, 0x0862, 0x0862, 0x0862, 0x0862, 0x0882, 0x08a3, 0x10c4, 0x8c73, 0xc67a, 0xce7a, 0xc67a, 0xc67a, 0xc67a, 0xc67a, 0xc67a, 0xce7a, 0xce7a, 0xc67a, 0xc67a, 0xc67a, 0xce7a, 0xce7a, 0xce9b, 0xcebb, 0xcebb, 0xcebb, 0xcebb, 0xcebb, 0xce9b, 0xce9b, 0xce9b, 0xce7a, 0xce7a, 0xc67b, 0xc67b, 0xc67a, 0xc67a, 0xc67a, 0xc67a, 0xc67a, 0xc67a, 0xc67a, 0xc67b, 0xc67a, 0xc67a, 0xc67a, 0xc67a, 0xc67a, 0xc67a, 0xc67b, 0xc67a, 0xc67a, 0xc67a, 0xce7b, 0xce7a, 0xc67a, 0xce7a, 0xce7a, 0xce7a, 0xc67b, 0xc67b, 0xc67a, 0xc67a, 0xc67a, 0xc67a, 0xc67a, 0xc67a, 0xc67a, 0xc67a, 0xc67a, 0xc67a, 0xc67a, 0xc67a, 0xc67a, 0xc67a, 0xc67a, 0xc67a, 0xc67a, 0xc67a, 0xc67a, 0xc67a, 0xc67a, 0xc67a, 0xc67a, 0xc67a, 0xc65a, 0xc65a, 0xc65a, 0xc65a, 0xc65a, 0xc65a, 0xc65a, 0xc65a, 0x9cf4, 0x0862, 0x0000, 0x0000, 0x0000, 0x0000, 0x0000, 0x0000, 0x0000, 0x31a8, 0xbe19, 0xc65a, 0xc65a, 0xc65a, 0xc65a, 0xc65a, 0xc65a, 0xc639, 0xc639, 0xc639, 0xc659, 0xc639, 0xc639, 0xc639, 0xc639, 0xc639, 0xc639, 0xc639, 0xc639, 0xbe19, 0x528b, 0x0001, 0x0001, 0x10a3, 0xa556, 0xb5f8, 0xb5d8, 0xad97, 0xa556, 0x9d15, 0x94f4, 0x94b3, 0x8c93, 0x8c93, 0x8c93, 0x9492, 0x9492, 0x8c71, 0x9492, 0x9cd3, 0x94b2, 0x9cd3, 0x9cd3, 0x9cb3, 0x9cd3, 0x9cf3, 0xa514, 0x9cb2, 0x9491, 0x9cb2, 0x9cb2, 0xbdd6, 0xf7de, 0xffff, 0xffff, 0xffff, 0xffff, 0xffff, 0xffff, 0xffff, 0xffff, 0xffff, 0xffff, 0xffff, 0xffff, 0xffff, 0xffff, 0xffff, 0xffff, 
  0xffff, 0xffff, 0xffff, 0xffff, 0xffff, 0xffff, 0xffff, 0xffff, 0xffff, 0xffff, 0xffff, 0xffff, 0xffff, 0xffff, 0xffff, 0xe71b, 0xbdd7, 0xe71b, 0xe75c, 0xdf1b, 0xe75c, 0xdf1b, 0xe71b, 0xe73b, 0xd6b9, 0xd699, 0xa554, 0x8c51, 0x8430, 0x5aec, 0x5aed, 0x6b4e, 0x73d0, 0x8452, 0x94b4, 0x9d15, 0xad77, 0xb5d8, 0xbdf9, 0xbe19, 0xbe39, 0xbe39, 0x6b6e, 0x2145, 0x2125, 0x2967, 0x9cf5, 0xc659, 0xc65a, 0xc65a, 0xc65a, 0xc65a, 0xc65a, 0xc65a, 0xc65a, 0xc65a, 0xc65a, 0xc67a, 0xc67a, 0xc67a, 0xc67a, 0xc67a, 0xc67a, 0xc67a, 0xc67a, 0xc67a, 0x8c92, 0x18c4, 0x1083, 0x0862, 0x0862, 0x0862, 0x0883, 0x08a3, 0x2988, 0x94d4, 0xce7a, 0xce7a, 0xce7a, 0xc67a, 0xc67b, 0xce7b, 0xce7b, 0xc67a, 0xc67a, 0xc67a, 0xc67b, 0xc67b, 0xce7b, 0xce9b, 0xce9b, 0xce9b, 0xcebb, 0xcebb, 0xcebb, 0xcebb, 0xcebb, 0xce9b, 0xce9a, 0xce7b, 0xc67b, 0xc67a, 0xc67b, 0xc67b, 0xc67a, 0xc67a, 0xc67a, 0xc67a, 0xc67a, 0xc67a, 0xc67a, 0xc67a, 0xc67a, 0xc67a, 0xc67a, 0xc67a, 0xc67a, 0xc67a, 0xc67a, 0xc67a, 0xc67a, 0xce7a, 0xce7b, 0xce7b, 0xce7b, 0xc67b, 0xc67a, 0xc67a, 0xc67b, 0xc67a, 0xce7a, 0xce7a, 0xc67a, 0xc67a, 0xc67a, 0xc67a, 0xc67a, 0xc67a, 0xc67a, 0xc67a, 0xc67a, 0xc67a, 0xc67a, 0xc67a, 0xc67a, 0xc67a, 0xc67a, 0xc67a, 0xc67a, 0xc67a, 0xc67a, 0xc67a, 0xc67a, 0xc67a, 0xc65a, 0xc67a, 0xc67a, 0xc65a, 0xc65a, 0xc65a, 0xc65a, 0xc65a, 0xad76, 0x4209, 0x0021, 0x0000, 0x0000, 0x0000, 0x0000, 0x0841, 0x94b3, 0xc65a, 0xc65a, 0xc65a, 0xc65a, 0xc65a, 0xc65a, 0xc65a, 0xc65a, 0xc65a, 0xc65a, 0xbe59, 0xc639, 0xc639, 0xc639, 0xc639, 0xc639, 0xc639, 0xc639, 0xc639, 0xbe39, 0xbe39, 0x632e, 0x0863, 0x9cf5, 0xbe19, 0xbdf9, 0xbdf8, 0xb5d8, 0xad97, 0xa556, 0x9d15, 0x94f4, 0x94d3, 0x8cb3, 0x8c93, 0x8cb3, 0x9492, 0x8c92, 0x8c91, 0x9491, 0x94b2, 0x94b2, 0x94b2, 0x94b2, 0x9492, 0x9cd3, 0xa514, 0xa514, 0x9492, 0x9491, 0x9cb2, 0x9cb2, 0xce58, 0xffff, 0xffff, 0xffff, 0xffff, 0xffff, 0xffff, 0xffff, 0xffff, 0xffff, 0xffff, 0xffff, 0xffff, 0xffff, 0xffff, 0xffff, 0xffff, 
  0xffff, 0xffff, 0xffff, 0xffff, 0xffff, 0xffff, 0xffff, 0xffff, 0xffff, 0xffff, 0xffff, 0xffff, 0xffff, 0xffff, 0xef9d, 0xbdd7, 0xdefb, 0xef5c, 0xe73b, 0xef7c, 0xe73b, 0xe73c, 0xe73c, 0xdeda, 0xd6ba, 0xad74, 0x8c71, 0x8430, 0x5aec, 0x5aec, 0x634e, 0x73d0, 0x8452, 0x94b4, 0x9d15, 0xad77, 0xb5d8, 0xbdf9, 0xbe19, 0xbe39, 0xbe39, 0xbe39, 0xc639, 0x632d, 0x3187, 0x9d35, 0xc63a, 0xc659, 0xc65a, 0xc65a, 0xc65a, 0xc65a, 0xc65a, 0xc65a, 0xc65a, 0xc65a, 0xc67a, 0xc67a, 0xc67a, 0xc67a, 0xc67a, 0xc67a, 0xc67a, 0xc67a, 0xc67a, 0xc67a, 0xc659, 0x4a6a, 0x1083, 0x1083, 0x1083, 0x1083, 0x18e5, 0x6b90, 0xc63a, 0xc67a, 0xc67a, 0xce7a, 0xce7a, 0xc67a, 0xc67a, 0xce7a, 0xce7a, 0xc67a, 0xc67a, 0xc67a, 0xc67b, 0xc67b, 0xce7b, 0xce9b, 0xce9b, 0xce9b, 0xcebb, 0xcebb, 0xcebb, 0xcebb, 0xcebb, 0xce9b, 0xce9a, 0xce9b, 0xce9b, 0xce9b, 0xce9b, 0xce9b, 0xce9b, 0xc67b, 0xc67b, 0xc67a, 0xc67a, 0xc67a, 0xc67a, 0xc67a, 0xc67a, 0xc67a, 0xc67a, 0xc67a, 0xc67a, 0xc67b, 0xc67a, 0xc67a, 0xc67a, 0xce7b, 0xce7b, 0xce7b, 0xce7b, 0xc67b, 0xc67b, 0xc67b, 0xc67b, 0xc67a, 0xce7a, 0xc67a, 0xc67a, 0xc67a, 0xc67a, 0xc67a, 0xc67a, 0xc67a, 0xc67a, 0xc67a, 0xc67a, 0xc67a, 0xc67a, 0xc67a, 0xc67a, 0xc67a, 0xc67a, 0xc67a, 0xc67a, 0xc67a, 0xc67a, 0xc67a, 0xc67a, 0xc67a, 0xc67a, 0xc67a, 0xc67a, 0xc65a, 0xc65a, 0xc65a, 0xc65a, 0xc65a, 0xc65a, 0xc65a, 0x94b3, 0x2946, 0x0000, 0x0000, 0x0000, 0x4a6a, 0xc659, 0xc65a, 0xc65a, 0xc65a, 0xc65a, 0xc65a, 0xc65a, 0xc65a, 0xc659, 0xc65a, 0xc65a, 0xc65a, 0xc659, 0xc639, 0xc639, 0xc639, 0xc639, 0xc639, 0xc639, 0xc639, 0xc639, 0xbe39, 0xc639, 0xad77, 0xc639, 0xbe39, 0xbe19, 0xbe19, 0xbdf8, 0xb5d8, 0xad97, 0xa556, 0x9d15, 0x9cf4, 0x8c92, 0x7c10, 0x8cb3, 0x8cb2, 0x8c92, 0x8c72, 0x8c71, 0x8c71, 0x9472, 0x9472, 0x9492, 0x9492, 0x9492, 0x9cd3, 0xa514, 0xa4f4, 0x9471, 0x9492, 0x9cb2, 0x9cd2, 0xdefb, 0xffff, 0xffff, 0xffff, 0xffff, 0xffff, 0xffff, 0xffff, 0xffff, 0xffff, 0xffff, 0xffff, 0xffff, 0xffff, 0xffff, 0xffff, 
  0xffff, 0xffff, 0xffff, 0xffff, 0xffff, 0xffff, 0xffff, 0xffff, 0xffff, 0xffff, 0xffff, 0xffff, 0xffff, 0xf7de, 0xc618, 0xd69a, 0xef5c, 0xe71b, 0xef7c, 0xef7c, 0xe75c, 0xe75c, 0xdefb, 0xdeda, 0xb5b6, 0x8c71, 0x8451, 0x5b0c, 0x5aec, 0x634e, 0x73d0, 0x8452, 0x8c52, 0x9d15, 0xad77, 0xb5b8, 0xbdf9, 0xbe19, 0xbe19, 0xbe39, 0xbe39, 0xc65a, 0xc639, 0xbe39, 0xadb8, 0xc65a, 0xc65a, 0xc65a, 0xc65a, 0xc65a, 0xc65a, 0xc65a, 0xc65a, 0xc65a, 0xc67a, 0xc67a, 0xc67a, 0xc67a, 0xc67a, 0xc67a, 0xc67a, 0xc67a, 0xc67a, 0xc67a, 0xc67a, 0xc67a, 0xc67a, 0xa556, 0x2104, 0x10a3, 0x1084, 0x4a6b, 0xad97, 0xc67b, 0xc67a, 0xc67a, 0xc67a, 0xc67a, 0xc67b, 0xce7b, 0xce7b, 0xc67a, 0xc67a, 0xc67a, 0xc67a, 0xce9a, 0xc67a, 0xc67a, 0xce7a, 0xce9b, 0xce9b, 0xce9b, 0xcebb, 0xcebb, 0xcebb, 0xcebb, 0xcebb, 0xce9b, 0xce9b, 0xc67a, 0xc67a, 0xc67b, 0xce9b, 0xc67b, 0xc67b, 0xc67b, 0xc67b, 0xc67a, 0xc67a, 0xc67a, 0xc67a, 0xc67a, 0xc67a, 0xc67a, 0xc67a, 0xc67a, 0xc67a, 0xc67a, 0xc67a, 0xc67a, 0xce7a, 0xce7b, 0xc67b, 0xc67b, 0xc67b, 0xc67a, 0xc67a, 0xc67a, 0xc67a, 0xc67a, 0xc67a, 0xc67a, 0xc67a, 0xc67a, 0xc67a, 0xc67a, 0xc67a, 0xc67a, 0xc67a, 0xc67a, 0xc67a, 0xc67a, 0xc67a, 0xc67a, 0xc67a, 0xc67a, 0xc67a, 0xc67a, 0xc67a, 0xc67a, 0xc67a, 0xc67a, 0xc67a, 0xc67a, 0xc67a, 0xc67a, 0xc67a, 0xc67a, 0xc65a, 0xc65a, 0xc65a, 0xc65a, 0xc65a, 0xc65a, 0xc65a, 0xc639, 0x7bf0, 0x18c4, 0x10a4, 0xa556, 0xc65a, 0xc65a, 0xc65a, 0xc65a, 0xc65a, 0xc65a, 0xc65a, 0xc65a, 0xc65a, 0xc65a, 0xc65a, 0xc65a, 0xc65a, 0xc65a, 0xc659, 0xc639, 0xc639, 0xc63a, 0xc63a, 0xc639, 0xc639, 0xc639, 0xc639, 0xbe39, 0xbe39, 0xbe39, 0xbe39, 0xbe19, 0xbe19, 0xbdf8, 0xb5d8, 0xb5b7, 0xa556, 0x94d3, 0x2945, 0x1082, 0x73cf, 0x8cb3, 0x8cb2, 0x8c92, 0x8c92, 0x8c71, 0x8c71, 0x8c71, 0x9471, 0x9472, 0x9492, 0x9cd3, 0x9cd3, 0xa4f4, 0x9cd3, 0x9471, 0x9cb2, 0x9cb2, 0xa513, 0xef7d, 0xffff, 0xffff, 0xffff, 0xffff, 0xffff, 0xffff, 0xffff, 0xffff, 0xffff, 0xffff, 0xffff, 0xffff, 0xffff, 0xffff, 
  0xffff, 0xffff, 0xffff, 0xffff, 0xffff, 0xffff, 0xffff, 0xffff, 0xffff, 0xffff, 0xffff, 0xffff, 0xffff, 0xd6ba, 0xce38, 0xef5c, 0xe73c, 0xef5c, 0xef5c, 0xe75c, 0xe73c, 0xdf1b, 0xdf1b, 0xc637, 0x8c91, 0x8451, 0x634d, 0x5aec, 0x634e, 0x73d0, 0x8452, 0x73af, 0x1083, 0x5aed, 0xb5b7, 0xbdf8, 0xbe19, 0xbe39, 0xc639, 0xbe39, 0xbe39, 0xc659, 0xc659, 0xc65a, 0xc65a, 0xc65a, 0xc65a, 0xc65a, 0xc65a, 0xc67a, 0xc65a, 0xc65a, 0xc65a, 0xc65a, 0xc65a, 0xc65a, 0xc67a, 0xc67a, 0xc67a, 0xc67a, 0xc67a, 0xc67a, 0xc67a, 0xc67a, 0xc67a, 0xc67a, 0xce7a, 0xc67a, 0x6b6e, 0x3188, 0x94f5, 0xc67a, 0xc67a, 0xc67a, 0xc67a, 0xc67b, 0xc67b, 0xc67b, 0xc67b, 0xce7a, 0xce7b, 0xc67a, 0xc67a, 0xc67a, 0xc67a, 0xc69a, 0xce7a, 0xc67a, 0xce7a, 0xce9b, 0xce9b, 0xce9b, 0xcebb, 0xcebb, 0xcebb, 0xcebb, 0xce9b, 0xce9b, 0xc67b, 0xc67a, 0xc67a, 0xc67b, 0xc67b, 0xc67b, 0xc67b, 0xc67b, 0xc67b, 0xc67a, 0xc67a, 0xc67a, 0xc67a, 0xc67a, 0xc67a, 0xc67a, 0xc67a, 0xc67b, 0xc67b, 0xc67b, 0xc67a, 0xce9a, 0xce9a, 0xce9b, 0xce9b, 0xc67b, 0xc67b, 0xc67a, 0xc67a, 0xc67a, 0xc67a, 0xc67a, 0xc67a, 0xc67a, 0xc67a, 0xc67a, 0xc67a, 0xc67a, 0xc67a, 0xc67a, 0xc67a, 0xc67a, 0xc67a, 0xc67a, 0xc67a, 0xc67a, 0xc67a, 0xc67a, 0xc67a, 0xc67a, 0xc67a, 0xc67a, 0xc67a, 0xc67a, 0xc67a, 0xc67a, 0xc67a, 0xc67a, 0xc67a, 0xc67a, 0xc65a, 0xc65a, 0xc65a, 0xc65a, 0xc65a, 0xc65a, 0xc65a, 0xc65a, 0xc65a, 0xb5d8, 0x94d4, 0xc65a, 0xc65a, 0xc65a, 0xc65a, 0xc65a, 0xc65a, 0xc65a, 0xc65a, 0xc65a, 0xc65a, 0xc65a, 0xc65a, 0xc65a, 0xc659, 0xc659, 0xc659, 0xc639, 0xc639, 0xc63a, 0xc63a, 0xc639, 0xc639, 0xc639, 0xc639, 0xbe39, 0xbe39, 0xbe39, 0xbe39, 0xbe19, 0xbe19, 0xbe19, 0xbdf8, 0xb5d8, 0x9d35, 0x2125, 0x0000, 0x0000, 0x10a3, 0x7410, 0x8cb2, 0x94b2, 0x8c92, 0x8c71, 0x8c30, 0x8c31, 0x8c51, 0x8c51, 0x9492, 0x9492, 0x9cb3, 0x9cd3, 0x9cf4, 0x9cd2, 0x9471, 0x9cb2, 0x9cb2, 0xb595, 0xf7de, 0xffff, 0xffff, 0xffff, 0xffff, 0xffff, 0xffff, 0xffff, 0xffff, 0xffff, 0xffff, 0xffff, 0xffff, 0xffff, 
  0xffff, 0xffff, 0xffff, 0xffff, 0xffff, 0xffff, 0xffff, 0xffff, 0xffff, 0xffff, 0xffff, 0xffff, 0xe73c, 0xc618, 0xe73c, 0xe73c, 0xe75c, 0xef7d, 0xe75c, 0xe73b, 0xdf1b, 0xdefa, 0xce78, 0x94b2, 0x8451, 0x6b8e, 0x5aec, 0x634e, 0x73d0, 0x8432, 0x7bf0, 0x18a3, 0x0021, 0x10a3, 0x634e, 0xbdf9, 0xbe39, 0xbe39, 0xc639, 0xc639, 0xc659, 0xc65a, 0xc65a, 0xc65a, 0xc65a, 0xc65a, 0xc65a, 0xc65a, 0xc65a, 0xc65a, 0xc65a, 0xc65a, 0xc65a, 0xc65a, 0xc67a, 0xc67a, 0xc67a, 0xc67a, 0xc67a, 0xc67a, 0xc67a, 0xc67a, 0xc67a, 0xc67a, 0xc67a, 0xc67a, 0xce7a, 0xc67a, 0xc65a, 0xc65a, 0xc67a, 0xc67a, 0xc67a, 0xc67a, 0xc67a, 0xc67a, 0xc67a, 0xc67a, 0xc67a, 0xce7b, 0xce7b, 0xce7b, 0xce7a, 0xce7a, 0xce7a, 0xce7a, 0xce7a, 0xc67a, 0xce7a, 0xce9b, 0xce9b, 0xce9b, 0xcebb, 0xcebb, 0xcebb, 0xcebb, 0xce9b, 0xce9b, 0xc67a, 0xce9a, 0xce9a, 0xce9b, 0xce9b, 0xc67b, 0xc67b, 0xc67a, 0xc67a, 0xce9a, 0xc67a, 0xc67a, 0xc67a, 0xc67a, 0xc67a, 0xc67a, 0xce9b, 0xce9b, 0xce9b, 0xce7b, 0xce7a, 0xce7a, 0xce7a, 0xc67a, 0xc67b, 0xc67b, 0xc67a, 0xc67a, 0xc67a, 0xc67a, 0xc67a, 0xc67a, 0xce7a, 0xce7a, 0xce7a, 0xc67a, 0xc67a, 0xc67a, 0xc67a, 0xc67a, 0xc67a, 0xc67a, 0xc67a, 0xc67a, 0xc67a, 0xc67a, 0xc67a, 0xc67a, 0xc67a, 0xc67a, 0xc67a, 0xc67a, 0xc67a, 0xc67a, 0xc67a, 0xc67a, 0xc67a, 0xc67a, 0xc67a, 0xc67a, 0xc65a, 0xc65a, 0xc65a, 0xc65a, 0xc65a, 0xc65a, 0xc65a, 0xc65a, 0xc65a, 0xc65a, 0xc65a, 0xc65a, 0xc65a, 0xc65a, 0xc65a, 0xc65a, 0xc65a, 0xc65a, 0xc65a, 0xc65a, 0xc65a, 0xc65a, 0xc65a, 0xc65a, 0xc65a, 0xc65a, 0xc65a, 0xc63a, 0xc63a, 0xc63a, 0xc639, 0xc639, 0xc639, 0xc639, 0xc639, 0xbe39, 0xbe39, 0xbe39, 0xbe39, 0xbe39, 0xbe39, 0xbe19, 0xbe19, 0xa555, 0x2104, 0x0000, 0x0000, 0x0000, 0x1082, 0x6baf, 0x8cb3, 0x94b3, 0x8cb2, 0x9492, 0x8c71, 0x8410, 0x8c51, 0x8c31, 0x8c71, 0x9492, 0x9492, 0x9492, 0x9cd3, 0xa514, 0x9492, 0x9491, 0x9cb2, 0x9cb2, 0xce79, 0xffff, 0xffff, 0xffff, 0xffff, 0xffff, 0xffff, 0xffff, 0xffff, 0xffff, 0xffff, 0xffff, 0xffff, 0xffff, 
  0xffff, 0xffff, 0xffff, 0xffff, 0xffff, 0xffff, 0xffff, 0xffff, 0xffff, 0xffff, 0xffff, 0xf7be, 0xc618, 0xe71b, 0xe75c, 0xe73c, 0xef7d, 0xef5c, 0xe73b, 0xe73b, 0xdefa, 0xd6b9, 0x9d13, 0x8c71, 0x73ae, 0x5aec, 0x632d, 0x73b0, 0x8432, 0x8c93, 0x5aec, 0x0841, 0x1082, 0x1904, 0x2125, 0x5b0d, 0xbe19, 0xbe39, 0xbe3a, 0xc65a, 0xc659, 0xc65a, 0xc65a, 0xc65a, 0xc65a, 0xc65a, 0xc65a, 0xc65a, 0xc65a, 0xc65a, 0xc65a, 0xc65a, 0xc67a, 0xc67a, 0xc67a, 0xc67a, 0xc67a, 0xc67a, 0xc67a, 0xc67a, 0xc67a, 0xc67a, 0xc67a, 0xc67a, 0xc67a, 0xc67a, 0xc67a, 0xc67a, 0xc67a, 0xc67a, 0xc67a, 0xc67a, 0xc67a, 0xc67a, 0xc67a, 0xc67a, 0xc67a, 0xc67a, 0xc67b, 0xce7b, 0xce7b, 0xce7b, 0xce7b, 0xce7a, 0xce7a, 0xce7a, 0xc69a, 0xc67a, 0xce9a, 0xce9b, 0xce9b, 0xce9b, 0xcebb, 0xcebb, 0xce9b, 0xce9b, 0xce9b, 0xce9b, 0xce9a, 0xce9a, 0xc67a, 0xce9b, 0xc67b, 0xc67b, 0xce9b, 0xce9a, 0xce9a, 0xce9a, 0xce9a, 0xc67a, 0xc67a, 0xc67a, 0xce7b, 0xc67b, 0xce7b, 0xce7b, 0xce7b, 0xce7b, 0xce7a, 0xce7a, 0xce7a, 0xce7a, 0xce9a, 0xce9a, 0xc67a, 0xc67a, 0xc67a, 0xc67a, 0xc67a, 0xce7a, 0xce7a, 0xce7a, 0xce7a, 0xce7a, 0xc67a, 0xc67a, 0xc67a, 0xc67a, 0xc67a, 0xc67a, 0xc67a, 0xc67a, 0xc67a, 0xc67a, 0xc67a, 0xc67a, 0xc67a, 0xc67a, 0xc67a, 0xc67a, 0xc67a, 0xc67a, 0xc67a, 0xc67a, 0xc67a, 0xc67a, 0xc67a, 0xc67a, 0xc67a, 0xc67a, 0xc67a, 0xc65a, 0xc65a, 0xc65a, 0xc65a, 0xc65a, 0xc65a, 0xc65a, 0xc65a, 0xc65a, 0xc65a, 0xc65a, 0xc65a, 0xc65a, 0xc65a, 0xc65a, 0xc65a, 0xc65a, 0xc65a, 0xc65a, 0xc65a, 0xc65a, 0xc65a, 0xc65a, 0xc65a, 0xc65a, 0xc63a, 0xc659, 0xc659, 0xc659, 0xc639, 0xc639, 0xc639, 0xc639, 0xc639, 0xbe39, 0xbe39, 0xbe39, 0xbe19, 0xbe19, 0x9d15, 0x18c3, 0x0000, 0x0000, 0x0000, 0x18c3, 0x8431, 0x94f4, 0x94b3, 0x8cb3, 0x8cb3, 0x94b2, 0x9492, 0x8c51, 0x8c50, 0x8c51, 0x8c51, 0x9492, 0x8c71, 0x9492, 0x94b2, 0x9cd3, 0xa514, 0x9491, 0x9cb2, 0x9cd2, 0x9cd2, 0xe73c, 0xffff, 0xffff, 0xffff, 0xffff, 0xffff, 0xffff, 0xffff, 0xffff, 0xffff, 0xffff, 0xffff, 0xffff, 
  0xffff, 0xffff, 0xffff, 0xffff, 0xffff, 0xffff, 0xffff, 0xffff, 0xffff, 0xffff, 0xffff, 0xd69a, 0xdeba, 0xef7c, 0xef5c, 0xef7d, 0xef7d, 0xe73c, 0xe73b, 0xdefa, 0xd6da, 0xad95, 0x8c71, 0x7bf0, 0x5aec, 0x632d, 0x73af, 0x8431, 0x8c93, 0x94f4, 0xa556, 0x6baf, 0x2124, 0x2124, 0x2125, 0x2145, 0x52ab, 0xb5f8, 0xc65a, 0xc65a, 0xc65a, 0xc65a, 0xc65a, 0xc65a, 0xc65a, 0xc65a, 0xc67a, 0xc67a, 0xc65a, 0xc67a, 0xc65a, 0xc65a, 0xc67a, 0xc67a, 0xc67a, 0xc67a, 0xc67a, 0xc67a, 0xc67a, 0xc67a, 0xc67a, 0xc67a, 0xc67a, 0xc67a, 0xc67a, 0xc67a, 0xc67a, 0xc67a, 0xc67a, 0xc67a, 0xc67a, 0xc67a, 0xc67a, 0xc67a, 0xc67a, 0xc67a, 0xc67a, 0xc67b, 0xc67a, 0xce7b, 0xce7b, 0xce7b, 0xce7b, 0xce7a, 0xce7a, 0xce7a, 0xc67a, 0xc67a, 0xce9a, 0xce9b, 0xce9b, 0xce9b, 0xce9b, 0xce9b, 0xce9b, 0xce9b, 0xce9b, 0xce9b, 0xce9a, 0xc67a, 0xce9a, 0xce9b, 0xce9b, 0xce9b, 0xce9b, 0xce9a, 0xce9a, 0xce9a, 0xce9a, 0xc67a, 0xc67a, 0xc67a, 0xce7b, 0xce7b, 0xce7b, 0xce7b, 0xce7b, 0xce7b, 0xce7a, 0xce7a, 0xce7a, 0xce7a, 0xc67a, 0xc67a, 0xc67a, 0xc67a, 0xc67a, 0xc67a, 0xc67a, 0xce7a, 0xce7a, 0xce7a, 0xce7a, 0xce7a, 0xc67a, 0xc67a, 0xc67a, 0xc67a, 0xc67a, 0xc67a, 0xc67a, 0xc67a, 0xc67a, 0xc67a, 0xc67a, 0xc67a, 0xc67a, 0xc67a, 0xc67a, 0xc67a, 0xc67a, 0xc67a, 0xc67a, 0xc67a, 0xce9b, 0xce9b, 0xce9b, 0xce9b, 0xce9b, 0xce9b, 0xce9b, 0xce9b, 0xce9b, 0xce9b, 0xce9b, 0xc65a, 0xc65a, 0xc65a, 0xc65a, 0xc65a, 0xc65a, 0xc65a, 0xc65a, 0xc65a, 0xc65a, 0xc65a, 0xc65a, 0xc65a, 0xc65a, 0xc65a, 0xc65a, 0xc65a, 0xc65a, 0xc65a, 0xc65a, 0xc63a, 0xc63a, 0xc65a, 0xc65a, 0xc659, 0xc639, 0xc639, 0xc639, 0xc639, 0xc639, 0xbe39, 0xbe39, 0xbe39, 0xbe19, 0x9cf4, 0x10a3, 0x0000, 0x0000, 0x0000, 0x2125, 0x9cf4, 0xa556, 0x9d15, 0x94f4, 0x8cb3, 0x8cb3, 0x8cb3, 0x8c93, 0x8c92, 0x8450, 0x8430, 0x8430, 0x8c50, 0x8c71, 0x8c71, 0x9492, 0x94b2, 0x9cf4, 0x9cd3, 0x9491, 0x9cd2, 0x9cd2, 0xad54, 0xf7be, 0xffff, 0xffff, 0xffff, 0xffff, 0xffff, 0xffff, 0xffff, 0xffff, 0xffff, 0xffff, 0xffff, 
  0xffff, 0xffff, 0xffff, 0xffff, 0xffff, 0xffff, 0xffff, 0xffff, 0xffff, 0xffff, 0xe75c, 0xce59, 0xef5c, 0xe75c, 0xef7d, 0xef9d, 0xe75c, 0xe75c, 0xdf1b, 0xdeda, 0xbdf6, 0x8c91, 0x8430, 0x5b0d, 0x630d, 0x6b8f, 0x7c31, 0x8c93, 0x94d4, 0xa536, 0xad77, 0xb5d8, 0x8c92, 0x2986, 0x2945, 0x2145, 0x2165, 0x4a6a, 0xb5d8, 0xc659, 0xc65a, 0xc65a, 0xc65a, 0xc65a, 0xc65a, 0xc65a, 0xc65a, 0xc67a, 0xc67a, 0xc67a, 0xc67a, 0xc67a, 0xc67a, 0xc67a, 0xc67a, 0xc67a, 0xc67a, 0xc67a, 0xc67a, 0xc67a, 0xc67a, 0xc67a, 0xc67a, 0xc67a, 0xc67a, 0xc67a, 0xc67a, 0xc67a, 0xc67a, 0xc67a, 0xc67a, 0xc67a, 0xc67a, 0xc67a, 0xc67a, 0xce9a, 0xce9a, 0xce9a, 0xce9a, 0xc69a, 0xc67a, 0xc67a, 0xce9a, 0xce9a, 0xce9a, 0xce9a, 0xce9a, 0xce9a, 0xce9b, 0xce9b, 0xce9b, 0xce9b, 0xce9b, 0xce9b, 0xce9b, 0xce9b, 0xce9b, 0xce9b, 0xce9a, 0xce9a, 0xc67a, 0xce9a, 0xce9a, 0xce9a, 0xce9a, 0xce9a, 0xce9a, 0xce9a, 0xc67a, 0xc67a, 0xc67a, 0xce9a, 0xce9b, 0xce9b, 0xce9b, 0xce9b, 0xc67b, 0xc67b, 0xce7a, 0xce7a, 0xce7a, 0xce7a, 0xce7a, 0xc67a, 0xc67a, 0xc67a, 0xc67a, 0xc67a, 0xc67a, 0xce7a, 0xce7a, 0xce7a, 0xce7a, 0xce7a, 0xc67a, 0xc67a, 0xc67a, 0xc67a, 0xc67a, 0xc67a, 0xc67a, 0xc67a, 0xc67a, 0xc67a, 0xc67a, 0xc67a, 0xc67a, 0xce9b, 0xce9b, 0xce9b, 0xce9b, 0xce9b, 0xce9b, 0xce9b, 0xce9b, 0xce9b, 0xce9b, 0xce9b, 0xce9b, 0xce9b, 0xce9b, 0xce9b, 0xce9b, 0xce9b, 0xce9b, 0xce9b, 0xce9b, 0xce9b, 0xce9b, 0xce9b, 0xce9b, 0xce9b, 0xc65a, 0xc65a, 0xc65a, 0xc65a, 0xc65a, 0xc65a, 0xc65a, 0xc65a, 0xc65a, 0xc65a, 0xc65a, 0xc65a, 0xc65a, 0xc65a, 0xc65a, 0xc65a, 0xc65a, 0xc65a, 0xc639, 0xc639, 0xc659, 0xc639, 0xc639, 0xc639, 0xc639, 0xbe39, 0xbe39, 0x73af, 0x0001, 0x0000, 0x0000, 0x3187, 0xad97, 0xb5d8, 0xad97, 0xa556, 0x9d15, 0x94d4, 0x94b3, 0x94b3, 0x94b3, 0x8c92, 0x8c92, 0x8430, 0x8430, 0x8c30, 0x8c50, 0x8c51, 0x8c71, 0x9492, 0x94b2, 0x9cf3, 0x94b2, 0x9491, 0x9cd2, 0x9cd2, 0xc638, 0xffff, 0xffff, 0xffff, 0xffff, 0xffff, 0xffff, 0xffff, 0xffff, 0xffff, 0xffff, 0xffff, 
  0xffff, 0xffff, 0xffff, 0xffff, 0xffff, 0xffff, 0xffff, 0xffff, 0xffff, 0xf7be, 0xce79, 0xef5c, 0xef7d, 0xef7d, 0xef9d, 0xef7c, 0xef5c, 0xe71b, 0xdefb, 0xce78, 0x94d2, 0x8450, 0x634d, 0x5b0d, 0x6b8f, 0x7c11, 0x8473, 0x94d4, 0x9d35, 0xad76, 0xb5d7, 0xb5f8, 0xbe39, 0x9d14, 0x31c7, 0x2145, 0x2145, 0x2966, 0x94d4, 0xc65a, 0xc65a, 0xc65a, 0xc65a, 0xc65a, 0xc65a, 0xc65a, 0xc67a, 0xc67a, 0xc67a, 0xc67a, 0xc67a, 0xc67a, 0xc67a, 0xc67a, 0xc67a, 0xc67a, 0xc67a, 0xc67a, 0xc67a, 0xc67a, 0xc67a, 0xc67a, 0xc67a, 0xc67a, 0xc67a, 0xc67a, 0xc67a, 0xc67a, 0xc67a, 0xc67a, 0xc67a, 0xc67a, 0xce9a, 0xce9a, 0xce9a, 0xce9a, 0xce9a, 0xce9a, 0xce9a, 0xce9a, 0xce9a, 0xce9a, 0xce9a, 0xce9a, 0xce9a, 0xc67a, 0xce9a, 0xce9a, 0xce9b, 0xce9b, 0xce9b, 0xce9b, 0xce9b, 0xce9b, 0xce9b, 0xce9b, 0xce9b, 0xce9b, 0xce9b, 0xce9a, 0xce9a, 0xce9a, 0xce9a, 0xce9a, 0xce9a, 0xce9a, 0xce9a, 0xce9a, 0xce9a, 0xce9a, 0xce9a, 0xce9a, 0xce9b, 0xce9b, 0xce9b, 0xce9b, 0xce9b, 0xce9b, 0xce7a, 0xce7a, 0xce7a, 0xc67a, 0xce9a, 0xce9a, 0xce9a, 0xc67a, 0xc67a, 0xc67a, 0xc67a, 0xc67a, 0xce7a, 0xce7a, 0xce7a, 0xce7a, 0xc67a, 0xc67a, 0xc67a, 0xc67a, 0xc67a, 0xc67a, 0xc67a, 0xc67a, 0xc67a, 0xce9b, 0xce9b, 0xce9b, 0xce9b, 0xce9b, 0xce9b, 0xce9b, 0xce9b, 0xce9b, 0xce9b, 0xce9b, 0xce9b, 0xce9b, 0xce9b, 0xce9b, 0xce9b, 0xce9b, 0xce9b, 0xce9b, 0xce9b, 0xce9b, 0xce9b, 0xce9b, 0xce9b, 0xce9b, 0xce9b, 0xce9b, 0xce9b, 0xce9b, 0xce9b, 0xce9b, 0xce9b, 0xce9b, 0xc65a, 0xc65a, 0xc65a, 0xc65a, 0xc65a, 0xc65a, 0xc65a, 0xc65a, 0xc65a, 0xc65a, 0xc65a, 0xc65a, 0xc65a, 0xc65a, 0xc65a, 0xc659, 0xc659, 0xc639, 0xc639, 0xc639, 0xc639, 0xbe39, 0xbe39, 0xc619, 0x630d, 0x0000, 0x39e9, 0xb5d8, 0xbe19, 0xb5f8, 0xb5d8, 0xad97, 0xa556, 0x9d15, 0x94f4, 0x94b3, 0x94b3, 0x94b3, 0x9492, 0x8c71, 0x8430, 0x8430, 0x8430, 0x8c51, 0x8c71, 0x8c51, 0x8c71, 0x94b2, 0xa4f4, 0x9471, 0x9cb2, 0x9cd2, 0x9cd2, 0xe73c, 0xffff, 0xffff, 0xffff, 0xffff, 0xffff, 0xffff, 0xffff, 0xffff, 0xffff, 0xffff, 
  0xffff, 0xffff, 0xffff, 0xffff, 0xffff, 0xffff, 0xffff, 0xffff, 0xffff, 0xdefb, 0xe71c, 0xef7d, 0xef7d, 0xef9d, 0xef7c, 0xef5c, 0xe75c, 0xe71b, 0xd6ba, 0x9d13, 0x8c91, 0x73ae, 0x5aed, 0x6b6f, 0x7bf1, 0x8c72, 0x94b4, 0x9d15, 0xa556, 0xb5b7, 0xbdf8, 0xbe19, 0xbe39, 0xc639, 0xad76, 0x39e8, 0x2146, 0x7c11, 0xc65a, 0xc65a, 0xc65a, 0xc65a, 0xc65a, 0xc65a, 0xc65a, 0xc65a, 0xc67a, 0xc67a, 0xc67a, 0xc67a, 0xc65a, 0xce7a, 0xc67a, 0xc67a, 0xc67a, 0xc67a, 0xc67a, 0xc67a, 0xc67a, 0xc67a, 0xc67a, 0xc67a, 0xc67a, 0xc67a, 0xc67a, 0xc67a, 0xce7a, 0xce7a, 0xc67a, 0xc67a, 0xc67a, 0xc67a, 0xce7a, 0xce7a, 0xce7a, 0xce7a, 0xce7a, 0xce7a, 0xce9a, 0xce9a, 0xce9a, 0xce9a, 0xce9a, 0xce9a, 0xce9a, 0xce9a, 0xce9a, 0xce9a, 0xce9b, 0xce9b, 0xce9b, 0xce9b, 0xce9b, 0xce9b, 0xce9b, 0xc67a, 0xce9a, 0xce9a, 0xce9a, 0xce9a, 0xce9a, 0xce9a, 0xce9a, 0xce9a, 0xce9a, 0xc67a, 0xc67a, 0xce9a, 0xce9a, 0xce9a, 0xce9b, 0xce9b, 0xce9b, 0xce9b, 0xce9b, 0xce9b, 0xce9a, 0xce9a, 0xce9a, 0xce7a, 0xce9a, 0xce9a, 0xce9a, 0xce9b, 0xce9b, 0xce9a, 0xce9a, 0xc67a, 0xce9a, 0xc67a, 0xc67a, 0xc67a, 0xc67a, 0xc67a, 0xc67a, 0xc67a, 0xce7a, 0xce7a, 0xce7a, 0xce7a, 0xc67a, 0xce9b, 0xce9b, 0xce9b, 0xce9b, 0xce9b, 0xce9b, 0xce9b, 0xce9b, 0xce9b, 0xce9b, 0xce9b, 0xce9b, 0xce9b, 0xce9b, 0xce9b, 0xce9b, 0xce9b, 0xce9b, 0xce9b, 0xce9b, 0xce9b, 0xce9b, 0xce9b, 0xce9b, 0xce9b, 0xce9b, 0xce9b, 0xce9b, 0xce9b, 0xce9b, 0xce9b, 0xce9b, 0xce9b, 0xce9b, 0xce9b, 0xce9b, 0xce9b, 0xc65a, 0xc65a, 0xc65a, 0xc65a, 0xc65a, 0xc65a, 0xc65a, 0xc65a, 0xc65a, 0xc65a, 0xc65a, 0xc65a, 0xc65a, 0xc65a, 0xc63a, 0xc639, 0xc639, 0xc639, 0xbe39, 0xc639, 0xc639, 0xc639, 0xbe19, 0x7c11, 0xbe19, 0xbe19, 0xbe19, 0xbe19, 0xb5f8, 0xb5b8, 0xad97, 0xa556, 0x9d15, 0x94d3, 0x8cd3, 0x8cb3, 0x8cb2, 0x8c92, 0x8c71, 0x8430, 0x8410, 0x8430, 0x8c51, 0x8c51, 0x8c51, 0x8c71, 0x9cd3, 0x9cd3, 0x9471, 0x9cd2, 0x9cd2, 0xad55, 0xf7be, 0xffff, 0xffff, 0xffff, 0xffff, 0xffff, 0xffff, 0xffff, 0xffff, 0xffff, 
  0xffff, 0xffff, 0xffff, 0xffff, 0xffff, 0xffff, 0xffff, 0xffff, 0xef9d, 0xe6fa, 0xef9d, 0xef7c, 0xef7d, 0xef9d, 0xe75c, 0xef5c, 0xe73b, 0xdefa, 0xad95, 0x8c91, 0x7c10, 0x5b0d, 0x636e, 0x7bf0, 0x8452, 0x8c93, 0x9cf5, 0xa556, 0xad97, 0xb5f8, 0xbe19, 0xbe39, 0xc639, 0xc639, 0xc639, 0xb5b7, 0x8432, 0xc63a, 0xc65a, 0xc65a, 0xc65a, 0xc65a, 0xc65a, 0xc65a, 0xc65a, 0xc67a, 0xc67a, 0xc67a, 0xc67a, 0xc67a, 0xc67a, 0xc67a, 0xc67a, 0xc67a, 0xc67a, 0xc67a, 0xc67a, 0xc67a, 0xc67a, 0xc67a, 0xc67a, 0xc67a, 0xc67a, 0xc67a, 0xc67a, 0xc67a, 0xce7a, 0xce7a, 0xc67a, 0xc67a, 0xc67a, 0xc67a, 0xce7a, 0xce7a, 0xce7a, 0xce7a, 0xce7a, 0xce7a, 0xce9a, 0xce9a, 0xce9a, 0xce9a, 0xce9a, 0xce9a, 0xc67a, 0xce9a, 0xce9a, 0xce9a, 0xce9b, 0xce9b, 0xce9b, 0xce9b, 0xce9b, 0xce9b, 0xce9a, 0xce9a, 0xce9a, 0xce9a, 0xce9a, 0xce9a, 0xce9a, 0xce9a, 0xc67a, 0xce9a, 0xc69a, 0xce9a, 0xce7a, 0xc67a, 0xc67a, 0xc67a, 0xc67b, 0xc67b, 0xce9b, 0xce9b, 0xce9b, 0xce9b, 0xc67a, 0xc67a, 0xce9a, 0xc67a, 0xc67a, 0xc67a, 0xc67a, 0xc67b, 0xc67b, 0xc67a, 0xc67a, 0xc67a, 0xc67a, 0xc67a, 0xc67a, 0xc67a, 0xc67a, 0xc67a, 0xc67a, 0xc67a, 0xce7a, 0xc67a, 0xce7a, 0xce9b, 0xce9b, 0xce9b, 0xce9b, 0xce9b, 0xce9b, 0xce9b, 0xce9b, 0xce9b, 0xce9b, 0xce9b, 0xce9b, 0xce9b, 0xce9b, 0xce9b, 0xce9b, 0xce9b, 0xce9b, 0xce9b, 0xce9b, 0xce9b, 0xce9b, 0xce9b, 0xce9b, 0xce9b, 0xce9b, 0xce9b, 0xce9b, 0xce9b, 0xce9b, 0xce9b, 0xce9b, 0xce9b, 0xce9b, 0xce9b, 0xce9b, 0xce9b, 0xce9b, 0xce9b, 0xce9b, 0xce9b, 0xc65a, 0xc65a, 0xc65a, 0xc65a, 0xc65a, 0xc65a, 0xc65a, 0xc65a, 0xc65a, 0xc65a, 0xc65a, 0xc65a, 0xc65a, 0xc639, 0xc639, 0xc639, 0xbe39, 0xbe39, 0xc639, 0xc639, 0xc639, 0xbe39, 0xbe39, 0xbe39, 0xbe39, 0xbe19, 0xbe19, 0xb5f8, 0xb5b8, 0xad76, 0xa535, 0x9cf4, 0x94f3, 0x8cd3, 0x8cb3, 0x8cb3, 0x8c92, 0x8c51, 0x8430, 0x8410, 0x8410, 0x8c51, 0x8c51, 0x8c71, 0x9492, 0x9cf3, 0x9cb2, 0x9491, 0xa4d2, 0x9cd2, 0xce79, 0xffdf, 0xffff, 0xffff, 0xffff, 0xffff, 0xffff, 0xffff, 0xffff, 0xffff, 
  0xffff, 0xffff, 0xffff, 0xffff, 0xffff, 0xffff, 0xffff, 0xffde, 0xe71b, 0xf77d, 0xef7c, 0xef7c, 0xef9d, 0xef7c, 0xef7c, 0xef5c, 0xdf1b, 0xc637, 0x8c91, 0x8451, 0x632d, 0x634e, 0x73d0, 0x8452, 0x8c93, 0x94f4, 0xa536, 0xad97, 0xb5d8, 0xbe19, 0xbe19, 0xbe39, 0xbe39, 0xc659, 0xc639, 0xc659, 0xc65a, 0xc65a, 0xc65a, 0xc65a, 0xc65a, 0xc65a, 0xc65a, 0xc65a, 0xc67a, 0xc67a, 0xc67a, 0xc67a, 0xc67a, 0xc67a, 0xc67a, 0xc67a, 0xc67a, 0xc67a, 0xc67a, 0xce7a, 0xce7a, 0xc67a, 0xc67a, 0xc67a, 0xc67a, 0xce7a, 0xce7a, 0xc67a, 0xc67a, 0xc67a, 0xc67a, 0xc67a, 0xc67a, 0xce9a, 0xce9a, 0xce7a, 0xce7a, 0xce7a, 0xce7a, 0xc67a, 0xce9a, 0xc67a, 0xc67a, 0xce9a, 0xce9a, 0xc67a, 0xc67a, 0xce9a, 0xce9a, 0xce9a, 0xce9a, 0xce9a, 0xc67a, 0xc67a, 0xce9a, 0xce9a, 0xce9b, 0xce9b, 0xce9b, 0xce9a, 0xce9a, 0xce9a, 0xce9a, 0xc67a, 0xc67a, 0xce7a, 0xce7a, 0xce7a, 0xce7a, 0xce7a, 0xce7a, 0xce7a, 0xce9a, 0xce9a, 0xce9a, 0xce9a, 0xc67a, 0xce7a, 0xce7a, 0xce7a, 0xce7a, 0xc67a, 0xce9a, 0xce9a, 0xce9a, 0xce9a, 0xce9a, 0xce9a, 0xce9a, 0xce9a, 0xce9a, 0xce9a, 0xce9a, 0xc67a, 0xc67a, 0xc67a, 0xc67a, 0xc67a, 0xc67a, 0xc67a, 0xc67a, 0xce9b, 0xce9b, 0xce9b, 0xce9b, 0xce9b, 0xce9b, 0xce9b, 0xce9b, 0xce9b, 0xce9b, 0xce9b, 0xce9b, 0xce9b, 0xce9b, 0xce9b, 0xce9b, 0xce9b, 0xce9b, 0xce9b, 0xce9b, 0xce9b, 0xce9b, 0xce9b, 0xce9b, 0xce9b, 0xce9b, 0xce9b, 0xce9b, 0xce9b, 0xce9b, 0xce9b, 0xce9b, 0xce9b, 0xce9b, 0xce9b, 0xce9b, 0xce9b, 0xce9b, 0xce9b, 0xce9b, 0xce9b, 0xce9b, 0xce9b, 0xce9b, 0xce9b, 0xc65a, 0xc65a, 0xc65a, 0xc65a, 0xc65a, 0xc65a, 0xc65a, 0xc65a, 0xc65a, 0xc65a, 0xc65a, 0xc639, 0xc639, 0xc639, 0xc639, 0xc639, 0xc639, 0xc639, 0xbe39, 0xbe39, 0xbe39, 0xbe39, 0xbe39, 0xbe39, 0xbe19, 0xbdf9, 0xb5f8, 0xb5b7, 0xad76, 0x9d35, 0x5aec, 0x4a8a, 0x8cb3, 0x8cb3, 0x8c92, 0x8c72, 0x8430, 0x8410, 0x8410, 0x8430, 0x8430, 0x8c50, 0x9492, 0x94b2, 0x9cf3, 0x9471, 0x94b2, 0x9cf2, 0xa513, 0xef7d, 0xffff, 0xffff, 0xffff, 0xffff, 0xffff, 0xffff, 0xffff, 0xffff, 
  0xffff, 0xffff, 0xffff, 0xffff, 0xffff, 0xffff, 0xffff, 0xef5d, 0xef3c, 0xf79d, 0xef7c, 0xef9d, 0xef7c, 0xef7c, 0xef7c, 0xe73c, 0xd699, 0x9cf3, 0x8c71, 0x6b6e, 0x632d, 0x73af, 0x8431, 0x8c73, 0x6b8e, 0x73d0, 0xad76, 0xb5b8, 0xbdf9, 0xbe19, 0xbe39, 0xbe39, 0xbe39, 0xc659, 0xc659, 0xc65a, 0xc65a, 0xc65a, 0xc65a, 0xc65a, 0xc65a, 0xc65a, 0xc65a, 0xc65a, 0xc67a, 0xc67a, 0xc67a, 0xc67a, 0xc67a, 0xc67a, 0xc67a, 0xc67a, 0xc67a, 0xc67a, 0xc67a, 0xce7a, 0xce7a, 0xc67a, 0xc67a, 0xc67a, 0xc67a, 0xce7a, 0xce7a, 0xce7a, 0xc67a, 0xc67a, 0xc67a, 0xc67a, 0xc67a, 0xc67a, 0xce7a, 0xce7a, 0xce7a, 0xce7a, 0xce7a, 0xce9a, 0xce9a, 0xce9a, 0xce9a, 0xce9a, 0xce9a, 0xce9a, 0xc67a, 0xc67a, 0xc67a, 0xce9a, 0xc67a, 0xc67a, 0xc67a, 0xce9a, 0xce9a, 0xce9a, 0xce9a, 0xce9a, 0xce9a, 0xce9a, 0xce9a, 0xc67a, 0xce9a, 0xce9a, 0xce9a, 0xce9a, 0xce7a, 0xce7a, 0xce7a, 0xce7a, 0xce7a, 0xce7a, 0xce9a, 0xce9a, 0xc69a, 0xc67a, 0xc67a, 0xc67a, 0xce7a, 0xce7a, 0xce7a, 0xce7a, 0xce9a, 0xce9a, 0xce9a, 0xce9a, 0xc67a, 0xc67a, 0xc67a, 0xce9a, 0xc67a, 0xce9a, 0xce9a, 0xc67a, 0xc67a, 0xc67a, 0xc67a, 0xc67a, 0xc67a, 0xc67a, 0xce9b, 0xce9b, 0xce9b, 0xce9b, 0xce9b, 0xce9b, 0xce9b, 0xce9b, 0xce9b, 0xce9b, 0xce9b, 0xce9b, 0xce9b, 0xce9b, 0xce9b, 0xce9b, 0xce9b, 0xce9b, 0xce9b, 0xce9b, 0xce9b, 0xce9b, 0xce9b, 0xce9b, 0xce9b, 0xce9b, 0xce9b, 0xce9b, 0xce9b, 0xce9b, 0xce9b, 0xce9b, 0xce9b, 0xce9b, 0xce9b, 0xce9b, 0xce9b, 0xce9b, 0xce9b, 0xce9b, 0xce9b, 0xce9b, 0xce9b, 0xce9b, 0xce9b, 0xce9b, 0xce9b, 0xc65a, 0xc65a, 0xc65a, 0xc65a, 0xc65a, 0xc65a, 0xc65a, 0xc65a, 0xc65a, 0xc65a, 0xc65a, 0xc639, 0xc639, 0xc639, 0xc639, 0xc639, 0xc639, 0xbe39, 0xbe39, 0xbe39, 0xbe39, 0xbe39, 0xbe39, 0xbe39, 0xbe19, 0xbdf8, 0xb5d8, 0xa556, 0x41e8, 0x0000, 0x0841, 0x632d, 0x8c92, 0x8cb2, 0x8c92, 0x8c71, 0x8410, 0x8410, 0x8430, 0x8430, 0x8430, 0x8c51, 0x8c71, 0x9cd3, 0x94b2, 0x9471, 0x9cd2, 0x9cf2, 0xbdd6, 0xffdf, 0xffff, 0xffff, 0xffff, 0xffff, 0xffff, 0xffff, 0xffff, 
  0xffff, 0xffff, 0xffff, 0xffff, 0xffff, 0xffff, 0xf7de, 0xef1b, 0xf79d, 0xef7d, 0xf79d, 0xef7d, 0xef7c, 0xef7c, 0xe75c, 0xdefa, 0xad75, 0x8c71, 0x7bef, 0x5b0d, 0x6b8f, 0x7c11, 0x8472, 0x7c10, 0x10a2, 0x0842, 0x5b0d, 0xb5d8, 0xbe19, 0xbe39, 0xbe39, 0xbe39, 0xbe39, 0xc65a, 0xc65a, 0xc65a, 0xc65a, 0xc65a, 0xc65a, 0xc65a, 0xc65a, 0xc65a, 0xc67a, 0xc67a, 0xc67a, 0xc67a, 0xc67a, 0xc67a, 0xc67a, 0xc67a, 0xc67a, 0xc67a, 0xc67a, 0xc67a, 0xc67a, 0xc67a, 0xc67a, 0xc67a, 0xc67a, 0xc67a, 0xc67a, 0xc67a, 0xc67a, 0xc67a, 0xc67a, 0xc67a, 0xc67a, 0xc67a, 0xc67a, 0xce9a, 0xc67a, 0xc67a, 0xce7a, 0xce7a, 0xce7a, 0xc67a, 0xc67a, 0xc67a, 0xce9a, 0xce9a, 0xce9a, 0xce9a, 0xce9a, 0xce9a, 0xce9a, 0xce9a, 0xce9b, 0xce9b, 0xce9b, 0xc67a, 0xc67a, 0xc67a, 0xce9a, 0xce9a, 0xce9b, 0xc67a, 0xce9a, 0xce9a, 0xce9a, 0xce9a, 0xce9a, 0xce9a, 0xce9a, 0xce7a, 0xce7a, 0xce7a, 0xce7a, 0xce7a, 0xce7a, 0xce7a, 0xce7a, 0xce7a, 0xce7a, 0xce7a, 0xce7a, 0xce7a, 0xce7a, 0xce9a, 0xce9a, 0xce9a, 0xce9a, 0xce9a, 0xce7a, 0xce7a, 0xce7a, 0xc67a, 0xc67a, 0xc67a, 0xc67a, 0xc67a, 0xc67a, 0xc67a, 0xc67a, 0xc67a, 0xc67a, 0xce9b, 0xce9b, 0xce9b, 0xce9b, 0xce9b, 0xce9b, 0xce9b, 0xce9b, 0xce9b, 0xce9b, 0xce9b, 0xce9b, 0xce9b, 0xce9b, 0xce9b, 0xce9b, 0xce9b, 0xce9b, 0xce9b, 0xce9b, 0xce9b, 0xce9b, 0xce9b, 0xce9b, 0xce9b, 0xce9b, 0xce9b, 0xce9b, 0xce9b, 0xce9b, 0xce9b, 0xce9b, 0xce9b, 0xce9b, 0xce9b, 0xce9b, 0xce9b, 0xce9b, 0xce9b, 0xce9b, 0xce9b, 0xce9b, 0xce9b, 0xce9b, 0xce9b, 0xce9b, 0xce9b, 0xce9b, 0xce9b, 0xc65a, 0xc65a, 0xc65a, 0xc65a, 0xc65a, 0xc65a, 0xc65a, 0xc65a, 0xc65a, 0xc65a, 0xc65a, 0xc639, 0xc639, 0xc639, 0xc639, 0xc639, 0xbe39, 0xbe39, 0xbe39, 0xbe39, 0xbe39, 0xbe39, 0xbe39, 0xbe19, 0xbe19, 0x94d3, 0x2104, 0x0000, 0x0000, 0x0000, 0x18a3, 0x8431, 0x8cb2, 0x8c92, 0x8c72, 0x8431, 0x83ef, 0x840f, 0x8410, 0x8430, 0x8c51, 0x8c71, 0x9472, 0x94b2, 0x9491, 0x9471, 0x9cd2, 0x9cd3, 0xdefb, 0xffff, 0xffff, 0xffff, 0xffff, 0xffff, 0xffff, 0xffff, 
  0xffff, 0xffff, 0xffff, 0xffff, 0xffff, 0xffff, 0xef3c, 0xef7c, 0xef9d, 0xf79d, 0xf79d, 0xef9d, 0xef7d, 0xe75c, 0xe73b, 0xc638, 0x94b2, 0x8430, 0x632d, 0x6b6e, 0x7bf1, 0x8452, 0x8c93, 0x2986, 0x0000, 0x0862, 0x18e4, 0x424a, 0xad96, 0xbe39, 0xbe39, 0xbe39, 0xc659, 0xc659, 0xc65a, 0xc65a, 0xc65a, 0xc65a, 0xc65a, 0xc65a, 0xc65a, 0xc67a, 0xc67a, 0xc67a, 0xc67a, 0xc67a, 0xc67a, 0xc67a, 0xc67a, 0xc67a, 0xc67a, 0xc67a, 0xc67a, 0xc67a, 0xc67a, 0xc67a, 0xc67a, 0xc67a, 0xc67a, 0xc67a, 0xc67a, 0xc67a, 0xc67a, 0xc67a, 0xc67a, 0xc67a, 0xc67a, 0xc67a, 0xc67a, 0xc67a, 0xce9a, 0xce9a, 0xce9a, 0xce9a, 0xce9a, 0xce9a, 0xce9a, 0xce9a, 0xce9a, 0xce9a, 0xc67a, 0xce9a, 0xce9a, 0xce9a, 0xce9a, 0xce9b, 0xce9b, 0xce9b, 0xce9b, 0xce9b, 0xc67a, 0xc67a, 0xc67a, 0xce9a, 0xce9a, 0xce9a, 0xce9a, 0xce9a, 0xce9a, 0xce9a, 0xc67a, 0xc67a, 0xce9a, 0xc69a, 0xc69a, 0xc69a, 0xc67a, 0xce7a, 0xce7a, 0xce7a, 0xce7a, 0xce7a, 0xce7a, 0xce7a, 0xce7a, 0xce7a, 0xce7a, 0xc67a, 0xc67a, 0xce9a, 0xce9a, 0xce9a, 0xce7a, 0xce7a, 0xce7a, 0xce7a, 0xce7a, 0xce9a, 0xc67a, 0xc67a, 0xc67a, 0xc67a, 0xc67a, 0xc67a, 0xce9b, 0xce9b, 0xce9b, 0xce9b, 0xce9b, 0xce9b, 0xce9b, 0xce9b, 0xce9b, 0xce9b, 0xce9b, 0xce9b, 0xce9b, 0xce9b, 0xce9b, 0xce9b, 0xce9b, 0xce9b, 0xce9b, 0xce9b, 0xce9b, 0xce9b, 0xce9b, 0xce9b, 0xce9b, 0xce9b, 0xce9b, 0xce9b, 0xce9b, 0xce9b, 0xce9b, 0xce9b, 0xce9b, 0xce9b, 0xce9b, 0xce9b, 0xce9b, 0xce9b, 0xce9b, 0xce9b, 0xce9b, 0xce9b, 0xce9b, 0xce9b, 0xce9b, 0xce9b, 0xce9b, 0xce9b, 0xce9b, 0xce9b, 0xce9b, 0xc65a, 0xc65a, 0xc65a, 0xc65a, 0xc65a, 0xc65a, 0xc65a, 0xc65a, 0xc639, 0xc639, 0xc639, 0xc639, 0xc639, 0xc639, 0xc639, 0xc639, 0xc639, 0xbe39, 0xbe39, 0xbe39, 0xbe39, 0xbe39, 0xbe19, 0x73af, 0x0862, 0x0000, 0x0000, 0x0000, 0x0841, 0x52ab, 0x8cb3, 0x94b3, 0x8cb2, 0x8c92, 0x8c92, 0x8430, 0x842f, 0x8410, 0x840f, 0x8430, 0x8c51, 0x8c51, 0x8c51, 0x9492, 0x8c51, 0x9cb2, 0x9cd2, 0xad54, 0xf7be, 0xffff, 0xffff, 0xffff, 0xffff, 0xffff, 0xffff, 
  0xffff, 0xffff, 0xffff, 0xffff, 0xffff, 0xf79e, 0xe71b, 0xf7bd, 0xef7d, 0xf7be, 0xef9d, 0xef7d, 0xef7c, 0xef5c, 0xd6ba, 0x9d13, 0x8451, 0x6b6e, 0x634e, 0x73d0, 0x8452, 0x8c93, 0x94b3, 0x4a49, 0x0862, 0x18c4, 0x2104, 0x2946, 0x3187, 0x8c93, 0xc63a, 0xc639, 0xc65a, 0xc65a, 0xc65a, 0xc65a, 0xc65a, 0xc65a, 0xc65a, 0xc65a, 0xc67a, 0xc67a, 0xc67a, 0xc67a, 0xc67a, 0xc67a, 0xc67a, 0xc67a, 0xc67a, 0xc67a, 0xc67a, 0xc67a, 0xc67a, 0xc67a, 0xc67a, 0xc67a, 0xce9a, 0xc67a, 0xc67a, 0xc67a, 0xc67a, 0xc67a, 0xc67a, 0xc67a, 0xc67a, 0xce9a, 0xc67a, 0xce9a, 0xc67a, 0xc67a, 0xc67a, 0xce9a, 0xc67a, 0xc67a, 0xce9a, 0xce9a, 0xce9a, 0xce9a, 0xce9a, 0xce9a, 0xce9a, 0xce9a, 0xce9a, 0xce9a, 0xce9a, 0xce9b, 0xce9b, 0xce9b, 0xce9b, 0xce9b, 0xc67a, 0xce9a, 0xce9a, 0xce9a, 0xce9a, 0xce9a, 0xce9a, 0xce9a, 0xce9a, 0xce9a, 0xce9a, 0xce9a, 0xce9b, 0xce9a, 0xce9a, 0xce7a, 0xce7a, 0xce7a, 0xce7a, 0xce7a, 0xce7a, 0xce7a, 0xce7a, 0xce7a, 0xce7a, 0xce7a, 0xce7a, 0xc67a, 0xce9a, 0xce9a, 0xce9a, 0xce9a, 0xce7a, 0xce7a, 0xce7a, 0xce7a, 0xce7a, 0xce9a, 0xce9a, 0xce9a, 0xc67a, 0xc67a, 0xc67a, 0xc67a, 0xce9b, 0xce9b, 0xce9b, 0xce9b, 0xce9b, 0xce9b, 0xce9b, 0xce9b, 0xce9b, 0xce9b, 0xce9b, 0xce9b, 0xce9b, 0xce9b, 0xce9b, 0xce9b, 0xce9b, 0xce9b, 0xce9b, 0xce9b, 0xce9b, 0xce9b, 0xce9b, 0xce9b, 0xce9b, 0xce9b, 0xce9b, 0xce9b, 0xce9b, 0xce9b, 0xce9b, 0xce9b, 0xce9b, 0xce9b, 0xce9b, 0xce9b, 0xce9b, 0xce9b, 0xce9b, 0xce9b, 0xce9b, 0xce9b, 0xce9b, 0xce9b, 0xce9b, 0xce9b, 0xce9b, 0xce9b, 0xce9b, 0xce9b, 0xce9b, 0xc65a, 0xc65a, 0xc65a, 0xc65a, 0xc65a, 0xc65a, 0xc65a, 0xc65a, 0xc639, 0xc639, 0xc65a, 0xc639, 0xc639, 0xc639, 0xc639, 0xc639, 0xc639, 0xc639, 0xc639, 0xc639, 0xc639, 0xb5b7, 0x4a29, 0x0000, 0x0000, 0x0000, 0x0000, 0x18e4, 0x8431, 0x9d35, 0x94f4, 0x94d3, 0x8cb2, 0x8cb2, 0x8c92, 0x8c71, 0x840f, 0x840f, 0x840f, 0x8410, 0x8c50, 0x8c51, 0x8c51, 0x9491, 0x9491, 0x8c51, 0x9cb2, 0x9cd2, 0xce79, 0xffff, 0xffff, 0xffff, 0xffff, 0xffff, 0xffff, 
  0xffff, 0xffff, 0xffff, 0xffff, 0xffdf, 0xdedb, 0xf79d, 0xf79d, 0xf7bd, 0xf7bd, 0xef9d, 0xef7d, 0xef7c, 0xe73c, 0xb5d6, 0x8450, 0x73cf, 0x632d, 0x73b0, 0x8432, 0x8c73, 0x94d4, 0x9d15, 0xa556, 0x7c11, 0x2966, 0x2125, 0x2125, 0x2125, 0x2146, 0x634e, 0xbe19, 0xc659, 0xc65a, 0xc65a, 0xc65a, 0xc65a, 0xc65a, 0xc67a, 0xc67a, 0xc67a, 0xc67a, 0xc67a, 0xc67a, 0xc67a, 0xc67a, 0xc67a, 0xc67a, 0xc67a, 0xc67a, 0xc67a, 0xc67a, 0xc67a, 0xc67a, 0xc67a, 0xce9a, 0xc67a, 0xc67a, 0xc67a, 0xc67a, 0xc67a, 0xce9a, 0xc67a, 0xce9a, 0xce9a, 0xc67a, 0xc67a, 0xc67a, 0xce9a, 0xce9a, 0xce9a, 0xce9a, 0xce9a, 0xce9b, 0xce9a, 0xce9a, 0xce9a, 0xce9a, 0xce9a, 0xce9a, 0xce9a, 0xce9a, 0xce9a, 0xce9a, 0xce9a, 0xce9a, 0xce9a, 0xce9a, 0xce9a, 0xce9a, 0xce9a, 0xce9a, 0xce9b, 0xce9b, 0xce9b, 0xce9b, 0xce9b, 0xce9b, 0xce9a, 0xce9a, 0xc67a, 0xce9b, 0xce9b, 0xce9b, 0xce9b, 0xc67b, 0xc67b, 0xce9b, 0xce9a, 0xce9a, 0xc67a, 0xc67a, 0xc67a, 0xce9a, 0xce9a, 0xce9a, 0xc67a, 0xce9a, 0xce9a, 0xce9a, 0xce9a, 0xce9a, 0xce7a, 0xce7a, 0xce7a, 0xce7a, 0xce7a, 0xce9b, 0xc67b, 0xc67a, 0xc67a, 0xc67a, 0xc67a, 0xc67a, 0xce9b, 0xce9b, 0xce9b, 0xce9b, 0xce9b, 0xce9b, 0xce9b, 0xce9b, 0xce9b, 0xce9b, 0xce9b, 0xce9b, 0xce9b, 0xce9b, 0xce9b, 0xce9b, 0xce9b, 0xce9b, 0xce9b, 0xce9b, 0xce9b, 0xce9b, 0xce9b, 0xce9b, 0xce9b, 0xce9b, 0xce9b, 0xce9b, 0xce9b, 0xce9b, 0xce9b, 0xce9b, 0xce9b, 0xce9b, 0xce9b, 0xce9b, 0xce9b, 0xce9b, 0xce9b, 0xce9b, 0xce9b, 0xce9b, 0xce9b, 0xce9b, 0xce9b, 0xce9b, 0xce9b, 0xce9b, 0xce9b, 0xce9b, 0xce9b, 0xce9b, 0xc65a, 0xc65a, 0xc65a, 0xc65a, 0xc65a, 0xc65a, 0xc65a, 0xc639, 0xc65a, 0xc65a, 0xc65a, 0xc65a, 0xc65a, 0xc639, 0xbe39, 0xc659, 0xc659, 0xbe39, 0xc639, 0xc639, 0xad96, 0x18e4, 0x0000, 0x0000, 0x0021, 0x4229, 0xad76, 0xb5b7, 0xa556, 0x9d35, 0x94f4, 0x8cb3, 0x8cb2, 0x8c92, 0x8c92, 0x8450, 0x840f, 0x840f, 0x840f, 0x8410, 0x8430, 0x8c50, 0x8c71, 0x94b2, 0x9471, 0x9491, 0x9cd2, 0xa4f3, 0xf79d, 0xffff, 0xffff, 0xffff, 0xffff, 0xffff, 
  0xffff, 0xffff, 0xffff, 0xffff, 0xef3c, 0xe73c, 0xf7be, 0xf79d, 0xf7be, 0xef7d, 0xef9d, 0xef9d, 0xe75c, 0xce79, 0x9491, 0x7c0f, 0x632d, 0x6b6f, 0x7c11, 0x8c73, 0x94b4, 0x94f5, 0xa536, 0xad97, 0xb5f8, 0xad76, 0x4a6a, 0x2125, 0x2125, 0x2946, 0x31a8, 0xad77, 0xc659, 0xc65a, 0xc65a, 0xc65a, 0xc65a, 0xc67a, 0xc67a, 0xc67a, 0xc67a, 0xc67a, 0xc67a, 0xc67a, 0xc67a, 0xc67a, 0xc67a, 0xc67a, 0xc67a, 0xc67a, 0xc67a, 0xc67a, 0xc67a, 0xc67a, 0xc67a, 0xc67a, 0xc67a, 0xce9a, 0xce9a, 0xce9a, 0xc67a, 0xc67a, 0xc67a, 0xc67a, 0xc67a, 0xc67a, 0xce9a, 0xce9a, 0xce9a, 0xce9a, 0xce9a, 0xce9a, 0xce9b, 0xce9b, 0xce9b, 0xce9a, 0xce9a, 0xce9a, 0xce9a, 0xce9a, 0xce9a, 0xc67a, 0xc67a, 0xc67a, 0xce9a, 0xce9a, 0xce9a, 0xce9a, 0xce9a, 0xce9a, 0xce9a, 0xce9a, 0xc67a, 0xc67a, 0xc67a, 0xc67a, 0xce9a, 0xc67a, 0xc67a, 0xce9a, 0xce9b, 0xce9b, 0xce9b, 0xce9b, 0xc67b, 0xce9b, 0xce9b, 0xce9b, 0xce9a, 0xce9a, 0xce9a, 0xce9a, 0xce9a, 0xce9a, 0xce9a, 0xce9a, 0xce9a, 0xce9a, 0xce9a, 0xce9a, 0xce9a, 0xce9a, 0xce7a, 0xce7a, 0xce7a, 0xce7a, 0xce7a, 0xce9b, 0xce9b, 0xce9a, 0xc69a, 0xc67a, 0xc67a, 0xc67a, 0xce9b, 0xce9b, 0xce9b, 0xce9b, 0xce9b, 0xce9b, 0xce9b, 0xce9b, 0xce9b, 0xce9b, 0xce9b, 0xce9b, 0xce9b, 0xce9b, 0xce9b, 0xce9b, 0xce9b, 0xce9b, 0xce9b, 0xce9b, 0xce9b, 0xce9b, 0xce9b, 0xce9b, 0xce9b, 0xce9b, 0xce9b, 0xce9b, 0xce9b, 0xce9b, 0xce9b, 0xce9b, 0xce9b, 0xce9b, 0xce9b, 0xce9b, 0xce9b, 0xce9b, 0xce9b, 0xce9b, 0xce9b, 0xce9b, 0xce9b, 0xce9b, 0xce9b, 0xce9b, 0xce9b, 0xce9b, 0xce9b, 0xce9b, 0xce9b, 0xce9b, 0xc65a, 0xc65a, 0xc65a, 0xc65a, 0xc65a, 0xc65a, 0xc65a, 0xc65a, 0xc65a, 0xc65a, 0xc65a, 0xc639, 0xc639, 0xc659, 0xc659, 0xc659, 0xbe39, 0xbe39, 0xc639, 0xbe39, 0xc639, 0x9493, 0x0842, 0x1062, 0x73d0, 0xbe19, 0xb5f8, 0xb5d8, 0xad97, 0xa556, 0x9d15, 0x94d3, 0x8cb2, 0x8cb2, 0x8c92, 0x8c51, 0x840f, 0x840f, 0x8410, 0x8410, 0x8430, 0x8430, 0x8c50, 0x9471, 0x94b2, 0x8c50, 0x9cb2, 0x9cd2, 0xc617, 0xffff, 0xffff, 0xffff, 0xffff, 0xffff, 
  0xffff, 0xffff, 0xffff, 0xf7de, 0xdeda, 0xf79d, 0xf79d, 0xf7de, 0xf7bd, 0xf79d, 0xef9d, 0xef9d, 0xe71b, 0xa554, 0x8410, 0x6b6d, 0x6b4d, 0x73f0, 0x8452, 0x8cb3, 0x94f4, 0x9d35, 0xad76, 0xb5b8, 0xb5f8, 0xbe19, 0xbe39, 0x73d0, 0x2946, 0x2946, 0x8432, 0xc65a, 0xc65a, 0xc65a, 0xc65a, 0xc65a, 0xc65a, 0xc65a, 0xc67a, 0xc67a, 0xc67a, 0xc67a, 0xc67a, 0xc67a, 0xc67a, 0xc67a, 0xc67a, 0xc67a, 0xc67a, 0xc67a, 0xc67a, 0xc67a, 0xce9a, 0xce9a, 0xce9a, 0xce9a, 0xce9a, 0xce9a, 0xce9a, 0xce9a, 0xce9a, 0xce9a, 0xce9a, 0xce9a, 0xce9a, 0xce9a, 0xce9a, 0xce9a, 0xce9a, 0xce9b, 0xce9a, 0xce9a, 0xce9b, 0xce9b, 0xce9b, 0xce9b, 0xce9b, 0xce9b, 0xce9b, 0xce9b, 0xce9a, 0xce9a, 0xc67a, 0xce7a, 0xce7a, 0xce9a, 0xce9a, 0xce9a, 0xce9a, 0xce9a, 0xce9b, 0xce9b, 0xce9b, 0xce9a, 0xce9a, 0xce9b, 0xce9a, 0xc67a, 0xc67a, 0xc67a, 0xce9a, 0xc67a, 0xce9a, 0xc67b, 0xce9b, 0xce9b, 0xc67b, 0xce7b, 0xce7a, 0xce7a, 0xce7b, 0xce7b, 0xce7a, 0xce7a, 0xce7a, 0xce7a, 0xce7a, 0xce7a, 0xce7a, 0xc69a, 0xce7a, 0xce7a, 0xce7a, 0xce7a, 0xce7a, 0xce7a, 0xce7a, 0xce7a, 0xc69a, 0xc69a, 0xc67a, 0xce7a, 0xce7a, 0xce7a, 0xce9b, 0xce9b, 0xce9b, 0xce9b, 0xce9b, 0xce9b, 0xce9b, 0xce9b, 0xce9b, 0xce9b, 0xce9b, 0xce9b, 0xce9b, 0xce9b, 0xce9b, 0xce9b, 0xce9b, 0xce9b, 0xce9b, 0xce9b, 0xce9b, 0xce9b, 0xce9b, 0xce9b, 0xce9b, 0xce9b, 0xce9b, 0xce9b, 0xce9b, 0xce9b, 0xce9b, 0xce9b, 0xce9b, 0xce9b, 0xce9b, 0xce9b, 0xce9b, 0xce9b, 0xce9b, 0xce9b, 0xce9b, 0xce9b, 0xce9b, 0xce9b, 0xce9b, 0xce9b, 0xce9b, 0xce9b, 0xce9b, 0xce9b, 0xce9b, 0xce9b, 0xc65a, 0xc65a, 0xc65a, 0xc65a, 0xc65a, 0xc65a, 0xc65a, 0xc65a, 0xc65a, 0xc65a, 0xc65a, 0xc65a, 0xc65a, 0xc639, 0xc639, 0xc639, 0xc639, 0xc639, 0xc639, 0xc639, 0xc639, 0xbe19, 0x7bf1, 0x9d16, 0xbe39, 0xbe19, 0xbe19, 0xbdf8, 0xb5b7, 0xad76, 0xa535, 0x94f4, 0x94d3, 0x8cb2, 0x8cb2, 0x8c72, 0x8c51, 0x840f, 0x8430, 0x8410, 0x8410, 0x8430, 0x8c50, 0x8c51, 0x9492, 0x9491, 0x8c71, 0x9cd2, 0x9cf2, 0xef7d, 0xffff, 0xffff, 0xffff, 0xffff, 
  0xffff, 0xffff, 0xffff, 0xdefb, 0xef7d, 0xf7be, 0xf7be, 0xf7de, 0xf7bd, 0xf7bd, 0xef9d, 0xef5c, 0xc617, 0x8451, 0x7bcf, 0x632d, 0x73b0, 0x8432, 0x8c93, 0x94b4, 0x9d15, 0xa556, 0xad97, 0xb5f8, 0xbe19, 0xbe39, 0xbe39, 0xc639, 0x9d15, 0x6b8f, 0xbe19, 0xc65a, 0xc65a, 0xc65a, 0xc65a, 0xc65a, 0xc67a, 0xc67a, 0xc67a, 0xc67a, 0xc67a, 0xc67a, 0xc67a, 0xc67a, 0xc67a, 0xc67a, 0xc67a, 0xc67a, 0xc67a, 0xc67a, 0xc67a, 0xc67a, 0xce9a, 0xce9a, 0xce9a, 0xce9a, 0xc67a, 0xc67a, 0xce9a, 0xce9a, 0xce9a, 0xce9a, 0xce9a, 0xce9a, 0xce9a, 0xce9a, 0xce9a, 0xce9a, 0xce9a, 0xce9a, 0xce9a, 0xce9a, 0xce9b, 0xce9b, 0xce9b, 0xce9b, 0xce9b, 0xce9b, 0xce9b, 0xce9b, 0xce9a, 0xce9a, 0xc69a, 0xce9a, 0xce9a, 0xce9b, 0xce9b, 0xce9b, 0xce9b, 0xce9b, 0xce9b, 0xce9b, 0xce9b, 0xce9b, 0xce9b, 0xce9b, 0xce9b, 0xce9b, 0xce9b, 0xce9a, 0xce9a, 0xc67a, 0xce9a, 0xce9b, 0xce9b, 0xce7b, 0xc67b, 0xc67a, 0xce7a, 0xce7a, 0xce9b, 0xce9b, 0xce7a, 0xce7a, 0xce9a, 0xce7a, 0xce9b, 0xce9b, 0xce9b, 0xce9b, 0xce7a, 0xce9b, 0xce9b, 0xce9b, 0xce9b, 0xce9b, 0xce9b, 0xce9b, 0xce9b, 0xce9b, 0xce7a, 0xce7a, 0xce7a, 0xce7a, 0xc65a, 0xce9b, 0xce9b, 0xce9b, 0xce9b, 0xce9b, 0xce9b, 0xce9b, 0xce9b, 0xce9b, 0xce9b, 0xce9b, 0xce9b, 0xce9b, 0xce9b, 0xce9b, 0xce9b, 0xce9b, 0xce9b, 0xce9b, 0xce9b, 0xce9b, 0xce9b, 0xce9b, 0xce9b, 0xce9b, 0xce9b, 0xce9b, 0xce9b, 0xce9b, 0xce9b, 0xce9b, 0xce9b, 0xce9b, 0xce9b, 0xce9b, 0xce9b, 0xce9b, 0xce9b, 0xce9b, 0xce9b, 0xce9b, 0xce9b, 0xce9b, 0xce9b, 0xce9b, 0xce9b, 0xce9b, 0xce9b, 0xce9b, 0xce9b, 0xce9b, 0xc65a, 0xc65a, 0xc65a, 0xc65a, 0xc65a, 0xc65a, 0xc65a, 0xc65a, 0xc65a, 0xc65a, 0xc65a, 0xc65a, 0xc65a, 0xc659, 0xc639, 0xc639, 0xc639, 0xc639, 0xc639, 0xc639, 0xc639, 0xc639, 0xc639, 0xbe19, 0xbe39, 0xbe19, 0xbe19, 0xbdf8, 0xb5d8, 0xb5b7, 0xa556, 0x9d35, 0x6baf, 0x7c31, 0x8cb2, 0x8c92, 0x8c71, 0x8430, 0x8430, 0x8410, 0x8410, 0x8410, 0x8c30, 0x8c50, 0x8c71, 0x94b2, 0x8c51, 0x94b1, 0x9cd2, 0xbdf6, 0xffff, 0xffff, 0xffff, 0xffff, 
  0xffff, 0xffff, 0xf7be, 0xdedb, 0xf7be, 0xf7bd, 0xf7de, 0xf7bd, 0xf7bd, 0xf79d, 0xf79d, 0xe73b, 0x94d2, 0x8430, 0x6b4d, 0x6b8f, 0x7c11, 0x8472, 0x8cb3, 0x8452, 0xa536, 0xa576, 0xb5d8, 0xbdf9, 0xbe39, 0xbe39, 0xbe39, 0xbe39, 0xbe39, 0xc65a, 0xc65a, 0xc65a, 0xc65a, 0xc65a, 0xc65a, 0xc65a, 0xc65a, 0xc67a, 0xc67a, 0xc67a, 0xc67a, 0xc67a, 0xc67a, 0xc67a, 0xc67a, 0xc67a, 0xc67a, 0xc67a, 0xc67a, 0xc67a, 0xc67a, 0xc67a, 0xc67a, 0xc67a, 0xce9a, 0xce9a, 0xce9a, 0xce9a, 0xce9a, 0xce9a, 0xce9a, 0xce9a, 0xc67a, 0xc67a, 0xce9a, 0xce9a, 0xce9a, 0xce9a, 0xce9a, 0xce9a, 0xce9a, 0xce9a, 0xce9b, 0xce9b, 0xce9b, 0xce9b, 0xce9b, 0xce9b, 0xce9b, 0xce9b, 0xce9b, 0xce9a, 0xce7a, 0xce9b, 0xce9b, 0xce9b, 0xce9a, 0xce9a, 0xce9a, 0xce9a, 0xce9b, 0xc67b, 0xce9b, 0xce9a, 0xce9a, 0xce9a, 0xce9a, 0xce9a, 0xc67a, 0xce9a, 0xc67a, 0xc67a, 0xce9a, 0xc67a, 0xce7a, 0xce7a, 0xce7a, 0xc514, 0xda29, 0xda09, 0xe229, 0xda09, 0xe803, 0xe803, 0xe803, 0xe803, 0xe803, 0xe803, 0xe803, 0xe803, 0xe803, 0xe803, 0xe803, 0xe803, 0xe803, 0xe803, 0xe803, 0xe803, 0xe803, 0xe803, 0xcc93, 0xce5a, 0xce7a, 0xc67a, 0xc67b, 0xce9b, 0xce9b, 0xce9b, 0xce9b, 0xce9b, 0xce9b, 0xce9b, 0xce9b, 0xce9b, 0xce9b, 0xce9b, 0xce9b, 0xce9b, 0xce9b, 0xce9b, 0xce9b, 0xce9b, 0xce9b, 0xce9b, 0xce9b, 0xce9b, 0xce9b, 0xce9b, 0xce9b, 0xce9b, 0xce9b, 0xce9b, 0xce9b, 0xce9b, 0xce9b, 0xce9b, 0xce9b, 0xce9b, 0xce9b, 0xce9b, 0xce9b, 0xce9b, 0xce9b, 0xce9b, 0xce9b, 0xce9b, 0xce9b, 0xce9b, 0xce9b, 0xce9b, 0xce9b, 0xce9b, 0xce9b, 0xce9b, 0xce9b, 0xce9b, 0xce9b, 0xc65a, 0xc65a, 0xc65a, 0xc65a, 0xc65a, 0xc65a, 0xc65a, 0xc65a, 0xc65a, 0xc65a, 0xc65a, 0xc659, 0xc63a, 0xc63a, 0xc63a, 0xc639, 0xc639, 0xc639, 0xc639, 0xc639, 0xc639, 0xc639, 0xbe39, 0xc639, 0xbe39, 0xbe19, 0xbe19, 0xbdf8, 0xb5d8, 0x94d3, 0x31a7, 0x0020, 0x31c7, 0x8cb2, 0x8cb2, 0x8c71, 0x8430, 0x8410, 0x8410, 0x8410, 0x8430, 0x8c30, 0x8c71, 0x8c51, 0x9492, 0x9492, 0x9471, 0x9cb2, 0x9cd2, 0xef5c, 0xffff, 0xffff, 0xffff, 
  0xffff, 0xffff, 0xdedb, 0xef7d, 0xf7be, 0xf7de, 0xf7de, 0xf7bd, 0xf7bd, 0xf7bd, 0xef9d, 0xbdf7, 0x8430, 0x73af, 0x6b4e, 0x7bd0, 0x8452, 0x8cb3, 0x6b8e, 0x0841, 0x39e8, 0x9d15, 0xbdf9, 0xbe19, 0xbe39, 0xbe39, 0xbe39, 0xbe39, 0xc65a, 0xc65a, 0xc65a, 0xc65a, 0xc65a, 0xc65a, 0xc67a, 0xc67a, 0xc67a, 0xc67a, 0xc67a, 0xc67a, 0xc67a, 0xc67a, 0xc67a, 0xc67a, 0xc67a, 0xc67a, 0xc67a, 0xc67a, 0xc67a, 0xc67a, 0xce9a, 0xce9a, 0xce9a, 0xce9a, 0xce9a, 0xce9a, 0xce9a, 0xce9a, 0xce9a, 0xce9a, 0xce9a, 0xce9a, 0xc67a, 0xc67a, 0xce9a, 0xce9a, 0xce9a, 0xce9a, 0xce9a, 0xce9b, 0xce9b, 0xce9b, 0xce9b, 0xce9b, 0xce9b, 0xce9b, 0xce9b, 0xce9b, 0xce9b, 0xce9b, 0xce9a, 0xce9a, 0xce7a, 0xce7a, 0xce9b, 0xce9b, 0xce9a, 0xce9a, 0xce9a, 0xce9a, 0xce9b, 0xce9b, 0xce9b, 0xce9b, 0xce9a, 0xce9a, 0xce9a, 0xce9b, 0xce9a, 0xce9a, 0xce9a, 0xce9a, 0xce9a, 0xc69a, 0xc67a, 0xc65a, 0xc30c, 0xc943, 0xc923, 0xc923, 0xc903, 0xc902, 0xc902, 0xc923, 0xc902, 0xc902, 0xc902, 0xc902, 0xc902, 0xc903, 0xc903, 0xc923, 0xc923, 0xc923, 0xc903, 0xc923, 0xc923, 0xc923, 0xc923, 0xc923, 0xc924, 0xcb6e, 0xce7a, 0xc69a, 0xc69b, 0xce9b, 0xce9b, 0xce9b, 0xce9b, 0xce9b, 0xce9b, 0xce9b, 0xce9b, 0xce9b, 0xce9b, 0xce9b, 0xce9b, 0xce9b, 0xce9b, 0xce9b, 0xce9b, 0xce9b, 0xce9b, 0xce9b, 0xce9b, 0xce9b, 0xce9b, 0xce9b, 0xce9b, 0xce9b, 0xce9b, 0xce9b, 0xce9b, 0xce9b, 0xce9b, 0xce9b, 0xce9b, 0xce9b, 0xce9b, 0xce9b, 0xce9b, 0xce9b, 0xce9b, 0xce9b, 0xce9b, 0xce9b, 0xce9b, 0xce9b, 0xce9b, 0xce9b, 0xce9b, 0xce9b, 0xce9b, 0xce9b, 0xce9b, 0xce9b, 0xce9b, 0xc65a, 0xc65a, 0xc65a, 0xc65a, 0xc65a, 0xc65a, 0xc65a, 0xc65a, 0xc65a, 0xc65a, 0xc65a, 0xc639, 0xc639, 0xc63a, 0xc63a, 0xc639, 0xc639, 0xc639, 0xc639, 0xc639, 0xc639, 0xc639, 0xc639, 0xbe39, 0xbe39, 0xbe19, 0xbe19, 0xb5b7, 0x5aec, 0x0841, 0x0000, 0x0000, 0x0821, 0x6b6d, 0x8cb3, 0x8cb2, 0x8c71, 0x8430, 0x83ef, 0x8c50, 0x8430, 0x8430, 0x8c50, 0x8c51, 0x8c71, 0x9492, 0x8c51, 0x9491, 0x9cd2, 0xb5b6, 0xffff, 0xffff, 0xffff, 
  0xffff, 0xf79e, 0xdefb, 0xf7be, 0xf7be, 0xf7de, 0xf7be, 0xf7be, 0xf7bd, 0xf7bd, 0xdeda, 0x94d2, 0x7c30, 0x6b4e, 0x73af, 0x8432, 0x8c73, 0x8c92, 0x2945, 0x0000, 0x0842, 0x2105, 0x6b6f, 0xb5f8, 0xbe39, 0xbe39, 0xbe39, 0xc659, 0xc65a, 0xc65a, 0xc65a, 0xc65a, 0xc65a, 0xc65a, 0xc65a, 0xc67a, 0xc67a, 0xc67a, 0xc67a, 0xc67a, 0xc67a, 0xc67a, 0xc67a, 0xc67a, 0xc67a, 0xc67a, 0xc67a, 0xc67a, 0xc67a, 0xce9a, 0xce9a, 0xc67a, 0xc67a, 0xce9a, 0xce9a, 0xce9a, 0xce9a, 0xce9a, 0xce9a, 0xc67a, 0xc67a, 0xce9a, 0xce9a, 0xce9a, 0xce9a, 0xce9a, 0xce9a, 0xce9a, 0xce9b, 0xce9b, 0xce9b, 0xce9b, 0xce9b, 0xce9b, 0xce9b, 0xce9a, 0xce9a, 0xce9a, 0xce9a, 0xce7a, 0xce7a, 0xce9b, 0xce9b, 0xce9b, 0xce9b, 0xce9b, 0xce9b, 0xce9a, 0xce9b, 0xce9b, 0xce9b, 0xce9b, 0xce9b, 0xce9b, 0xce9b, 0xce9b, 0xce9a, 0xce9b, 0xce9a, 0xce9b, 0xce9b, 0xce9a, 0xce9a, 0xce7a, 0xce7a, 0xc556, 0xd8a3, 0xca29, 0xccb3, 0xccd3, 0xccb3, 0xccb4, 0xccb3, 0xccd4, 0xccd4, 0xccd4, 0xccf4, 0xcd14, 0xcd14, 0xcd15, 0xcd15, 0xcd15, 0xcd15, 0xcd35, 0xcd35, 0xcd55, 0xcd55, 0xcd56, 0xcd76, 0xd535, 0xc227, 0xc1a6, 0xcdd8, 0xc69a, 0xce7a, 0xce9b, 0xce9b, 0xce9b, 0xce9b, 0xce9b, 0xce9b, 0xce9b, 0xce9b, 0xce9b, 0xce9b, 0xce9b, 0xce9b, 0xce9b, 0xce9b, 0xce9b, 0xce9b, 0xce9b, 0xce9b, 0xce9b, 0xce9b, 0xce9b, 0xce9b, 0xce9b, 0xce9b, 0xce9b, 0xce9b, 0xce9b, 0xce9b, 0xce9b, 0xce9b, 0xce9b, 0xce9b, 0xce9b, 0xce9b, 0xce9b, 0xce9b, 0xce9b, 0xce9b, 0xce9b, 0xce9b, 0xce9b, 0xce9b, 0xce9b, 0xce9b, 0xce9b, 0xce9b, 0xce9b, 0xce9b, 0xce9b, 0xce9b, 0xce9b, 0xce9b, 0xc65a, 0xc65a, 0xc65a, 0xc65a, 0xc65a, 0xc65a, 0xc65a, 0xc65a, 0xc65a, 0xc65a, 0xc65a, 0xc63a, 0xc65a, 0xc659, 0xc639, 0xc639, 0xc639, 0xc639, 0xc639, 0xbe39, 0xbe39, 0xbe39, 0xc639, 0xbe39, 0xbe39, 0xbe19, 0x8431, 0x18e4, 0x0000, 0x0000, 0x0000, 0x0000, 0x0000, 0x2125, 0x8c72, 0x9493, 0x8c72, 0x8431, 0x8410, 0x8430, 0x8410, 0x8410, 0x8430, 0x8c30, 0x8c51, 0x9492, 0x9492, 0x8c50, 0x9cb2, 0x9cb2, 0xef7c, 0xffff, 0xffff, 
  0xffff, 0xdedb, 0xf7be, 0xf7be, 0xf7de, 0xf7be, 0xf7be, 0xf7be, 0xf79d, 0xe75c, 0xb5b6, 0x8431, 0x6b8e, 0x6b6e, 0x7bf1, 0x8c52, 0x94b3, 0x5b0c, 0x0020, 0x0000, 0x10a2, 0x2104, 0x2925, 0x39c8, 0x8c73, 0xbe39, 0xbe39, 0xc659, 0xc65a, 0xc65a, 0xc65a, 0xc65a, 0xc65a, 0xc65a, 0xc65a, 0xc67a, 0xc67a, 0xc67a, 0xc67a, 0xc67a, 0xc67a, 0xc67a, 0xc67a, 0xc67a, 0xc67a, 0xc67a, 0xc67a, 0xc67a, 0xc67a, 0xc67a, 0xc67a, 0xc67a, 0xc67a, 0xce9a, 0xc67a, 0xce9a, 0xce9a, 0xce9a, 0xce9a, 0xce9a, 0xc67a, 0xc67a, 0xce9a, 0xce9a, 0xce9b, 0xce9b, 0xce9a, 0xce9b, 0xce9b, 0xce9b, 0xce9b, 0xce9b, 0xce9b, 0xce9b, 0xce9b, 0xce9b, 0xce9b, 0xce9b, 0xce9b, 0xce9b, 0xce7a, 0xce9b, 0xce9b, 0xce9b, 0xce9b, 0xce9b, 0xce9b, 0xce9b, 0xce9a, 0xce9a, 0xce9b, 0xce9b, 0xce9b, 0xce9b, 0xce9b, 0xce9b, 0xce9b, 0xce9b, 0xce9a, 0xce9a, 0xce9a, 0xce9b, 0xce9b, 0xce9b, 0xce9b, 0xc514, 0xe083, 0xcbaf, 0xce9a, 0xc5d7, 0xcd55, 0xcd55, 0xcd35, 0xcd35, 0xcd76, 0xce39, 0xce7a, 0xce7a, 0xce7a, 0xce39, 0xc535, 0xccf4, 0xccf4, 0xccf4, 0xccd4, 0xcd14, 0xcdf8, 0xce7a, 0xce7a, 0xce7a, 0xe803, 0xc985, 0xcd97, 0xce7a, 0xce7a, 0xc65a, 0xce9b, 0xce9b, 0xce9b, 0xce9b, 0xce9b, 0xce9b, 0xce9b, 0xce9b, 0xce9b, 0xce9b, 0xce9b, 0xce9b, 0xce9b, 0xce9b, 0xce9b, 0xce9b, 0xce9b, 0xce9b, 0xce9b, 0xce9b, 0xce9b, 0xce9b, 0xce9b, 0xce9b, 0xce9b, 0xce9b, 0xce9b, 0xce9b, 0xce9b, 0xce9b, 0xce9b, 0xce9b, 0xce9b, 0xce9b, 0xce9b, 0xce9b, 0xce9b, 0xce9b, 0xce9b, 0xce9b, 0xce9b, 0xce9b, 0xce9b, 0xce9b, 0xce9b, 0xce9b, 0xce9b, 0xce9b, 0xce9b, 0xce9b, 0xce9b, 0xc65a, 0xc65a, 0xc65a, 0xc65a, 0xc65a, 0xc65a, 0xc65a, 0xc65a, 0xc65a, 0xc65a, 0xc65a, 0xc65a, 0xc65a, 0xc659, 0xc659, 0xc639, 0xc639, 0xc639, 0xc639, 0xbe39, 0xbe39, 0xbe39, 0xbe39, 0xc639, 0x9d15, 0x39c7, 0x0000, 0x0000, 0x0000, 0x0000, 0x0000, 0x0000, 0x0000, 0x0000, 0x52cb, 0x94b3, 0x8cb2, 0x8471, 0x8430, 0x840f, 0x8410, 0x840f, 0x8410, 0x8430, 0x8430, 0x8c51, 0x9492, 0x8c50, 0x9471, 0x9cb2, 0xbdd6, 0xffff, 0xffff, 
  0xef9d, 0xe71b, 0xf7de, 0xf7be, 0xffde, 0xf7de, 0xf7be, 0xf7bd, 0xef7c, 0xd6da, 0x94d2, 0x7c10, 0x634e, 0x73d0, 0x8432, 0x8c93, 0x8c72, 0x18e3, 0x0000, 0x0841, 0x18e3, 0x2124, 0x2124, 0x2144, 0x2945, 0x424a, 0xa536, 0xc65a, 0xbe5a, 0xc65a, 0xc65a, 0xc65a, 0xc65a, 0xc65a, 0xc65a, 0xc67a, 0xc67a, 0xc67a, 0xc67a, 0xc67a, 0xc67a, 0xc67a, 0xc67a, 0xc67a, 0xc67a, 0xc67a, 0xc67a, 0xc67a, 0xce9a, 0xce9a, 0xce9a, 0xc67a, 0xc67a, 0xc67a, 0xce9a, 0xce9a, 0xce9a, 0xce9a, 0xce9a, 0xce9a, 0xce9a, 0xce9a, 0xce9a, 0xce9a, 0xce9a, 0xce9b, 0xce9a, 0xce9b, 0xce9b, 0xce9b, 0xce9b, 0xce9b, 0xce9b, 0xce9b, 0xce9a, 0xce9a, 0xce9a, 0xce9b, 0xce9a, 0xce9a, 0xce9a, 0xce9b, 0xce9b, 0xce9b, 0xce9b, 0xce9b, 0xce9b, 0xce9b, 0xce9b, 0xce9b, 0xce9b, 0xce9b, 0xce9b, 0xce9b, 0xce9b, 0xce9b, 0xce9b, 0xce9b, 0xce9b, 0xce9b, 0xce9b, 0xce9b, 0xce9a, 0xce7a, 0xce7a, 0xc514, 0xe083, 0xcbaf, 0xce7b, 0xc32c, 0xe803, 0xe803, 0xe803, 0xe803, 0xe803, 0xc185, 0xcbcf, 0xce5a, 0xce7a, 0xc5d7, 0xc185, 0xe803, 0xe803, 0xe803, 0xe083, 0xd883, 0xc165, 0xcbf0, 0xce7a, 0xce9a, 0xe803, 0xc184, 0xcd97, 0xce7a, 0xce7a, 0xce7a, 0xce9b, 0xce9b, 0xce9b, 0xce9b, 0xce9b, 0xce9b, 0xce9b, 0xce9b, 0xce9b, 0xce9b, 0xce9b, 0xce9b, 0xce9b, 0xce9b, 0xce9b, 0xce9b, 0xce9b, 0xce9b, 0xce9b, 0xce9b, 0xce9b, 0xce9b, 0xce9b, 0xce9b, 0xce9b, 0xce9b, 0xce9b, 0xce9b, 0xce9b, 0xce9b, 0xce9b, 0xce9b, 0xce9b, 0xce9b, 0xce9b, 0xce9b, 0xce9b, 0xce9b, 0xce9b, 0xce9b, 0xce9b, 0xce9b, 0xce9b, 0xce9b, 0xce9b, 0xce9b, 0xce9b, 0xce9b, 0xce9b, 0xce9b, 0xce9b, 0xc65a, 0xc65a, 0xc65a, 0xc65a, 0xc65a, 0xc65a, 0xc65a, 0xc65a, 0xc65a, 0xc65a, 0xc65a, 0xc65a, 0xc65a, 0xc659, 0xc659, 0xc639, 0xc639, 0xc639, 0xc639, 0xbe3a, 0xbe39, 0xbe39, 0xb5d7, 0x5acb, 0x0841, 0x0000, 0x0000, 0x0000, 0x0000, 0x0000, 0x0000, 0x0000, 0x0000, 0x0000, 0x10a3, 0x8451, 0x8cb3, 0x8c92, 0x8451, 0x8430, 0x8410, 0x8410, 0x8410, 0x8410, 0x8410, 0x8430, 0x8c71, 0x9491, 0x8c30, 0x94b2, 0x9cd2, 0xef7d, 0xffff, 
  0xdedb, 0xf7de, 0xf7be, 0xf7de, 0xf7de, 0xffde, 0xf7de, 0xf7bd, 0xe73b, 0xad75, 0x8c92, 0x6b8e, 0x6b8f, 0x7c11, 0x8c72, 0x94b3, 0x52aa, 0x0000, 0x0000, 0x1082, 0x2104, 0x2124, 0x2124, 0x2144, 0x2124, 0x2945, 0x2945, 0x5b0d, 0xb5d8, 0xc67a, 0xc65a, 0xc67a, 0xc67a, 0xc65a, 0xc67a, 0xc67a, 0xc67a, 0xc67a, 0xc67a, 0xc67a, 0xc67a, 0xc67a, 0xc67a, 0xc67a, 0xc67a, 0xc67a, 0xce9a, 0xce9a, 0xce9a, 0xce9a, 0xce9a, 0xc67a, 0xce9a, 0xce9a, 0xce9a, 0xce9a, 0xce9a, 0xce9a, 0xce9a, 0xce9b, 0xce9b, 0xce9b, 0xce9b, 0xce9b, 0xce9b, 0xce9b, 0xce9b, 0xce9b, 0xce9b, 0xce9b, 0xce9b, 0xce9b, 0xce9b, 0xce9b, 0xce9b, 0xce9b, 0xce9a, 0xce9b, 0xce9b, 0xce9b, 0xce9b, 0xce9b, 0xce9a, 0xce9b, 0xce9b, 0xce9b, 0xce9a, 0xce9b, 0xce9b, 0xce9b, 0xce9b, 0xce9b, 0xce9b, 0xce9b, 0xce9b, 0xce9b, 0xce9b, 0xce9b, 0xce9b, 0xce9b, 0xce9b, 0xce9b, 0xce9b, 0xce7a, 0xce7a, 0xc534, 0xe0a3, 0xcbaf, 0xce7b, 0xc32c, 0xe803, 0xe803, 0xca8a, 0xcaab, 0xc185, 0xe803, 0xe803, 0xcbcf, 0xce7a, 0xcdd7, 0xc1a5, 0xe803, 0xc9c6, 0xcb8e, 0xcacb, 0xe0a3, 0xe803, 0xc984, 0xcd76, 0xce9a, 0xe803, 0xc164, 0xcd97, 0xce7b, 0xc67a, 0xc67a, 0xce9b, 0xce9b, 0xce9b, 0xce9b, 0xce9b, 0xce9b, 0xce9b, 0xce9b, 0xce9b, 0xce9b, 0xce9b, 0xce9b, 0xce9b, 0xce9b, 0xce9b, 0xce9b, 0xce9b, 0xce9b, 0xce9b, 0xce9b, 0xce9b, 0xce9b, 0xce9b, 0xce9b, 0xce9b, 0xce9b, 0xce9b, 0xce9b, 0xce9b, 0xce9b, 0xce9b, 0xce9b, 0xce9b, 0xce9b, 0xce9b, 0xce9b, 0xce9b, 0xce9b, 0xce9b, 0xce9b, 0xce9b, 0xce9b, 0xce9b, 0xce9b, 0xce9b, 0xce9b, 0xce9b, 0xce9b, 0xce9b, 0xce9b, 0xce9b, 0xc65a, 0xc65a, 0xc65a, 0xc65a, 0xc65a, 0xc65a, 0xc65a, 0xc65a, 0xc65a, 0xc65a, 0xc65a, 0xc65a, 0xc65a, 0xc659, 0xc659, 0xc659, 0xc659, 0xc639, 0xc639, 0xc639, 0xbe19, 0x7bf0, 0x18c3, 0x0000, 0x0000, 0x0000, 0x0000, 0x0000, 0x0000, 0x0000, 0x0000, 0x0000, 0x0000, 0x0000, 0x0000, 0x4229, 0x8cb3, 0x8cb3, 0x8c92, 0x8c71, 0x8430, 0x842f, 0x83ef, 0x840f, 0x8430, 0x8410, 0x8c50, 0x9492, 0x8c50, 0x9471, 0x9cb2, 0xbdf7, 0xffff, 
  0xe73c, 0xffde, 0xffde, 0xffde, 0xf7de, 0xf7be, 0xf7bd, 0xef9d, 0xd6da, 0x94b2, 0x8431, 0x6b6e, 0x73d0, 0x8452, 0x8c93, 0x8431, 0x10a2, 0x0000, 0x0841, 0x18e3, 0x2104, 0x2124, 0x2144, 0x2124, 0x2124, 0x2124, 0x2945, 0x2945, 0x2986, 0x73f0, 0xbe39, 0xc65a, 0xc65a, 0xc67a, 0xc67a, 0xc67a, 0xc67a, 0xc67a, 0xc67a, 0xc67a, 0xc67a, 0xc67a, 0xc67a, 0xc67a, 0xc67a, 0xc67a, 0xce9a, 0xce9a, 0xce9a, 0xce9a, 0xce9a, 0xce9a, 0xce9a, 0xce9a, 0xce9a, 0xce9b, 0xce9a, 0xce9a, 0xce9a, 0xce9a, 0xce9b, 0xce9b, 0xce9b, 0xce9b, 0xce9b, 0xce9b, 0xce9b, 0xce9b, 0xce9b, 0xce9b, 0xce9b, 0xce9b, 0xce9b, 0xce9b, 0xce9b, 0xce9b, 0xce9b, 0xce9b, 0xce9b, 0xce9b, 0xce9a, 0xce9b, 0xce9b, 0xce9b, 0xce9b, 0xce9b, 0xce9b, 0xce9b, 0xce9b, 0xce9b, 0xce9b, 0xce9b, 0xce9b, 0xce9b, 0xce9b, 0xce9b, 0xce9b, 0xce9b, 0xce9b, 0xce9b, 0xce9b, 0xce9b, 0xce9b, 0xce9b, 0xce9b, 0xc534, 0xe0a3, 0xcbaf, 0xce9b, 0xc32c, 0xe803, 0xe803, 0xcd56, 0xce9a, 0xcdd7, 0xc1e7, 0xe803, 0xc1a5, 0xcdb7, 0xcdd7, 0xc1a5, 0xe803, 0xcaaa, 0xce7a, 0xce9a, 0xc36d, 0xe803, 0xe803, 0xcc92, 0xce9b, 0xe803, 0xc964, 0xcd77, 0xce7a, 0xce7a, 0xce7a, 0xce9b, 0xce9b, 0xce9b, 0xce9b, 0xce9b, 0xce9b, 0xce9b, 0xce9b, 0xce9b, 0xce9b, 0xce9b, 0xce9b, 0xce9b, 0xce9b, 0xce9b, 0xce9b, 0xce9b, 0xce9b, 0xce9b, 0xce9b, 0xce9b, 0xce9b, 0xce9b, 0xce9b, 0xce9b, 0xce9b, 0xce9b, 0xce9b, 0xce9b, 0xce9b, 0xce9b, 0xce9b, 0xce9b, 0xce9b, 0xce9b, 0xce9b, 0xce9b, 0xce9b, 0xce9b, 0xce9b, 0xce9b, 0xce9b, 0xce9b, 0xce9b, 0xce9b, 0xce9b, 0xce9b, 0xce9b, 0xce9b, 0xce9b, 0xce9b, 0xce9b, 0xc65a, 0xc65a, 0xc65a, 0xc65a, 0xc65a, 0xc65a, 0xc65a, 0xc65a, 0xc65a, 0xc65a, 0xc65a, 0xc65a, 0xc65a, 0xc65a, 0xc659, 0xbe39, 0xc639, 0xc65a, 0x9cf4, 0x3186, 0x0000, 0x0000, 0x0000, 0x0000, 0x0000, 0x0000, 0x0000, 0x0000, 0x0000, 0x0000, 0x0000, 0x0000, 0x0000, 0x0000, 0x31c7, 0x8cb3, 0x94b3, 0x94b3, 0x9492, 0x8c50, 0x840f, 0x840f, 0x840f, 0x840f, 0x8410, 0x8c30, 0x9491, 0x9492, 0x8c30, 0x9491, 0x9cd2, 0xf7be, 
  0xffbe, 0xf7de, 0xffff, 0xffde, 0xf7de, 0xf7de, 0xf7de, 0xe73b, 0xb595, 0x8c91, 0x73af, 0x73b0, 0x8411, 0x8c73, 0x94b4, 0x5b0c, 0x0020, 0x0020, 0x10a2, 0x2104, 0x2944, 0x2924, 0x2124, 0x2124, 0x2124, 0x2124, 0x2124, 0x2124, 0x2125, 0x2125, 0x39e8, 0x94d4, 0xc65a, 0xc65a, 0xc65a, 0xc67a, 0xc67a, 0xc67a, 0xc67a, 0xc67a, 0xc67a, 0xc67a, 0xc67a, 0xce9a, 0xce9a, 0xce9a, 0xce9a, 0xce9a, 0xce9a, 0xce9a, 0xce9a, 0xce9a, 0xce9a, 0xce9a, 0xc67a, 0xce9a, 0xce9a, 0xce9b, 0xce9b, 0xce9b, 0xce9b, 0xce9b, 0xce9b, 0xce9b, 0xce9a, 0xce9b, 0xce9b, 0xce9b, 0xce9b, 0xce9b, 0xce9a, 0xce9b, 0xce9b, 0xce9b, 0xce9b, 0xce9b, 0xce9b, 0xce9b, 0xce9b, 0xce9b, 0xce9b, 0xce9b, 0xce9b, 0xce9b, 0xce9b, 0xce9b, 0xce9b, 0xce9b, 0xce9b, 0xce9b, 0xce9b, 0xce9b, 0xce9b, 0xce9b, 0xce9b, 0xce9b, 0xce9b, 0xce9b, 0xce9b, 0xce9b, 0xce9b, 0xce9b, 0xce9b, 0xce9a, 0xce7a, 0xc534, 0xe0a3, 0xcb8f, 0xce7a, 0xc32c, 0xe803, 0xe083, 0xcd56, 0xce7a, 0xce7a, 0xc40f, 0xe803, 0xe803, 0xcc92, 0xcdd7, 0xc1a5, 0xe803, 0xc2aa, 0xce5a, 0xce9a, 0xc38d, 0xe083, 0xe083, 0xccf4, 0xce9a, 0xe803, 0xc964, 0xcd76, 0xce9a, 0xc69a, 0xc65a, 0xce9b, 0xce9b, 0xce9b, 0xce9b, 0xce9b, 0xce9b, 0xce9b, 0xce9b, 0xce9b, 0xce9b, 0xce9b, 0xce9b, 0xce9b, 0xce9b, 0xce9b, 0xce9b, 0xce9b, 0xce9b, 0xce9b, 0xce9b, 0xce9b, 0xce9b, 0xce9b, 0xce9b, 0xce9b, 0xce9b, 0xce9b, 0xce9b, 0xce9b, 0xce9b, 0xce9b, 0xce9b, 0xce9b, 0xce9b, 0xce9b, 0xce9b, 0xce9b, 0xce9b, 0xce9b, 0xce9b, 0xce9b, 0xce9b, 0xce9b, 0xce9b, 0xce9b, 0xce9b, 0xce9b, 0xce9b, 0xce9b, 0xce9b, 0xce9b, 0xce9b, 0xc65a, 0xc65a, 0xc65a, 0xc65a, 0xc65a, 0xc65a, 0xc65a, 0xc65a, 0xc65a, 0xc65a, 0xc659, 0xc639, 0xc65a, 0xc639, 0xc639, 0xc65a, 0xb5b7, 0x528a, 0x0821, 0x0000, 0x0000, 0x0000, 0x0000, 0x0000, 0x0000, 0x0000, 0x0000, 0x0000, 0x0000, 0x0000, 0x0000, 0x0000, 0x18e4, 0x73cf, 0xa535, 0x9cf4, 0x94d3, 0x94b3, 0x94b2, 0x8c71, 0x8410, 0x840f, 0x840f, 0x840f, 0x8410, 0x8430, 0x8c71, 0x94b2, 0x8c30, 0x9471, 0x94b2, 0xce59, 
  0xffde, 0xf7de, 0xffff, 0xffde, 0xf7de, 0xf7de, 0xef9d, 0xd6b9, 0x94b2, 0x8431, 0x6b8e, 0x7bf1, 0x8c52, 0x9493, 0x94d4, 0x94f5, 0x7bf0, 0x2965, 0x2104, 0x2925, 0x2945, 0x2945, 0x2925, 0x2925, 0x2945, 0x2124, 0x2945, 0x2965, 0x2124, 0x1924, 0x2125, 0x2125, 0x4a8b, 0xad76, 0xc67a, 0xc67a, 0xc67a, 0xc67a, 0xc67a, 0xc67a, 0xc67a, 0xc67a, 0xc67a, 0xc67a, 0xc67a, 0xce9a, 0xce9a, 0xce9a, 0xc67a, 0xc67a, 0xce9a, 0xce9a, 0xc67a, 0xc67a, 0xce9a, 0xce9b, 0xce9b, 0xce9b, 0xce9b, 0xce9b, 0xce9b, 0xce9b, 0xce9a, 0xce9b, 0xce9b, 0xce9b, 0xce9b, 0xce9b, 0xce9b, 0xce9b, 0xce9b, 0xce9b, 0xce9b, 0xce9b, 0xce9b, 0xce9b, 0xce9b, 0xce9b, 0xce9b, 0xce9b, 0xce9b, 0xce9b, 0xce9b, 0xce9b, 0xce9b, 0xce9b, 0xce9b, 0xce9b, 0xce9b, 0xce9b, 0xce9b, 0xce9b, 0xce9b, 0xce9b, 0xce9b, 0xce9b, 0xce9b, 0xce9b, 0xce9b, 0xce9b, 0xce9b, 0xce9b, 0xce9b, 0xce9b, 0xce7a, 0xc535, 0xe083, 0xcb6e, 0xce7a, 0xc34c, 0xe803, 0xe803, 0xcd56, 0xce7a, 0xce7a, 0xc4f3, 0xe803, 0xe803, 0xcbaf, 0xcdd7, 0xc1a4, 0xe803, 0xc9c5, 0xcbf0, 0xc34c, 0xd8a3, 0xe803, 0xc30c, 0xce59, 0xce7a, 0xe803, 0xc964, 0xcd76, 0xc67a, 0xc69a, 0xc65a, 0xce9b, 0xce9b, 0xce9b, 0xce9b, 0xce9b, 0xce9b, 0xce9b, 0xce9b, 0xce9b, 0xce9b, 0xce9b, 0xce9b, 0xce9b, 0xce9b, 0xce9b, 0xce9b, 0xce9b, 0xce9b, 0xce9b, 0xce9b, 0xce9b, 0xce9b, 0xce9b, 0xce9b, 0xce9b, 0xce9b, 0xce9b, 0xce9b, 0xce9b, 0xce9b, 0xce9b, 0xce9b, 0xce9b, 0xce9b, 0xce9b, 0xce9b, 0xce9b, 0xce9b, 0xce9b, 0xce9b, 0xce9b, 0xce9b, 0xce9b, 0xce9b, 0xce9b, 0xce9b, 0xce9b, 0xce9b, 0xce9b, 0xce9b, 0xce9b, 0xce9b, 0xce9b, 0xc65a, 0xc65a, 0xc65a, 0xc65a, 0xc65a, 0xc65a, 0xc65a, 0xc65a, 0xc65a, 0xc65a, 0xc65a, 0xc639, 0xc639, 0xbe39, 0x73af, 0x1083, 0x0000, 0x0000, 0x0000, 0x0000, 0x0000, 0x0000, 0x0000, 0x0000, 0x0000, 0x0000, 0x0000, 0x0000, 0x0000, 0x0862, 0x632d, 0xadb7, 0xadb7, 0xa576, 0x9d35, 0x94f4, 0x94d3, 0x94b3, 0x9492, 0x8c71, 0x840f, 0x840f, 0x840f, 0x840f, 0x8430, 0x8c50, 0x9492, 0x9471, 0x8c30, 0x94b2, 0x9cf3, 
  0xf7de, 0xfffe, 0xffde, 0xf7de, 0xf7be, 0xf7bd, 0xe73b, 0xb5b5, 0x8c91, 0x73af, 0x73af, 0x8432, 0x8c73, 0x94b4, 0x94f4, 0x9d15, 0xa556, 0xad97, 0x7c10, 0x31a7, 0x2945, 0x2945, 0x2945, 0x2144, 0x2124, 0x2124, 0x2124, 0x2124, 0x2124, 0x2104, 0x2124, 0x2104, 0x2105, 0x2125, 0x634e, 0xbe19, 0xc67a, 0xc67a, 0xc67a, 0xc67a, 0xc67a, 0xc67a, 0xc67a, 0xc67a, 0xce9a, 0xce9a, 0xce9a, 0xce9a, 0xce9a, 0xc67a, 0xc67a, 0xce9a, 0xce9a, 0xce9a, 0xce9b, 0xce9a, 0xce9a, 0xce9a, 0xce9b, 0xce9b, 0xce9b, 0xce9b, 0xce9b, 0xce9b, 0xce9b, 0xce9b, 0xce9b, 0xce9b, 0xce9b, 0xce9b, 0xce9b, 0xce9b, 0xce9b, 0xce9b, 0xce9b, 0xce9b, 0xce9b, 0xce9b, 0xce9b, 0xce9b, 0xce9b, 0xce9b, 0xce9b, 0xce9b, 0xce9b, 0xce9b, 0xce9b, 0xce9b, 0xce9b, 0xce9b, 0xce9b, 0xce9b, 0xce9b, 0xce9b, 0xce9b, 0xce9b, 0xce9b, 0xce9b, 0xce9b, 0xce9b, 0xce9b, 0xce9b, 0xce9a, 0xce9a, 0xc67a, 0xc534, 0xe803, 0xcb6e, 0xce7a, 0xbb2c, 0xe803, 0xe803, 0xcd35, 0xce7a, 0xce7b, 0xc535, 0xe803, 0xe803, 0xcb4d, 0xcdb7, 0xc184, 0xe803, 0xe803, 0xe803, 0xe803, 0xe803, 0xca69, 0xd5f8, 0xc67a, 0xce9a, 0xe803, 0xc944, 0xcd56, 0xce7a, 0xce7a, 0xce9b, 0xce9b, 0xce9b, 0xce9b, 0xce9b, 0xce9b, 0xce9b, 0xce9b, 0xce9b, 0xce9b, 0xce9b, 0xce9b, 0xce9b, 0xce9b, 0xce9b, 0xce9b, 0xce9b, 0xce9b, 0xce9b, 0xce9b, 0xce9b, 0xce9b, 0xce9b, 0xce9b, 0xce9b, 0xce9b, 0xce9b, 0xce9b, 0xce9b, 0xce9b, 0xce9b, 0xce9b, 0xce9b, 0xce9b, 0xce9b, 0xce9b, 0xce9b, 0xce9b, 0xce9b, 0xce9b, 0xce9b, 0xce9b, 0xce9b, 0xce9b, 0xce9b, 0xce9b, 0xce9b, 0xce9b, 0xce9b, 0xce9b, 0xce9b, 0xce9b, 0xce9b, 0xce9b, 0xc65a, 0xc65a, 0xc65a, 0xc65a, 0xc65a, 0xc65a, 0xc65a, 0xc65a, 0xc65a, 0xc65a, 0xc65a, 0xc65a, 0x94d3, 0x2945, 0x0000, 0x0000, 0x0000, 0x0000, 0x0000, 0x0000, 0x0000, 0x0000, 0x0000, 0x0000, 0x0000, 0x0000, 0x0000, 0x0021, 0x4229, 0xad56, 0xbe19, 0xb5f8, 0xb5d8, 0xad97, 0xa556, 0x9cf5, 0x94d3, 0x94b3, 0x94b3, 0x8c92, 0x842f, 0x8c30, 0x840f, 0x8410, 0x8430, 0x8c30, 0x9471, 0x9471, 0x8c30, 0x9471, 0x9491, 
  0xf7de, 0xffde, 0xffde, 0xffde, 0xf7de, 0xf7bd, 0xd6b9, 0x94d2, 0x8451, 0x6b8e, 0x7bf1, 0x8c52, 0x9493, 0x94d4, 0x9cf5, 0xa535, 0xad77, 0xb5d8, 0xbe19, 0xb5d7, 0x6b6e, 0x2965, 0x2945, 0x2965, 0x2144, 0x2124, 0x2104, 0x1904, 0x2104, 0x2104, 0x2104, 0x2104, 0x2104, 0x2104, 0x2104, 0x2104, 0x2104, 0xc65a, 0xc67a, 0xc67a, 0xc67a, 0xc67a, 0xc67a, 0xc67a, 0xce9a, 0xce9a, 0xce9a, 0xce9a, 0xce9a, 0xce9a, 0xc67a, 0xc67a, 0xce9a, 0xce9b, 0xce9b, 0xce9b, 0xce9b, 0xce9b, 0xce9b, 0xce9b, 0xce9a, 0xce9a, 0xce9b, 0xce9b, 0xce9a, 0xce9b, 0xce9a, 0xce9a, 0xce9b, 0xce9b, 0xce9b, 0xce9b, 0xce9b, 0xce9b, 0xce9b, 0xce9b, 0xce9b, 0xce9b, 0xce9b, 0xce9b, 0xce9b, 0xce9b, 0xce9b, 0xce9b, 0xce9b, 0xce9b, 0xce9b, 0xce9b, 0xce9b, 0xce9b, 0xce9b, 0xce9b, 0xce9b, 0xce9b, 0xce9b, 0xce9b, 0xce9b, 0xce9b, 0xce9b, 0xce9b, 0xce9b, 0xce9b, 0xce9b, 0xce9a, 0xce9a, 0xc535, 0xe803, 0xcb2d, 0xce9b, 0xc34d, 0xe803, 0xe803, 0xcd35, 0xce7a, 0xce7a, 0xc535, 0xe803, 0xe803, 0xcb4d, 0xcdd7, 0xc184, 0xe803, 0xe083, 0xc208, 0xc1e7, 0xe083, 0xe803, 0xc1a6, 0xcd56, 0xce9a, 0xe803, 0xc943, 0xcd56, 0xce7b, 0xce7a, 0xce9b, 0xce9b, 0xce9b, 0xce9b, 0xce9b, 0xce9b, 0xce9b, 0xce9b, 0xce9b, 0xce9b, 0xce9b, 0xce9b, 0xce9b, 0xce9b, 0xce9b, 0xce9b, 0xce9b, 0xce9b, 0xce9b, 0xce9b, 0xce9b, 0xce9b, 0xce9b, 0xce9b, 0xce9b, 0xce9b, 0xce9b, 0xce9b, 0xce9b, 0xce9b, 0xce9b, 0xce9b, 0xce9b, 0xce9b, 0xce9b, 0xce9b, 0xce9b, 0xce9b, 0xce9b, 0xce9b, 0xce9b, 0xce9b, 0xce9b, 0xce9b, 0xce9b, 0xce9b, 0xce9b, 0xce9b, 0xce9b, 0xce9b, 0xce9b, 0xce9b, 0xce9b, 0xce9b, 0xce9b, 0xc65a, 0xc65a, 0xc65a, 0xc65a, 0xc65a, 0xc65a, 0xc65a, 0xc65a, 0xc65a, 0xb5b7, 0x4a49, 0x0021, 0x0000, 0x0000, 0x0000, 0x0000, 0x0000, 0x0000, 0x0000, 0x0000, 0x0000, 0x0000, 0x0000, 0x0000, 0x0000, 0x2125, 0x8c93, 0xbe39, 0xc619, 0xc619, 0xbe19, 0xbdf8, 0xb5b7, 0xad76, 0x9d35, 0x94f4, 0x94d3, 0x8cd3, 0x8cb2, 0x8c50, 0x840f, 0x840f, 0x8c30, 0x8c10, 0x8c30, 0x8c50, 0x8c50, 0x8c51, 0x8c50, 0x94b1, 
  0xffde, 0xf7de, 0xf7de, 0xffde, 0xf7be, 0xef5c, 0xb5b5, 0x8c71, 0x73cf, 0x73d0, 0x8432, 0x8c93, 0x94b4, 0x94f4, 0x9d15, 0xa556, 0xb5b7, 0xb5f8, 0xbe39, 0xbe39, 0xc659, 0xa576, 0x52aa, 0x2945, 0x2945, 0x2124, 0x2124, 0x2104, 0x2104, 0x2104, 0x1904, 0x2104, 0x1904, 0x2104, 0x2104, 0x2104, 0x2104, 0x39c8, 0x9cf5, 0xce7b, 0xc67a, 0xc67a, 0xc67a, 0xce9a, 0xce9a, 0xce9a, 0xce9a, 0xce9a, 0xce9a, 0xce9a, 0xce9a, 0xce9a, 0xce9b, 0xce9b, 0xce9b, 0xce9b, 0xce9a, 0xce9a, 0xce9a, 0xce9a, 0xce9b, 0xce9b, 0xce9b, 0xce9b, 0xce9b, 0xce9b, 0xce9b, 0xce9b, 0xce9a, 0xce9b, 0xce9b, 0xce9b, 0xce9b, 0xce9b, 0xce9b, 0xce9b, 0xce9b, 0xce9b, 0xce9b, 0xce9b, 0xce9b, 0xce9b, 0xce9b, 0xce9b, 0xce9b, 0xce9b, 0xce9b, 0xce9b, 0xce9b, 0xce9b, 0xce9b, 0xce9b, 0xce9b, 0xce9b, 0xce9b, 0xce9b, 0xce9b, 0xce9b, 0xce9b, 0xce9b, 0xce9b, 0xce9a, 0xce9a, 0xce9a, 0xce9a, 0xc555, 0xe803, 0xcb2c, 0xce9a, 0xc34c, 0xe803, 0xe803, 0xcd15, 0xce7a, 0xce7a, 0xc4d2, 0xe803, 0xe803, 0xcbcf, 0xcdd7, 0xc184, 0xe803, 0xca48, 0xce7a, 0xce9a, 0xc492, 0xe803, 0xe803, 0xc2aa, 0xce7a, 0xe803, 0xc923, 0xcd56, 0xce7a, 0xce9b, 0xce9b, 0xce9b, 0xce9b, 0xce9b, 0xce9b, 0xce9b, 0xce9b, 0xce9b, 0xce9b, 0xce9b, 0xce9b, 0xce9b, 0xce9b, 0xce9b, 0xce9b, 0xce9b, 0xce9b, 0xce9b, 0xce9b, 0xce9b, 0xce9b, 0xce9b, 0xce9b, 0xce9b, 0xce9b, 0xce9b, 0xce9b, 0xce9b, 0xce9b, 0xce9b, 0xce9b, 0xce9b, 0xce9b, 0xce9b, 0xce9b, 0xce9b, 0xce9b, 0xce9b, 0xce9b, 0xce9b, 0xce9b, 0xce9b, 0xce9b, 0xce9b, 0xce9b, 0xce9b, 0xce9b, 0xce9b, 0xce9b, 0xce9b, 0xce9b, 0xce9b, 0xce9b, 0xce9b, 0xce9b, 0xc65a, 0xc65a, 0xc65a, 0xc65a, 0xc65a, 0xc65a, 0xc65a, 0xbe19, 0x6b6e, 0x1062, 0x0000, 0x0000, 0x0000, 0x0000, 0x0000, 0x0000, 0x0000, 0x0000, 0x0000, 0x0000, 0x0000, 0x0000, 0x0000, 0x1082, 0x738f, 0xbe19, 0xbe39, 0xbe39, 0xbe39, 0xbe39, 0xbe19, 0xbdf8, 0xb5d8, 0xad97, 0xa556, 0x9d14, 0x94d3, 0x8cb3, 0x94b3, 0x9491, 0x8c30, 0x8c30, 0x8c0f, 0x8c30, 0x8c30, 0x8c30, 0x8c50, 0x8c50, 0x8c30, 0x9491, 
  0xffff, 0xf7de, 0xf7be, 0xf7be, 0xf7dd, 0xdeda, 0x94b2, 0x8451, 0x6b8f, 0x7bf1, 0x8472, 0x8cb3, 0x94d4, 0x94f4, 0x9d35, 0xad77, 0xb5d8, 0xbe19, 0xbe39, 0xbe39, 0xbe39, 0xbe39, 0xc65a, 0x94d3, 0x39e8, 0x2124, 0x2124, 0x2104, 0x2104, 0x1904, 0x1904, 0x1904, 0x2104, 0x3186, 0x2104, 0x2104, 0x2104, 0x2104, 0x18e5, 0x52ac, 0xb5d8, 0xce7a, 0xc67a, 0xce9a, 0xce9a, 0xce9a, 0xce9a, 0xce9a, 0xc67a, 0xc67a, 0xc67a, 0xce9a, 0xce9a, 0xce9a, 0xce9b, 0xce9b, 0xce9b, 0xce9b, 0xce9b, 0xce9b, 0xce9b, 0xce9a, 0xce9b, 0xce9b, 0xce9b, 0xce9a, 0xce9b, 0xce9b, 0xce9b, 0xce9b, 0xce9b, 0xce9b, 0xce9b, 0xce9b, 0xce9b, 0xce9b, 0xce9b, 0xce9b, 0xce9b, 0xce9b, 0xce9a, 0xce9a, 0xce9b, 0xce9b, 0xce9b, 0xce9b, 0xce9b, 0xce9b, 0xce9b, 0xce9b, 0xce9b, 0xce9b, 0xce9b, 0xce9b, 0xce9b, 0xce9b, 0xce9b, 0xce9b, 0xce9b, 0xce9b, 0xce9b, 0xce9b, 0xce9b, 0xce9a, 0xc67a, 0xc555, 0xe803, 0xcb2d, 0xce9a, 0xc36d, 0xe803, 0xe803, 0xccf4, 0xce7a, 0xce7a, 0xc36d, 0xe803, 0xe803, 0xccb3, 0xcdd8, 0xc185, 0xe803, 0xca48, 0xce59, 0xce7a, 0xcd76, 0xe083, 0xe803, 0xca07, 0xce39, 0xe803, 0xc944, 0xcd55, 0xce7a, 0xce9b, 0xce9b, 0xce9b, 0xce9b, 0xce9b, 0xce9b, 0xce9b, 0xce9b, 0xce9b, 0xce9b, 0xce9b, 0xce9b, 0xce9b, 0xce9b, 0xce9b, 0xce9b, 0xce9b, 0xce9b, 0xce9b, 0xce9b, 0xce9b, 0xce9b, 0xce9b, 0xce9b, 0xce9b, 0xce9b, 0xce9b, 0xce9b, 0xce9b, 0xce9b, 0xce9b, 0xce9b, 0xce9b, 0xce9b, 0xce9b, 0xce9b, 0xce9b, 0xce9b, 0xce9b, 0xce9b, 0xce9b, 0xce9b, 0xce9b, 0xce9b, 0xce9b, 0xce9b, 0xce9b, 0xce9b, 0xce9b, 0xce9b, 0xce9b, 0xce9b, 0xce9b, 0xce9b, 0xce9b, 0xce9b, 0xce9b, 0xce9b, 0xc65a, 0xc65a, 0xc65a, 0xc65a, 0xc65a, 0x6b4e, 0x0000, 0x0000, 0x0000, 0x0000, 0x0000, 0x0000, 0x0000, 0x0000, 0x0000, 0x0000, 0x0000, 0x0000, 0x0000, 0x0821, 0x4a6a, 0xb5b7, 0xc639, 0xc639, 0xc639, 0xbe39, 0xbe39, 0xbe19, 0xbe19, 0xbe19, 0xb5f8, 0xb5b8, 0xa556, 0x6b8e, 0x8472, 0x94d3, 0x94d3, 0x94b2, 0x9491, 0x8c50, 0x8c30, 0x8c30, 0x8c30, 0x8c30, 0x8c50, 0x9471, 0x8c30, 0x9471, 
  0xf7de, 0xf7be, 0xf7de, 0xf7be, 0xef7c, 0xbe17, 0x8c71, 0x73cf, 0x73d0, 0x8432, 0x8c93, 0x94b4, 0x8432, 0x94b3, 0xa556, 0xad97, 0xb5f8, 0xbe19, 0xbe39, 0xbe39, 0xbe39, 0xc659, 0xc65a, 0xc65a, 0xc639, 0x7bf0, 0x2986, 0x2124, 0x2124, 0x2104, 0x1904, 0x1904, 0x1904, 0x2104, 0x2104, 0x2104, 0x2104, 0x2104, 0x2104, 0x2104, 0x5b0d, 0xce7a, 0xc67a, 0xc67a, 0xce9a, 0xce9a, 0xce9b, 0xce9b, 0xce9a, 0xce9a, 0xc67a, 0xce9a, 0xce9a, 0xce9a, 0xce9b, 0xce9b, 0xce9b, 0xce9b, 0xce9b, 0xce9a, 0xce9b, 0xce9b, 0xce9b, 0xce9b, 0xce9b, 0xce9a, 0xce9b, 0xce9b, 0xce9b, 0xce9b, 0xce9b, 0xce9b, 0xce9b, 0xce9b, 0xce9b, 0xce9b, 0xce9b, 0xce9b, 0xce9b, 0xce9b, 0xce9b, 0xce9a, 0xce9a, 0xce9b, 0xce9b, 0xce9b, 0xce9b, 0xce9b, 0xce9b, 0xce9b, 0xce9b, 0xce9b, 0xce9b, 0xce9b, 0xce9b, 0xce9b, 0xce9b, 0xce9b, 0xce9b, 0xce9b, 0xce9b, 0xce9a, 0xce9a, 0xce7a, 0xce7a, 0xc555, 0xe803, 0xcb0c, 0xce7a, 0xc36d, 0xe803, 0xe803, 0xd4d3, 0xce59, 0xc4d3, 0xe803, 0xe803, 0xc9c6, 0xcdf8, 0xcdd8, 0xc185, 0xe803, 0xc207, 0xcdf8, 0xcdf8, 0xc34c, 0xe803, 0xe803, 0xcacb, 0xce7a, 0xe803, 0xc943, 0xcd76, 0xce9b, 0xce9b, 0xce9b, 0xce9b, 0xce9b, 0xce9b, 0xce9b, 0xce9b, 0xce9b, 0xce9b, 0xce9b, 0xce9b, 0xce9b, 0xce9b, 0xce9b, 0xce9b, 0xce9b, 0xce9b, 0xce9b, 0xce9b, 0xce9b, 0xce9b, 0xce9b, 0xce9b, 0xce9b, 0xce9b, 0xce9b, 0xce9b, 0xce9b, 0xce9b, 0xce9b, 0xce9b, 0xce9b, 0xce9b, 0xce9b, 0xce9b, 0xce9b, 0xce9b, 0xce9b, 0xce9b, 0xce9b, 0xce9b, 0xce9b, 0xce9b, 0xce9b, 0xce9b, 0xce9b, 0xce9b, 0xce9b, 0xce9b, 0xce9b, 0xce9b, 0xce9b, 0xce9b, 0xce9b, 0xce9b, 0xce9b, 0xce9b, 0xce9b, 0xce9b, 0xc65a, 0xc65a, 0xc65a, 0xc65a, 0xb5d8, 0x18a3, 0x0000, 0x0000, 0x0000, 0x0000, 0x0000, 0x0000, 0x0000, 0x0000, 0x0000, 0x0000, 0x0000, 0x3186, 0x9cf4, 0xc65a, 0xc639, 0xc639, 0xc639, 0xc639, 0xbe39, 0xbe19, 0xbe19, 0xbe19, 0xbe19, 0xb5b7, 0x634e, 0x18c3, 0x0000, 0x4a6a, 0x94d3, 0x94b3, 0x94d3, 0x9cd2, 0x9470, 0x9450, 0x9450, 0x9450, 0x8c30, 0x8c30, 0x8c50, 0x8c50, 0x8c30, 
  0xf7de, 0xf7de, 0xf7de, 0xf7bd, 0xdf1b, 0x9d13, 0x8c71, 0x73af, 0x7bf1, 0x8452, 0x8c93, 0x94b3, 0x2945, 0x0861, 0x4a6a, 0x9d15, 0xbe19, 0xbe19, 0xbe39, 0xbe39, 0xc659, 0xc65a, 0xc65a, 0xc65a, 0xc65a, 0xc65a, 0xb5d7, 0x632d, 0x2145, 0x2124, 0x2104, 0x18e3, 0x18e4, 0x2104, 0x2104, 0x2104, 0x2104, 0x2104, 0x2104, 0x2104, 0xb5b7, 0xc67a, 0xce9a, 0xc67a, 0xc67a, 0xce9a, 0xce9a, 0xce9a, 0xce9b, 0xce9b, 0xc67a, 0xce9a, 0xce9a, 0xce9a, 0xce9a, 0xce7a, 0xce7a, 0xce9b, 0xce9b, 0xce9b, 0xce9b, 0xce9b, 0xce9b, 0xce9b, 0xce9b, 0xce9b, 0xce9b, 0xce9b, 0xce9b, 0xce9b, 0xce9b, 0xce9b, 0xce9b, 0xce9b, 0xce9b, 0xce9b, 0xce9b, 0xce9b, 0xce9b, 0xce9b, 0xce9b, 0xce9b, 0xce9b, 0xce9a, 0xce9b, 0xce9b, 0xce9b, 0xce9b, 0xce9b, 0xce9b, 0xce9b, 0xce9b, 0xce9b, 0xce9b, 0xce9b, 0xce9b, 0xce9b, 0xce9b, 0xce9b, 0xce9b, 0xce9b, 0xce9a, 0xce9a, 0xce7a, 0xce7a, 0xc576, 0xe803, 0xc2ec, 0xce9a, 0xc38d, 0xe803, 0xe803, 0xe803, 0xd8a3, 0xe803, 0xe803, 0xe803, 0xcc72, 0xce7a, 0xcdf8, 0xc1a5, 0xe803, 0xe803, 0xd883, 0xe083, 0xe803, 0xe803, 0xc185, 0xcd56, 0xce9a, 0xe803, 0xc943, 0xcd56, 0xce9b, 0xce9b, 0xce9b, 0xce9b, 0xce9b, 0xce9b, 0xce9b, 0xce9b, 0xce9b, 0xce9b, 0xce9b, 0xce9b, 0xce9b, 0xce9b, 0xce9b, 0xce9b, 0xce9b, 0xce9b, 0xce9b, 0xce9b, 0xce9b, 0xce9b, 0xce9b, 0xce9b, 0xce9b, 0xce9b, 0xce9b, 0xce9b, 0xce9b, 0xce9b, 0xce9b, 0xce9b, 0xce9b, 0xce9b, 0xce9b, 0xce9b, 0xce9b, 0xce9b, 0xce9b, 0xce9b, 0xce9b, 0xce9b, 0xce9b, 0xce9b, 0xce9b, 0xce9b, 0xce9b, 0xce9b, 0xce9b, 0xce9b, 0xce9b, 0xce9b, 0xce9b, 0xce9b, 0xce9b, 0xce9b, 0xce9b, 0xce9b, 0xce9b, 0xce9b, 0xce9b, 0xc65a, 0xc65a, 0xc65a, 0xc65a, 0x7bf0, 0x0000, 0x0000, 0x0000, 0x0000, 0x0000, 0x0000, 0x0000, 0x0000, 0x0000, 0x18c3, 0x7bf0, 0xbe39, 0xbe39, 0xbe39, 0xc639, 0xc639, 0xc639, 0xbe39, 0xbe39, 0xbe19, 0xc639, 0xad97, 0x5b0c, 0x10a3, 0x0000, 0x0000, 0x0000, 0x18a3, 0x8c92, 0x94b3, 0x94d3, 0xa4f2, 0x9cb1, 0x9470, 0x9450, 0x9430, 0x8c2f, 0x840f, 0x8c30, 0x8c50, 0x8c30, 
  0xf7de, 0xf7de, 0xf7de, 0xef9d, 0xc658, 0x8c71, 0x7c10, 0x73b0, 0x8412, 0x8c93, 0x94b4, 0x73cf, 0x0020, 0x0000, 0x1062, 0x2105, 0x52ab, 0x9d15, 0xc659, 0xc639, 0xc639, 0xc65a, 0xc65a, 0xc65a, 0xc65a, 0xc65a, 0xc65a, 0xc67a, 0xa556, 0x4a6a, 0x2104, 0x18e4, 0x18e3, 0x2104, 0x2104, 0x2104, 0x2104, 0x2104, 0x2104, 0x2104, 0xce9b, 0xce9b, 0xce9b, 0xce9b, 0xce9b, 0xce9b, 0xce9b, 0xce9b, 0xce9b, 0xce9b, 0xce9b, 0xce9b, 0xce9b, 0xce9b, 0xce9b, 0xce9b, 0xce9b, 0xce9b, 0xce9b, 0xce9b, 0xce9b, 0xce9b, 0xce9b, 0xce9b, 0xce9b, 0xce9b, 0xce9b, 0xce9b, 0xce9b, 0xce9b, 0xce9b, 0xce9b, 0xce9b, 0xce9b, 0xce9b, 0xce9b, 0xce9b, 0xce9b, 0xce9b, 0xce9b, 0xce9b, 0xce9b, 0xce9b, 0xce9b, 0xce9a, 0xce9b, 0xce9b, 0xce9b, 0xce9b, 0xce9b, 0xce9b, 0xce9b, 0xce9b, 0xce9b, 0xce9b, 0xce9b, 0xce9b, 0xce9b, 0xce9b, 0xce9b, 0xce9b, 0xce9b, 0xce9a, 0xce9a, 0xce7a, 0xc576, 0xe803, 0xcaeb, 0xce9a, 0xc3ae, 0xe803, 0xe803, 0xd883, 0xe083, 0xc186, 0xc28a, 0xcd15, 0xce7a, 0xce7a, 0xce18, 0xba28, 0xc185, 0xc185, 0xc185, 0xc185, 0xc1c7, 0xc32d, 0xcd97, 0xce9a, 0xce9a, 0xe803, 0xc943, 0xcd56, 0xce9b, 0xce9b, 0xce9b, 0xce9b, 0xce9b, 0xce9b, 0xce9b, 0xce9b, 0xce9b, 0xce9b, 0xce9b, 0xce9b, 0xce9b, 0xce9b, 0xce9b, 0xce9b, 0xce9b, 0xce9b, 0xce9b, 0xce9b, 0xce9b, 0xce9b, 0xce9b, 0xce9b, 0xce9b, 0xce9b, 0xce9b, 0xce9b, 0xce9b, 0xce9b, 0xce9b, 0xce9b, 0xce9b, 0xce9b, 0xce9b, 0xce9b, 0xce9b, 0xce9b, 0xce9b, 0xce9b, 0xce9b, 0xce9b, 0xce9b, 0xce9b, 0xce9b, 0xce9b, 0xce9b, 0xce9b, 0xce9b, 0xce9b, 0xce9b, 0xce9b, 0xce9b, 0xce9b, 0xce9b, 0xce9b, 0xce9b, 0xce9b, 0xce9b, 0xce9b, 0xce9b, 0xce9b, 0xc65a, 0xc65a, 0xc65a, 0xbe39, 0x2966, 0x0000, 0x0000, 0x0000, 0x0000, 0x0000, 0x0000, 0x0841, 0x5aec, 0xbdd8, 0xc639, 0xbe39, 0xbe3a, 0xbe39, 0xc639, 0xc639, 0xc639, 0xbe39, 0xbe39, 0xad77, 0x4a8b, 0x0862, 0x0000, 0x0000, 0x0000, 0x0000, 0x0000, 0x0862, 0x73d0, 0x94d3, 0x94d3, 0x9cf3, 0xa512, 0x9470, 0x9450, 0x9450, 0x8c30, 0x840f, 0x8c30, 0x8c50, 0x8c50, 
  0xf7de, 0xf7de, 0xf7bd, 0xe73b, 0xa554, 0x8c91, 0x73cf, 0x7bf1, 0x8452, 0x94b3, 0x94d4, 0x4a49, 0x0000, 0x0020, 0x18a3, 0x2124, 0x2966, 0x3166, 0x4a4a, 0x94b3, 0xc63a, 0xc65a, 0xc65a, 0xc65a, 0xc65a, 0xc65a, 0xc65a, 0xc65a, 0xc65a, 0xc65a, 0x94b3, 0x31a7, 0x2104, 0x1904, 0x2104, 0x2104, 0x2104, 0x2104, 0x2104, 0xce9b, 0xce9b, 0xce7b, 0xce9a, 0xce9a, 0xce9a, 0xce9a, 0xce9a, 0xce9a, 0xce9a, 0xce9a, 0xce9b, 0xce9b, 0xce9b, 0xce9b, 0xce9b, 0xce9b, 0xce9b, 0xce9b, 0xce9b, 0xce9b, 0xce9b, 0xce9b, 0xce9a, 0xce9a, 0xce9b, 0xce9b, 0xce9b, 0xce9b, 0xce9b, 0xce9b, 0xce9b, 0xce9b, 0xce9b, 0xce9b, 0xce9b, 0xce9b, 0xce9b, 0xce9b, 0xce9b, 0xce9b, 0xce9b, 0xce9b, 0xce9b, 0xce9b, 0xce9a, 0xce9b, 0xce9b, 0xce9b, 0xce9b, 0xce9b, 0xce9b, 0xce9b, 0xce9b, 0xce9b, 0xce9b, 0xce9b, 0xce9b, 0xce9b, 0xce9b, 0xce9b, 0xce9b, 0xce9b, 0xce9b, 0xce7a, 0xce7a, 0xcd96, 0xe803, 0xc2cb, 0xd69b, 0xce7a, 0xd67a, 0xd67a, 0xd67a, 0xd67a, 0xd69a, 0xcebb, 0xce9b, 0xce9b, 0xce9a, 0xce9a, 0xd69a, 0xd69b, 0xd69b, 0xd69b, 0xce9b, 0xd69b, 0xce9b, 0xce9b, 0xce9b, 0xce9b, 0xe803, 0xc943, 0xcd56, 0xce9b, 0xce9b, 0xce9b, 0xce9b, 0xce9b, 0xce9b, 0xce9b, 0xce9b, 0xce9b, 0xce9b, 0xce9b, 0xce9b, 0xce9b, 0xce9b, 0xce9b, 0xce9b, 0xce9b, 0xce9b, 0xce9b, 0xce9b, 0xce9b, 0xce9b, 0xce9b, 0xce9b, 0xce9b, 0xce9b, 0xce9b, 0xce9b, 0xce9b, 0xce9b, 0xce9b, 0xce9b, 0xce9b, 0xce9b, 0xce9b, 0xce9b, 0xce9b, 0xce9b, 0xce9b, 0xce9b, 0xce9b, 0xce9b, 0xce9b, 0xce9b, 0xce9b, 0xce9b, 0xce9b, 0xce9b, 0xce9b, 0xce9b, 0xce9b, 0xce9b, 0xce9b, 0xce9b, 0xce9b, 0xce9b, 0xce9b, 0xce9b, 0xce9b, 0xce9b, 0xce9b, 0xce9b, 0xce9b, 0xc65a, 0xc65a, 0xc65a, 0x94d4, 0x0821, 0x0000, 0x0000, 0x0000, 0x0020, 0x39e8, 0xa556, 0xc65a, 0xc639, 0xbe59, 0xc659, 0xbe39, 0xbe39, 0xbe39, 0xbe39, 0xbe39, 0xbe3a, 0xbe39, 0x9d15, 0x1082, 0x0000, 0x0000, 0x0000, 0x0000, 0x18c4, 0x632d, 0x9d15, 0xa535, 0x94f4, 0x94b3, 0x94d3, 0xa513, 0x9cb1, 0x9471, 0x9450, 0x8c50, 0x8c0f, 0x8410, 0x8c30, 0x8c50, 
  0xf7de, 0xf7be, 0xef9d, 0xdeda, 0x8c91, 0x8431, 0x73af, 0x8431, 0x8c73, 0x94b4, 0x94d4, 0x94f4, 0x73af, 0x3186, 0x18c3, 0x2144, 0x2965, 0x2985, 0x2986, 0x52ac, 0xc63a, 0xc65a, 0xc65a, 0xc65a, 0xc65a, 0xc65a, 0xc65a, 0xc67a, 0xc67a, 0xc67a, 0xc67a, 0xc639, 0x73cf, 0x2145, 0x2104, 0x18e4, 0x2104, 0x2104, 0x2104, 0xce9b, 0xce9b, 0xce9b, 0xce9b, 0xce9b, 0xce9b, 0xce9b, 0xce9a, 0xce9a, 0xce9a, 0xce9a, 0xce9a, 0xce9b, 0xce9b, 0xce7a, 0xce9b, 0xce9b, 0xce7a, 0xce7a, 0xce7a, 0xce9a, 0xce9b, 0xce9b, 0xce9b, 0xce9b, 0xce9b, 0xce9b, 0xce9b, 0xce9b, 0xce9b, 0xce9b, 0xce9b, 0xce9b, 0xce9a, 0xce9b, 0xce9b, 0xce9b, 0xce9b, 0xce9b, 0xce9b, 0xce9b, 0xce9b, 0xce9b, 0xce9b, 0xce9b, 0xce9b, 0xce9b, 0xce9b, 0xce9b, 0xce9b, 0xce9b, 0xce9b, 0xce9b, 0xce9b, 0xce9b, 0xce9b, 0xce9b, 0xce9b, 0xce9b, 0xce9b, 0xce9b, 0xce9b, 0xce9b, 0xce9b, 0xce9b, 0xce9b, 0xce9b, 0xc1c5, 0xc964, 0xe803, 0xe803, 0xe803, 0xe803, 0xe803, 0xe803, 0xe803, 0xe803, 0xe803, 0xe803, 0xe803, 0xe803, 0xe803, 0xe803, 0xe803, 0xe803, 0xe803, 0xe803, 0xe803, 0xe803, 0xe803, 0xe803, 0xc943, 0xc1c6, 0xcdf9, 0xce9b, 0xce9b, 0xce9b, 0xce9b, 0xce9b, 0xce9b, 0xce9b, 0xce9b, 0xce9b, 0xce9b, 0xce9b, 0xce9b, 0xce9b, 0xce9b, 0xce9b, 0xce9b, 0xce9b, 0xce9b, 0xce9b, 0xce9b, 0xce9b, 0xce9b, 0xce9b, 0xce9b, 0xce9b, 0xce9b, 0xce9b, 0xce9b, 0xce9b, 0xce9b, 0xce9b, 0xce9b, 0xce9b, 0xce9b, 0xce9b, 0xce9b, 0xce9b, 0xce9b, 0xce9b, 0xce9b, 0xce9b, 0xce9b, 0xce9b, 0xce9b, 0xce9b, 0xce9b, 0xce9b, 0xce9b, 0xce9b, 0xce9b, 0xce9b, 0xce9b, 0xce9b, 0xce9b, 0xce9b, 0xce9b, 0xce9b, 0xce9b, 0xce9b, 0xce9b, 0xce9b, 0xce9b, 0xce9b, 0xc65a, 0xc65a, 0xc65a, 0xc639, 0x4a4a, 0x0000, 0x0000, 0x2105, 0x8c72, 0xc659, 0xc639, 0xc65a, 0xc65a, 0xbe39, 0xbe39, 0xbe39, 0xc659, 0xc639, 0xc639, 0xbe3a, 0xbe3a, 0xbe39, 0xbe19, 0x4a29, 0x0000, 0x0000, 0x2945, 0x7bf0, 0xb5d8, 0xb5d8, 0xad97, 0xa556, 0x9d14, 0x94d3, 0x94b3, 0xa513, 0xa4f2, 0x9471, 0x9450, 0x8c30, 0x8c30, 0x8c30, 0x8c30, 0x8c30, 
  0xf7bd, 0xf7bd, 0xef7c, 0xbdf7, 0x8c71, 0x7bf0, 0x7bf1, 0x8452, 0x9493, 0x94d4, 0x94f4, 0x9d15, 0xa556, 0xb5b7, 0x9d14, 0x5aec, 0x2966, 0x2966, 0x2986, 0x8cb4, 0xc65a, 0xc65a, 0xc65a, 0xc65a, 0xc65a, 0xc65a, 0xc65a, 0xc67a, 0xc67a, 0xc67a, 0xc67a, 0xc67a, 0xc67a, 0xb5d7, 0x5aec, 0x1905, 0x2104, 0x2104, 0x2104, 0xce7a, 0xce9b, 0xce9b, 0xce9b, 0xce9b, 0xce9b, 0xce9b, 0xce9b, 0xce9b, 0xce9b, 0xce9a, 0xce9a, 0xce9a, 0xce9a, 0xce9b, 0xce9b, 0xce9b, 0xce9b, 0xce9b, 0xce9b, 0xce9b, 0xce9b, 0xce9b, 0xce9b, 0xce9b, 0xce9a, 0xce9b, 0xce9b, 0xce9b, 0xce9b, 0xce9b, 0xce9b, 0xce9b, 0xce9b, 0xce9b, 0xce9b, 0xce9b, 0xce9b, 0xce9b, 0xce9b, 0xce9b, 0xce9b, 0xce9b, 0xce9b, 0xce9b, 0xce9b, 0xce9b, 0xce9b, 0xce9b, 0xce9b, 0xce9b, 0xce9b, 0xce9b, 0xce9b, 0xce9b, 0xce9b, 0xce9b, 0xce9b, 0xce9b, 0xce9b, 0xce9b, 0xce9b, 0xce9b, 0xce9b, 0xce9b, 0xce9b, 0xce9b, 0xc4b2, 0xc164, 0xc8e2, 0xc902, 0xc902, 0xc0e1, 0xc8e1, 0xc902, 0xc902, 0xc902, 0xc902, 0xc902, 0xc902, 0xc8e2, 0xc902, 0xc102, 0xc102, 0xc103, 0xc103, 0xc923, 0xc123, 0xc923, 0xc923, 0xc923, 0xc9a6, 0xccd4, 0xce7a, 0xce9b, 0xce9b, 0xce9b, 0xce9b, 0xce9b, 0xce9b, 0xce9b, 0xce9b, 0xce9b, 0xce9b, 0xce9b, 0xce9b, 0xce9b, 0xce9b, 0xce9b, 0xce9b, 0xce9b, 0xce9b, 0xce9b, 0xce9b, 0xce9b, 0xce9b, 0xce9b, 0xce9b, 0xce9b, 0xce9b, 0xce9b, 0xce9b, 0xce9b, 0xce9b, 0xce9b, 0xce9b, 0xce9b, 0xce9b, 0xce9b, 0xce9b, 0xce9b, 0xce9b, 0xce9b, 0xce9b, 0xce9b, 0xce9b, 0xce9b, 0xce9b, 0xce9b, 0xce9b, 0xce9b, 0xce9b, 0xce9b, 0xce9b, 0xce9b, 0xce9b, 0xce9b, 0xce9b, 0xce9b, 0xce9b, 0xce9b, 0xce9b, 0xce9b, 0xce9b, 0xce9b, 0xce9b, 0xce9b, 0xce9b, 0xc65a, 0xc65a, 0xc65a, 0xad97, 0x18e5, 0x6b6f, 0xbe19, 0xc65a, 0xc65a, 0xc65a, 0xc659, 0xc65a, 0xc659, 0xc659, 0xc659, 0xc639, 0xbe39, 0xbe39, 0xc639, 0xc63a, 0xc639, 0xc639, 0x94b3, 0x4209, 0x94b3, 0xbe39, 0xbe19, 0xbe19, 0xb5f8, 0xb5b8, 0xad76, 0x9d15, 0x94d3, 0x94b3, 0x9cf3, 0xa513, 0x9491, 0x8c50, 0x8c30, 0x8c30, 0x8c30, 0x840f, 0x8430, 
  0xf7bd, 0xf79d, 0xdf1b, 0x9cf3, 0x8c92, 0x73cf, 0x8411, 0x8c73, 0x94b4, 0x94d4, 0x9cf5, 0x9d15, 0xad77, 0xb5d8, 0xb618, 0xc639, 0xb5d7, 0x73af, 0x52ac, 0xbe19, 0xc65a, 0xc65a, 0xc65a, 0xc65a, 0xc65a, 0xc65a, 0xc67a, 0xc67a, 0xc67a, 0xc67a, 0xc67a, 0xc67a, 0xc67a, 0xc67a, 0xc69a, 0xa556, 0x4a4a, 0x9cd4, 0xce7a, 0xce7b, 0xce7b, 0xce7b, 0xce9b, 0xce9b, 0xce9b, 0xce9b, 0xce9b, 0xce9b, 0xce9b, 0xce9b, 0xce9b, 0xce9a, 0xce9b, 0xce9b, 0xce9b, 0xce9b, 0xce9b, 0xce9b, 0xce9b, 0xce9b, 0xce9b, 0xce9b, 0xce9b, 0xce9b, 0xce9b, 0xce9b, 0xce9b, 0xce9b, 0xce9b, 0xce9b, 0xce9b, 0xce9b, 0xce9b, 0xce9b, 0xce9b, 0xce9b, 0xce9b, 0xce9b, 0xce9b, 0xce9b, 0xce9b, 0xce9b, 0xce9b, 0xce9b, 0xce9b, 0xce9b, 0xce9b, 0xce9b, 0xce9b, 0xce9b, 0xce9b, 0xce9b, 0xce9b, 0xce9b, 0xce9b, 0xce9b, 0xce9b, 0xce9b, 0xce9b, 0xce9b, 0xce9b, 0xce9b, 0xce9b, 0xce9b, 0xce9b, 0xce9b, 0xce9b, 0xbe39, 0xbe39, 0xbe39, 0xcd76, 0xcd76, 0xcd76, 0xcd76, 0xcd77, 0xcd97, 0xcd97, 0xcd97, 0xcdb7, 0xcdb7, 0xcdb7, 0xcdd8, 0xcdd8, 0xcdd8, 0xcdd8, 0xcdd8, 0xcdd8, 0xcdd8, 0xcdd8, 0xcdf8, 0xce5a, 0xce9a, 0xc69a, 0xce9b, 0xce9b, 0xce9b, 0xce9b, 0xce9b, 0xce9b, 0xce9b, 0xce9b, 0xce9b, 0xce9b, 0xce9b, 0xce9b, 0xce9b, 0xce9b, 0xce9b, 0xce9b, 0xce9b, 0xce9b, 0xce9b, 0xce9b, 0xce9b, 0xce9b, 0xce9b, 0xce9b, 0xce9b, 0xce9b, 0xce9b, 0xce9b, 0xce9b, 0xce9b, 0xce9b, 0xce9b, 0xce9b, 0xce9b, 0xce9b, 0xce9b, 0xce9b, 0xce9b, 0xce9b, 0xce9b, 0xce9b, 0xce9b, 0xce9b, 0xce9b, 0xce9b, 0xce9b, 0xce9b, 0xce9b, 0xce9b, 0xce9b, 0xce9b, 0xce9b, 0xce9b, 0xce9b, 0xce9b, 0xce9b, 0xce9b, 0xce9b, 0xce9b, 0xce9b, 0xce9b, 0xce9b, 0xce9b, 0xce9b, 0xce9b, 0xc65a, 0xc65a, 0xc65a, 0xbe39, 0xc65a, 0xc65a, 0xc65a, 0xc65a, 0xc65a, 0xc659, 0xc659, 0xbe59, 0xc659, 0xc659, 0xc659, 0xc659, 0xbe39, 0xc63a, 0xc63a, 0xc639, 0xc639, 0xc639, 0xc639, 0xbe19, 0xbe19, 0xbe19, 0xbe19, 0xbdf8, 0xb5d8, 0xad97, 0xa535, 0x9cf4, 0x94b3, 0x94d3, 0xa513, 0x9cb2, 0x8c50, 0x8c30, 0x8c0f, 0x840f, 0x83ef, 0x8c50, 
  0xf7bd, 0xef7c, 0xce78, 0x8c71, 0x8431, 0x7bf0, 0x8452, 0x8c93, 0x94d4, 0x94f4, 0x9cf5, 0xa536, 0xad97, 0xb5f8, 0xbe19, 0xc639, 0xc639, 0xc659, 0xc65a, 0xc63a, 0xc65a, 0xc65a, 0xc65a, 0xc65a, 0xc67a, 0xc67a, 0xc67a, 0xc67a, 0xc67a, 0xc67a, 0xc67a, 0xc67a, 0xc67a, 0xc67a, 0xc67a, 0xc67a, 0xce9b, 0xce7a, 0xce9a, 0xce9b, 0xce9b, 0xce9b, 0xce9b, 0xce9b, 0xce9a, 0xce9a, 0xce9a, 0xce9b, 0xce9b, 0xce9b, 0xce9b, 0xce9b, 0xce9b, 0xce9b, 0xce9b, 0xce9b, 0xce9a, 0xce9a, 0xce9b, 0xce9b, 0xce9b, 0xce9b, 0xce9a, 0xce9b, 0xce9b, 0xce9b, 0xce9b, 0xce9b, 0xce9b, 0xce9b, 0xce9b, 0xce9b, 0xce9b, 0xce9b, 0xce9b, 0xce9b, 0xce9b, 0xce9b, 0xce9b, 0xce9b, 0xce9b, 0xce9b, 0xce9b, 0xce9b, 0xce9b, 0xce9b, 0xce9b, 0xce9b, 0xce9b, 0xce9b, 0xce9b, 0xce9b, 0xce9b, 0xce9b, 0xce9b, 0xce9b, 0xce9b, 0xce9b, 0xce9b, 0xce9b, 0xce9b, 0xce9b, 0xce9b, 0xce9b, 0xce9b, 0xce9b, 0xce9b, 0xce9b, 0xce9b, 0xce9b, 0xce9b, 0xce9b, 0xce9b, 0xce9b, 0xce7a, 0xce7a, 0xce7a, 0xce7a, 0xce7a, 0xce7a, 0xce7a, 0xce7a, 0xce7a, 0xce7a, 0xce7a, 0xce7a, 0xce7a, 0xce7a, 0xce7a, 0xce7a, 0xce9a, 0xce9a, 0xce9a, 0xce9b, 0xce9b, 0xce9b, 0xce9b, 0xce9b, 0xce9b, 0xce9b, 0xce9b, 0xce9b, 0xce9b, 0xce9b, 0xce9b, 0xce9b, 0xce9b, 0xce9b, 0xce9b, 0xce9b, 0xce9b, 0xce9b, 0xce9b, 0xce9b, 0xce9b, 0xce9b, 0xce9b, 0xce9b, 0xce9b, 0xce9b, 0xce9b, 0xce9b, 0xce9b, 0xce9b, 0xce9b, 0xce9b, 0xce9b, 0xce9b, 0xce9b, 0xce9b, 0xce9b, 0xce9b, 0xce9b, 0xce9b, 0xce9b, 0xce9b, 0xce9b, 0xce9b, 0xce9b, 0xce9b, 0xce9b, 0xce9b, 0xce9b, 0xce9b, 0xce9b, 0xce9b, 0xce9b, 0xce9b, 0xce9b, 0xce9b, 0xce9b, 0xce9b, 0xce9b, 0xce9b, 0xce9b, 0xce9b, 0xce9b, 0xce9b, 0xc65a, 0xc65a, 0xc65a, 0xc65a, 0xc65a, 0xc65a, 0xc65a, 0xc65a, 0xc65a, 0xc65a, 0xc65a, 0xc65a, 0xc65a, 0xc639, 0xc639, 0xc639, 0xbe39, 0xbe39, 0xbe39, 0xc639, 0xc639, 0xc639, 0xc639, 0xc639, 0xbe39, 0xbe39, 0xbe19, 0xbe19, 0xb5d8, 0xb5b7, 0xa556, 0x9d15, 0x94d3, 0x94b3, 0x9cf3, 0x9cd2, 0x8c70, 0x8430, 0x840f, 0x83ef, 0x83ef, 0x8430, 
  0xf7bd, 0xe75c, 0xb595, 0x8c92, 0x73f0, 0x7c11, 0x8c73, 0x94b4, 0x94d4, 0x94f5, 0x9d15, 0xa556, 0xb5b7, 0xbdf9, 0xbe19, 0xc639, 0xc639, 0xc639, 0xc65a, 0xc65a, 0xc65a, 0xc65a, 0xc65a, 0xc67a, 0xc67a, 0xc67a, 0xc67a, 0xc67a, 0xc67a, 0xc67a, 0xc67a, 0xc67a, 0xc67a, 0xc67a, 0xc67a, 0xc67a, 0xc67a, 0xce9a, 0xce9a, 0xce9b, 0xce9b, 0xce9b, 0xce9b, 0xce9b, 0xce9b, 0xce9a, 0xce9a, 0xce9a, 0xce9a, 0xce9a, 0xce9a, 0xce9b, 0xce9b, 0xce9b, 0xce9b, 0xce9b, 0xce9b, 0xce9b, 0xce9b, 0xce9b, 0xce9b, 0xce9b, 0xce9b, 0xce9a, 0xce9b, 0xce9b, 0xce9b, 0xce9b, 0xce9b, 0xce9b, 0xce9b, 0xce9b, 0xce9b, 0xce9b, 0xce9b, 0xce9b, 0xce9b, 0xce9b, 0xce9b, 0xce9b, 0xce9b, 0xce9a, 0xce9b, 0xce9b, 0xce9b, 0xce9b, 0xce9b, 0xce9b, 0xce9b, 0xce9b, 0xce9b, 0xce9b, 0xce9b, 0xce9b, 0xce9b, 0xce9b, 0xce9b, 0xce9b, 0xce9b, 0xce9b, 0xce9b, 0xce9b, 0xce9b, 0xce9b, 0xce9b, 0xce9b, 0xce9b, 0xce9b, 0xce9b, 0xce9b, 0xce9b, 0xce9b, 0xce9b, 0xce9b, 0xce9b, 0xce9b, 0xce9b, 0xce9b, 0xce9b, 0xce7a, 0xce7a, 0xce7a, 0xce7a, 0xce9a, 0xce9a, 0xce9b, 0xce9b, 0xce9a, 0xce9a, 0xce9a, 0xce9a, 0xce9a, 0xce9b, 0xce9b, 0xce9b, 0xce9b, 0xce9b, 0xce9b, 0xce9b, 0xce9b, 0xce9b, 0xce9b, 0xce9b, 0xce9b, 0xce9b, 0xce9b, 0xce9b, 0xce9b, 0xce9b, 0xce9b, 0xce9b, 0xce9b, 0xce9b, 0xce9b, 0xce9b, 0xce9b, 0xce9b, 0xce9b, 0xce9b, 0xce9b, 0xce9b, 0xce9b, 0xce9b, 0xce9b, 0xce9b, 0xce9b, 0xce9b, 0xce9b, 0xce9b, 0xce9b, 0xce9b, 0xce9b, 0xce9b, 0xce9b, 0xce9b, 0xce9b, 0xce9b, 0xce9b, 0xce9b, 0xce9b, 0xce9b, 0xce9b, 0xce9b, 0xce9b, 0xce9b, 0xce9b, 0xce9b, 0xce9b, 0xce9b, 0xce9b, 0xce9b, 0xce9b, 0xce9b, 0xce9b, 0xce9b, 0xce9b, 0xce9b, 0xce9b, 0xce9b, 0xc65a, 0xc65a, 0xc65a, 0xc65a, 0xc65a, 0xc65a, 0xc65a, 0xc65a, 0xc65a, 0xc65a, 0xc65a, 0xc65a, 0xc639, 0xc639, 0xc639, 0xc639, 0xbe39, 0xbe39, 0xc639, 0xc639, 0xc639, 0xc639, 0xc639, 0xbe39, 0xbe19, 0xbe19, 0xbe19, 0xbdf8, 0xb5b8, 0xad76, 0xa535, 0x9cf4, 0x94b3, 0x94d3, 0x94b2, 0x8c71, 0x8c30, 0x840f, 0x7bef, 0x840f, 0x8430, 
  0xef9d, 0xdefb, 0x94d2, 0x8c71, 0x73f0, 0x8432, 0x8c93, 0x94d4, 0x94f4, 0x94f5, 0x9d35, 0xad76, 0xb5d8, 0xbdf9, 0xbe39, 0xbe39, 0xbe39, 0xc65a, 0xc65a, 0xc65a, 0xc65a, 0xc65a, 0xc65a, 0xc65a, 0xc67a, 0xc67a, 0xc67a, 0xc67a, 0xc67a, 0xc67a, 0xc67a, 0xc67a, 0xc67a, 0xc67a, 0xc67a, 0xc67a, 0xc67a, 0xc67a, 0xce9a, 0xc67a, 0xce9a, 0xce9a, 0xce9b, 0xce9b, 0xce9b, 0xce9b, 0xce9b, 0xce9b, 0xce9b, 0xce9b, 0xce9b, 0xce9a, 0xce9a, 0xce9b, 0xce9b, 0xce9b, 0xce9b, 0xce9b, 0xce9b, 0xce9b, 0xce9b, 0xce9b, 0xce9b, 0xce9b, 0xce9b, 0xce9b, 0xce9b, 0xce9b, 0xce9b, 0xce9b, 0xce9b, 0xce9b, 0xce9b, 0xce9b, 0xce9b, 0xce9b, 0xce9b, 0xce9b, 0xce9b, 0xce9b, 0xce9b, 0xce9b, 0xce9b, 0xce9b, 0xce9b, 0xce9b, 0xce9b, 0xce9b, 0xce9b, 0xce9b, 0xce9b, 0xce9b, 0xce9b, 0xce9b, 0xce9b, 0xce9b, 0xce9b, 0xce9b, 0xce9b, 0xce9b, 0xce9b, 0xce9b, 0xce9b, 0xce9b, 0xce9b, 0xce9b, 0xce9b, 0xce9b, 0xce9b, 0xce9b, 0xce9b, 0xce9b, 0xce9b, 0xce9b, 0xce9b, 0xce9b, 0xce9b, 0xce9b, 0xce9b, 0xce9b, 0xce9b, 0xce9b, 0xce9b, 0xce9b, 0xce9b, 0xce9b, 0xce9b, 0xce9b, 0xce9b, 0xce9a, 0xce9a, 0xce9a, 0xce9b, 0xce9b, 0xce9b, 0xce9b, 0xce9b, 0xce9b, 0xce9b, 0xce9b, 0xce9b, 0xce9b, 0xce9b, 0xce9b, 0xce9b, 0xce9b, 0xce9b, 0xce9b, 0xce9b, 0xce9b, 0xce9b, 0xce9b, 0xce9b, 0xce9b, 0xce9b, 0xce9b, 0xce9b, 0xce9b, 0xce9b, 0xce9b, 0xce9b, 0xce9b, 0xce9b, 0xce9b, 0xce9b, 0xce9b, 0xce9b, 0xce9b, 0xce9b, 0xce9b, 0xce9b, 0xce9b, 0xce9b, 0xce9b, 0xce9b, 0xce9b, 0xce9b, 0xce9b, 0xce9b, 0xce9b, 0xce9b, 0xce9b, 0xce9b, 0xce9b, 0xce9b, 0xce9b, 0xce9b, 0xce9b, 0xce9b, 0xce9b, 0xce9b, 0xce9b, 0xce9b, 0xce9b, 0xce9b, 0xce9b, 0xce9b, 0xce9b, 0xce9b, 0xc65a, 0xc65a, 0xc65a, 0xc65a, 0xc65a, 0xc65a, 0xc65a, 0xc65a, 0xc65a, 0xc65a, 0xc65a, 0xc659, 0xc659, 0xc639, 0xc659, 0xbe59, 0xbe39, 0xbe39, 0xbe39, 0xbe39, 0xbe39, 0xc639, 0xbe39, 0xbe39, 0xbe39, 0xbe39, 0xbe19, 0xbe19, 0xb5d8, 0xad97, 0xa556, 0x9d14, 0x94d3, 0x94b3, 0x94b2, 0x8c71, 0x8c50, 0x840f, 0x83ef, 0x840f, 0x840f, 
  0xe73b, 0xce78, 0x8c91, 0x7c10, 0x7c11, 0x8452, 0x94d4, 0x94f4, 0x94f4, 0x94f5, 0xa556, 0xad97, 0xbdf8, 0xbe19, 0xbe39, 0xbe39, 0xbe39, 0xc65a, 0xc65a, 0xc65a, 0xc65a, 0xc65a, 0xc65a, 0xc65a, 0xc67a, 0xc67a, 0xc67a, 0xc67a, 0xc67a, 0xc67a, 0xc67a, 0xc67a, 0xc67a, 0xc67a, 0xc67a, 0xc67a, 0xce9a, 0xce9a, 0xce9a, 0xc67a, 0xce9a, 0xce9b, 0xce9b, 0xce9b, 0xce9b, 0xce9b, 0xce9b, 0xce9a, 0xce9a, 0xce9a, 0xce9a, 0xce9a, 0xce9a, 0xce9a, 0xce9a, 0xce9b, 0xce9b, 0xce9b, 0xce9b, 0xce9b, 0xce9b, 0xce9b, 0xce9b, 0xce9b, 0xce9b, 0xce9b, 0xce9b, 0xce9b, 0xce9b, 0xce9b, 0xce9b, 0xce9b, 0xce9b, 0xce9b, 0xce9b, 0xce9b, 0xce9b, 0xce9b, 0xce9b, 0xce9b, 0xce9b, 0xce9b, 0xce9b, 0xce9b, 0xce9b, 0xce9b, 0xce9b, 0xce9b, 0xce9b, 0xce9b, 0xce9b, 0xce9b, 0xce9b, 0xce9b, 0xce9b, 0xce9b, 0xce9b, 0xce9b, 0xce9b, 0xce9b, 0xce9b, 0xce9b, 0xce9b, 0xce9b, 0xce9b, 0xce9b, 0xce9b, 0xce9b, 0xce9b, 0xce9b, 0xce9b, 0xce9b, 0xce9b, 0xce9b, 0xce9b, 0xce9b, 0xce9b, 0xce9b, 0xce9b, 0xce9b, 0xce9b, 0xce9b, 0xce9b, 0xce9b, 0xce9b, 0xce9b, 0xce9b, 0xce9b, 0xce9b, 0xce9b, 0xce9a, 0xce9a, 0xce9b, 0xce9b, 0xce9b, 0xce9b, 0xce9b, 0xce9b, 0xce9b, 0xce9b, 0xce9b, 0xce9b, 0xce9b, 0xce9b, 0xce9b, 0xce9b, 0xce9b, 0xce9b, 0xce9b, 0xce9b, 0xce9b, 0xce9b, 0xce9b, 0xce9b, 0xce9b, 0xce9b, 0xce9b, 0xce9b, 0xce9b, 0xce9b, 0xce9b, 0xce9b, 0xce9b, 0xce9b, 0xce9b, 0xce9b, 0xce9b, 0xce9b, 0xce9b, 0xce9b, 0xce9b, 0xce9b, 0xce9b, 0xce9b, 0xce9b, 0xce9b, 0xce9b, 0xce9b, 0xce9b, 0xce9b, 0xce9b, 0xce9b, 0xce9b, 0xce9b, 0xce9b, 0xce9b, 0xce9b, 0xce9b, 0xce9b, 0xce9b, 0xce9b, 0xce9b, 0xce9b, 0xce9b, 0xce9b, 0xce9b, 0xce9b, 0xce9b, 0xce9b, 0xc65a, 0xc65a, 0xc65a, 0xc65a, 0xc65a, 0xc65a, 0xc65a, 0xc65a, 0xc65a, 0xc65a, 0xc65a, 0xc65a, 0xc65a, 0xc659, 0xc659, 0xc659, 0xbe39, 0xbe39, 0xbe39, 0xbe39, 0xbe39, 0xbe39, 0xbe39, 0xbe39, 0xbe39, 0xbe19, 0xbe19, 0xbe19, 0xb5d8, 0xb5b7, 0xad97, 0x9d35, 0x94d3, 0x94b3, 0x94b2, 0x8c71, 0x8c50, 0x840f, 0x7bef, 0x83ef, 0x840f, 
  0xdefa, 0xad75, 0x8c71, 0x7bf0, 0x8431, 0x8c93, 0x94d4, 0x94f4, 0x9d15, 0x9d15, 0xa556, 0xadb7, 0xbdf9, 0xbe19, 0xbe39, 0xbe39, 0xbe39, 0xc659, 0xc65a, 0xc65a, 0xc65a, 0xc65a, 0xc65a, 0xc65a, 0xc67a, 0xc67a, 0xc67a, 0xc67a, 0xc67a, 0xc67a, 0xc67a, 0xce7a, 0xce7a, 0xce7a, 0xce7a, 0xc67a, 0xc67a, 0xc67a, 0xc67a, 0xce9a, 0xce9a, 0xce9a, 0xce9b, 0xce9b, 0xce9a, 0xce9a, 0xce9b, 0xce9a, 0xce9a, 0xce9b, 0xce9b, 0xce9b, 0xce9b, 0xce9b, 0xce9b, 0xce9b, 0xce9b, 0xce9b, 0xce9b, 0xce9b, 0xce9b, 0xce9b, 0xce9b, 0xce9b, 0xce9b, 0xce9b, 0xce9b, 0xce9b, 0xce9b, 0xce9b, 0xce9b, 0xce9b, 0xce9b, 0xce9b, 0xce9b, 0xce9b, 0xce9b, 0xce9b, 0xce9b, 0xce9b, 0xce9b, 0xce9b, 0xce9b, 0xce9b, 0xce9b, 0xce9b, 0xce9b, 0xce9b, 0xce9b, 0xce9b, 0xce9b, 0xce9b, 0xce9b, 0xce9b, 0xce9b, 0xce9b, 0xce9b, 0xce9b, 0xce9b, 0xce9b, 0xce9b, 0xce9b, 0xce9b, 0xce9b, 0xce9b, 0xce9b, 0xce9b, 0xce9b, 0xce9b, 0xce9b, 0xce9b, 0xce9b, 0xce9b, 0xce9b, 0xce9b, 0xce9b, 0xce9b, 0xce9b, 0xce9b, 0xce9b, 0xce9b, 0xce9b, 0xce9b, 0xce9b, 0xce9b, 0xce9b, 0xce9b, 0xce9b, 0xce9b, 0xce9b, 0xce9a, 0xce9b, 0xce9b, 0xce9b, 0xce9b, 0xce9b, 0xce9b, 0xce9b, 0xce9b, 0xce9b, 0xce9b, 0xce9b, 0xce9b, 0xce9b, 0xce9b, 0xce9b, 0xce9b, 0xce9b, 0xce9b, 0xce9b, 0xce9b, 0xce9b, 0xce9b, 0xce9b, 0xce9b, 0xce9b, 0xce9b, 0xce9b, 0xce9b, 0xce9b, 0xce9b, 0xce9b, 0xce9b, 0xce9b, 0xce9b, 0xce9b, 0xce9b, 0xce9b, 0xce9b, 0xce9b, 0xce9b, 0xce9b, 0xce9b, 0xce9b, 0xce9b, 0xce9b, 0xce9b, 0xce9b, 0xce9b, 0xce9b, 0xce9b, 0xce9b, 0xce9b, 0xce9b, 0xce9b, 0xce9b, 0xce9b, 0xce9b, 0xce9b, 0xce9b, 0xce9b, 0xce9b, 0xce9b, 0xce9b, 0xce9b, 0xce9b, 0xce9b, 0xce9b, 0xce9b, 0xce9b, 0xc65a, 0xc65a, 0xc65a, 0xc65a, 0xc65a, 0xc65a, 0xc65a, 0xc65a, 0xc65a, 0xc65a, 0xc65a, 0xc659, 0xc659, 0xc639, 0xc639, 0xbe39, 0xbe39, 0xbe39, 0xbe39, 0xbe39, 0xbe39, 0xbe39, 0xbe39, 0xbe39, 0xbe39, 0xbe19, 0xbe39, 0xb5d8, 0x8431, 0x4208, 0x2966, 0x94d3, 0x94b3, 0x94b3, 0x9492, 0x8c71, 0x8430, 0x840f, 0x8c30, 0x840f, 
  0xd6da, 0x9492, 0x8451, 0x7bf0, 0x8452, 0x9493, 0x94d4, 0x94b3, 0x3186, 0x4a8a, 0x8c93, 0xb5d8, 0xbe19, 0xbe19, 0xbe39, 0xbe39, 0xbe39, 0xc659, 0xc65a, 0xc65a, 0xc65a, 0xc65a, 0xc65a, 0xc67a, 0xc67a, 0xc67a, 0xc67a, 0xc67a, 0xc67a, 0xc67a, 0xc67a, 0xce7a, 0xce7a, 0xce7a, 0xce7a, 0xce7a, 0xce9a, 0xce9a, 0xce9a, 0xce9b, 0xce9b, 0xce9b, 0xce9b, 0xce9b, 0xce9b, 0xce9b, 0xce9b, 0xce9b, 0xce9b, 0xce9b, 0xce9b, 0xce9b, 0xce9b, 0xce9b, 0xce9b, 0xce9b, 0xce9b, 0xce9b, 0xce7a, 0xce9b, 0xce9b, 0xce9b, 0xce9b, 0xce9b, 0xce9b, 0xce9b, 0xce9b, 0xce9b, 0xce9b, 0xce9b, 0xce9b, 0xce9b, 0xce9b, 0xce9b, 0xce9b, 0xce9b, 0xce9b, 0xce9b, 0xce9b, 0xce9b, 0xce9b, 0xce9b, 0xce9b, 0xce9b, 0xce9b, 0xce9b, 0xce9b, 0xce9b, 0xce9b, 0xce9b, 0xce9b, 0xce9b, 0xce9b, 0xce9b, 0xce9b, 0xce9b, 0xce9b, 0xce9b, 0xce9b, 0xce9b, 0xce9b, 0xce9b, 0xce9b, 0xce9b, 0xce9b, 0xce9b, 0xce9b, 0xce9b, 0xce9b, 0xce9b, 0xce9b, 0xce9b, 0xce9b, 0xce9b, 0xce9b, 0xce9b, 0xce9b, 0xce9b, 0xce9b, 0xce9b, 0xce9b, 0xce9b, 0xce9b, 0xce9b, 0xce9b, 0xce9b, 0xce9b, 0xce9b, 0xce9b, 0xce9b, 0xce9b, 0xce9b, 0xce9b, 0xce9b, 0xce9b, 0xce9b, 0xce9b, 0xce9b, 0xce9b, 0xce9b, 0xce9b, 0xce9b, 0xce9b, 0xce9b, 0xce9b, 0xce9b, 0xce9b, 0xce9b, 0xce9b, 0xce9b, 0xce9b, 0xce9b, 0xce9b, 0xce9b, 0xce9b, 0xce9b, 0xce9b, 0xce9b, 0xce9b, 0xce9b, 0xce9b, 0xce9b, 0xce9b, 0xce9b, 0xce9b, 0xce9b, 0xce9b, 0xce9b, 0xce9b, 0xce9b, 0xce9b, 0xce9b, 0xce9b, 0xce9b, 0xce9b, 0xce9b, 0xce9b, 0xce9b, 0xce9b, 0xce9b, 0xce9b, 0xce9b, 0xce9b, 0xce9b, 0xce9b, 0xce9b, 0xce9b, 0xce9b, 0xce9b, 0xce9b, 0xce9b, 0xce9b, 0xce9b, 0xce9b, 0xce9b, 0xce9b, 0xce9b, 0xce9b, 0xce9b, 0xce9b, 0xce9b, 0xc65a, 0xc65a, 0xc65a, 0xc65a, 0xc65a, 0xc65a, 0xc65a, 0xc65a, 0xc65a, 0xc65a, 0xc65a, 0xc639, 0xc639, 0xc639, 0xc659, 0xbe59, 0xbe39, 0xbe39, 0xbe39, 0xc639, 0xbe39, 0xbe39, 0xc63a, 0xbdf8, 0x8c92, 0x4a49, 0x1082, 0x0000, 0x0000, 0x0020, 0x7c10, 0x94d3, 0x8cb3, 0x94b2, 0x8c71, 0x8c30, 0x8c30, 0x840f, 0x840f, 
  0xc657, 0x8c71, 0x8431, 0x7c11, 0x8c72, 0x94b4, 0x94d4, 0x7bf0, 0x0020, 0x0000, 0x0842, 0x2967, 0x632e, 0x9d35, 0xbe39, 0xc65a, 0xc639, 0xc65a, 0xc65a, 0xc65a, 0xc65a, 0xc65a, 0xc65a, 0xc65a, 0xc67a, 0xc67a, 0xc67a, 0xc67a, 0xc67a, 0xc67a, 0xc67a, 0xce7a, 0xce7a, 0xce7a, 0xce7a, 0xce9a, 0xce9a, 0xce9a, 0xce9a, 0xce9b, 0xce9b, 0xce9b, 0xce9b, 0xce9b, 0xce9a, 0xce9b, 0xce9a, 0xce9a, 0xce9a, 0xce9b, 0xce9b, 0xce9b, 0xce9b, 0xce9b, 0xce9b, 0xce9b, 0xce9b, 0xce9b, 0xce9b, 0xce9b, 0xce9b, 0xce9b, 0xce9b, 0xce9b, 0xce9b, 0xce9b, 0xce9b, 0xce9b, 0xce9b, 0xce9b, 0xce9b, 0xce9b, 0xce9b, 0xce9b, 0xce9b, 0xce9b, 0xce9b, 0xce9b, 0xce9b, 0xce9b, 0xce9b, 0xce9b, 0xce9b, 0xce9b, 0xce9b, 0xce9b, 0xce9b, 0xce9b, 0xce9b, 0xce9b, 0xce9b, 0xce9b, 0xce9b, 0xce9b, 0xce9b, 0xce9b, 0xce9b, 0xce9b, 0xce9b, 0xce9b, 0xce9b, 0xce9b, 0xce9b, 0xce9b, 0xce9b, 0xce9b, 0xce9b, 0xce9b, 0xce9b, 0xce9b, 0xce9b, 0xce9b, 0xce9b, 0xce9b, 0xce9b, 0xce9b, 0xce9b, 0xce9b, 0xce9b, 0xce9b, 0xce9b, 0xce9b, 0xce9b, 0xce9b, 0xce9b, 0xce9b, 0xce9b, 0xce9b, 0xce9b, 0xce9b, 0xce9b, 0xce9b, 0xce9b, 0xce9b, 0xce9b, 0xce9b, 0xce9b, 0xce9b, 0xce9b, 0xce9b, 0xce9b, 0xce9b, 0xce9b, 0xce9b, 0xce9b, 0xce9b, 0xce9b, 0xce9b, 0xce9b, 0xce9b, 0xce9b, 0xce9b, 0xce9b, 0xce9b, 0xce9b, 0xce9b, 0xce9b, 0xce9b, 0xce9b, 0xce9b, 0xce9b, 0xce9b, 0xce9b, 0xce9b, 0xce9b, 0xce9b, 0xce9b, 0xce9b, 0xce9b, 0xce9b, 0xce9b, 0xce9b, 0xce9b, 0xce9b, 0xce9b, 0xce9b, 0xce9b, 0xce9b, 0xce9b, 0xce9b, 0xce9b, 0xce9b, 0xce9b, 0xce9b, 0xce9b, 0xce9b, 0xce9b, 0xce9b, 0xce9b, 0xce9b, 0xce9b, 0xce9b, 0xce9b, 0xce9b, 0xce9b, 0xce9b, 0xce9b, 0xce9b, 0xce9b, 0xce9b, 0xce9b, 0xce9b, 0xce9b, 0xc65a, 0xc65a, 0xc65a, 0xc65a, 0xc65a, 0xc65a, 0xc65a, 0xc65a, 0xc65a, 0xc639, 0xc65a, 0xc639, 0xc639, 0xc659, 0xbe39, 0xbe39, 0xbe39, 0xbe39, 0xbe39, 0xb5d8, 0x52ab, 0x1082, 0x0000, 0x0000, 0x0000, 0x0000, 0x0000, 0x0000, 0x4a8a, 0x94f4, 0x8cb3, 0x94b3, 0x9491, 0x8c30, 0x840f, 0x840f, 0x83ef, 
  0xad95, 0x8c71, 0x7c11, 0x8452, 0x8c93, 0x94d4, 0x94d4, 0x4a4a, 0x0000, 0x0000, 0x1062, 0x18e4, 0x1904, 0x1905, 0x31a8, 0x73d0, 0xc639, 0xc659, 0xc65a, 0xc65a, 0xc65a, 0xc65a, 0xc65a, 0xc67a, 0xc67a, 0xc67a, 0xc67a, 0xc67a, 0xc67a, 0xc67a, 0xc67a, 0xc67a, 0xc67a, 0xc67a, 0xce9a, 0xce9a, 0xce9a, 0xce9b, 0xce9a, 0xce9a, 0xce9b, 0xce9b, 0xce9b, 0xce9b, 0xce9b, 0xce9b, 0xce9b, 0xce9b, 0xce9b, 0xce9b, 0xce9b, 0xce9b, 0xce9b, 0xce9b, 0xce9a, 0xce9b, 0xce9b, 0xce9b, 0xce9b, 0xce9b, 0xce9b, 0xce9b, 0xce9b, 0xce9b, 0xce9b, 0xce9b, 0xce9b, 0xce9b, 0xce9b, 0xce9b, 0xce9b, 0xce9b, 0xce9b, 0xce9b, 0xce9b, 0xce9b, 0xce9b, 0xce9b, 0xce9b, 0xce9b, 0xce9b, 0xce9b, 0xce9b, 0xce9b, 0xce9b, 0xce9b, 0xce9b, 0xce9b, 0xce9b, 0xce9b, 0xce9b, 0xce9b, 0xce9b, 0xce9b, 0xce9b, 0xce9b, 0xce9b, 0xce9b, 0xce9b, 0xce9b, 0xce9b, 0xce9b, 0xce9b, 0xce9b, 0xce9b, 0xce9b, 0xce9b, 0xce9b, 0xce9b, 0xce9b, 0xce9b, 0xce9b, 0xce9b, 0xce9b, 0xce9b, 0xce9b, 0xce9b, 0xce9b, 0xce9b, 0xce9b, 0xce9b, 0xce9b, 0xce9b, 0xce9b, 0xce9b, 0xce9b, 0xce9b, 0xce9b, 0xce9b, 0xce9b, 0xce9b, 0xce9b, 0xce9b, 0xce9b, 0xce9b, 0xce9b, 0xce9b, 0xce9b, 0xce9b, 0xce9b, 0xce9b, 0xce9b, 0xce9b, 0xce9b, 0xce9b, 0xce9b, 0xce9b, 0xce9b, 0xce9b, 0xce9b, 0xce9b, 0xce9b, 0xce9b, 0xce9b, 0xce9b, 0xce9b, 0xce9b, 0xce9b, 0xce9b, 0xce9b, 0xce9b, 0xce9b, 0xce9b, 0xce9b, 0xce9b, 0xce9b, 0xce9b, 0xce9b, 0xce9b, 0xce9b, 0xce9b, 0xce9b, 0xce9b, 0xce9b, 0xce9b, 0xce9b, 0xce9b, 0xce9b, 0xce9b, 0xce9b, 0xce9b, 0xce9b, 0xce9b, 0xce9b, 0xce9b, 0xce9b, 0xce9b, 0xce9b, 0xce9b, 0xce9b, 0xce9b, 0xce9b, 0xce9b, 0xce9b, 0xce9b, 0xce9b, 0xce9b, 0xce9b, 0xce9b, 0xce9b, 0xce9b, 0xce9b, 0xce9b, 0xce9b, 0xce9b, 0xc65a, 0xc65a, 0xc65a, 0xc65a, 0xc65a, 0xc65a, 0xc65a, 0xc65a, 0xc659, 0xc659, 0xc659, 0xbe39, 0xbe39, 0xbe39, 0xbe39, 0xbe39, 0xbe39, 0xbe19, 0x3187, 0x0000, 0x0000, 0x0000, 0x0000, 0x0000, 0x0841, 0x39c7, 0x73d0, 0x9514, 0x8cd3, 0x94b3, 0x94b2, 0x8c50, 0x8c50, 0x840f, 0x840f, 
  0x94d2, 0x8c72, 0x7c11, 0x8452, 0x8cb4, 0x94d4, 0x94d4, 0x632d, 0x2125, 0x0821, 0x1082, 0x2104, 0x2124, 0x2104, 0x2125, 0x632d, 0xc65a, 0xc659, 0xc65a, 0xc65a, 0xc65a, 0xc67a, 0xc67a, 0xc67a, 0xc67a, 0xc67a, 0xc67a, 0xc67a, 0xc67a, 0xc67a, 0xc67a, 0xc67a, 0xc67a, 0xce9a, 0xc67a, 0xce9a, 0xce9b, 0xce9a, 0xce9a, 0xce9b, 0xce9b, 0xce9b, 0xce9b, 0xce9b, 0xce9b, 0xce9a, 0xce9b, 0xce9b, 0xce9a, 0xce9b, 0xce9b, 0xce9b, 0xce9b, 0xce9b, 0xce9b, 0xce9b, 0xce9b, 0xce9b, 0xce9b, 0xce9b, 0xce9b, 0xce9b, 0xce9b, 0xce9b, 0xce9b, 0xce9b, 0xce9b, 0xce9b, 0xce9b, 0xce9b, 0xce9b, 0xce9b, 0xce9b, 0xce9b, 0xce9b, 0xce9b, 0xce9b, 0xce9b, 0xce9b, 0xce9b, 0xce9b, 0xce9b, 0xce9b, 0xce9b, 0xce9b, 0xce9b, 0xce9b, 0xce9b, 0xce9b, 0xce9b, 0xce9b, 0xce9b, 0xce9b, 0xce9b, 0xce9b, 0xce9b, 0xce9b, 0xce9b, 0xce9b, 0xce9b, 0xce9b, 0xce9b, 0xce9b, 0xce9b, 0xce9b, 0xce9b, 0xce9b, 0xce9b, 0xce9b, 0xce9b, 0xce9b, 0xce9b, 0xce9b, 0xce9b, 0xce9b, 0xce9b, 0xce9b, 0xce9b, 0xce9b, 0xce9b, 0xce9b, 0xce9b, 0xce9b, 0xce9b, 0xce9b, 0xce9b, 0xce9b, 0xce9b, 0xce9b, 0xce9b, 0xce9b, 0xce9b, 0xce9b, 0xce9b, 0xce9b, 0xce9b, 0xce9b, 0xce9b, 0xce9b, 0xce9b, 0xce9b, 0xce9b, 0xce9b, 0xce9b, 0xce9b, 0xce9b, 0xce9b, 0xce9b, 0xce9b, 0xce9b, 0xce9b, 0xce9b, 0xce9b, 0xce9b, 0xce9b, 0xce9b, 0xce9b, 0xce9b, 0xce9b, 0xce9b, 0xce9b, 0xce9b, 0xce9b, 0xce9b, 0xce9b, 0xce9b, 0xce9b, 0xce9b, 0xce9b, 0xce9b, 0xce9b, 0xce9b, 0xce9b, 0xce9b, 0xce9b, 0xce9b, 0xce9b, 0xce9b, 0xce9b, 0xce9b, 0xce9b, 0xce9b, 0xce9b, 0xce9b, 0xce9b, 0xce9b, 0xce9b, 0xce9b, 0xce9b, 0xce9b, 0xce9b, 0xce9b, 0xce9b, 0xce9b, 0xce9b, 0xce9b, 0xce9b, 0xce9b, 0xce9b, 0xce9b, 0xce9b, 0xce9b, 0xce9b, 0xce9b, 0xce9b, 0xce9b, 0xc65a, 0xc65a, 0xc65a, 0xc65a, 0xc65a, 0xc659, 0xc65a, 0xc65a, 0xc659, 0xbe39, 0xbe39, 0xbe39, 0xbe39, 0xbe39, 0xbe39, 0xbe39, 0xbe39, 0x6b6e, 0x0000, 0x0000, 0x0862, 0x41e8, 0x8411, 0xad97, 0xb5d7, 0xa556, 0x9d15, 0x94d3, 0x94b3, 0x94b2, 0x8c71, 0x8c30, 0x840f, 0x840f, 
  0x8c71, 0x8452, 0x7c31, 0x8c93, 0x94d4, 0x94d4, 0x94d4, 0x94f5, 0xa556, 0x9d14, 0x73cf, 0x4209, 0x2125, 0x2104, 0x2946, 0x94b3, 0xc65a, 0xc65a, 0xc65a, 0xc65a, 0xc67a, 0xc67a, 0xc67a, 0xc67a, 0xc67a, 0xc67a, 0xc67a, 0xc67a, 0xc67a, 0xc67a, 0xc67a, 0xc67a, 0xc67a, 0xc67a, 0xce9a, 0xce9a, 0xce9a, 0xce9b, 0xce9b, 0xce9b, 0xce9b, 0xce9b, 0xce9b, 0xce9b, 0xce9b, 0xce9b, 0xce9b, 0xce9b, 0xce9b, 0xce9a, 0xce9a, 0xce9b, 0xce9b, 0xce9b, 0xce9b, 0xce9b, 0xce9b, 0xce9b, 0xce9b, 0xce9b, 0xce9b, 0xce9b, 0xce9b, 0xce9b, 0xce9b, 0xce9b, 0xce9b, 0xce9b, 0xce9b, 0xce9b, 0xce9b, 0xce9b, 0xce9b, 0xce9b, 0xce9b, 0xce9b, 0xce9b, 0xce9b, 0xce9b, 0xce9b, 0xce9b, 0xce9b, 0xce9b, 0xce9b, 0xce9b, 0xce9b, 0xce9b, 0xce9b, 0xce9b, 0xce9b, 0xce9b, 0xce9b, 0xce9b, 0xce9b, 0xce9b, 0xce9b, 0xce9b, 0xce9b, 0xce9b, 0xce9b, 0xce9b, 0xce9b, 0xce9b, 0xce9b, 0xce9b, 0xce9b, 0xce9b, 0xce9b, 0xce9b, 0xce9b, 0xce9b, 0xce9b, 0xce9b, 0xce9b, 0xce9b, 0xce9b, 0xce9b, 0xce9b, 0xce9b, 0xce9b, 0xce9b, 0xce9b, 0xce9b, 0xce9b, 0xce9b, 0xce9b, 0xce9b, 0xce9b, 0xce9b, 0xce9b, 0xce9b, 0xce9b, 0xce9b, 0xce9b, 0xce9b, 0xce9b, 0xce9b, 0xce9b, 0xce9b, 0xce9b, 0xce9b, 0xce9b, 0xce9b, 0xce9b, 0xce9b, 0xce9b, 0xce9b, 0xce9b, 0xce9b, 0xce9b, 0xce9b, 0xce9b, 0xce9b, 0xce9b, 0xce9b, 0xce9b, 0xce9b, 0xce9b, 0xce9b, 0xce9b, 0xce9b, 0xce9b, 0xce9b, 0xce9b, 0xce9b, 0xce9b, 0xce9b, 0xce9b, 0xce9b, 0xce9b, 0xce9b, 0xce9b, 0xce9b, 0xce9b, 0xce9b, 0xce9b, 0xce9b, 0xce9b, 0xce9b, 0xce9b, 0xce9b, 0xce9b, 0xce9b, 0xce9b, 0xce9b, 0xce9b, 0xce9b, 0xce9b, 0xce9b, 0xce9b, 0xce9b, 0xce9b, 0xce9b, 0xce9b, 0xce9b, 0xce9b, 0xce9b, 0xce9b, 0xce9b, 0xce9b, 0xce9b, 0xce9b, 0xce9b, 0xce9b, 0xce9b, 0xce9b, 0xce9b, 0xc65a, 0xc65a, 0xc65a, 0xc639, 0xc639, 0xc65a, 0xc65a, 0xc659, 0xbe39, 0xbe39, 0xbe39, 0xbe39, 0xbe39, 0xc639, 0xbe39, 0xbe39, 0xa535, 0x4a6a, 0x8431, 0xb5d8, 0xc639, 0xbe19, 0xb5f8, 0xb5b8, 0xad77, 0xa535, 0x94f4, 0x94b3, 0x94b2, 0x9492, 0x8430, 0x8430, 0x842f, 
  0x8c72, 0x8432, 0x8452, 0x8cb4, 0x94d4, 0x94d4, 0x94f4, 0x9d15, 0xa556, 0xad97, 0xb5f8, 0xbe39, 0xb5d7, 0x8451, 0x5aed, 0xb5d8, 0xc65a, 0xc65a, 0xc65a, 0xc65a, 0xc65a, 0xc67a, 0xc67a, 0xc67a, 0xc67a, 0xc67a, 0xc67a, 0xc67a, 0xc67a, 0xc67a, 0xc67a, 0xc67a, 0xce9a, 0xce9a, 0xce9a, 0xce9a, 0xce9a, 0xce9a, 0xce9a, 0xce9b, 0xce9b, 0xce9b, 0xce9b, 0xce9b, 0xce9b, 0xce9a, 0xce9a, 0xce9a, 0xce9a, 0xce9b, 0xce9b, 0xce9b, 0xce9b, 0xce9b, 0xce9b, 0xce9b, 0xce9b, 0xce9b, 0xce9b, 0xce9b, 0xce9b, 0xce9b, 0xce9b, 0xce9b, 0xce9b, 0xce9b, 0xce9b, 0xce9b, 0xce9b, 0xce9b, 0xce9b, 0xce9b, 0xce9b, 0xce9b, 0xce9b, 0xce9b, 0xce9b, 0xce9b, 0xce9b, 0xce9b, 0xce9b, 0xce9b, 0xce9b, 0xce9b, 0xce9b, 0xce9b, 0xce9b, 0xce9b, 0xce9b, 0xce9b, 0xce9b, 0xce9b, 0xce9b, 0xce9b, 0xce9b, 0xce9b, 0xce9b, 0xce9b, 0xce9b, 0xce9b, 0xce9b, 0xce9b, 0xce9b, 0xce9b, 0xce9b, 0xce9b, 0xce9b, 0xce9b, 0xce9b, 0xce9b, 0xce9b, 0xce9b, 0xce9b, 0xce9b, 0xce9b, 0xce9b, 0xce9b, 0xce9b, 0xce9b, 0xce9b, 0xce9b, 0xce9b, 0xce9b, 0xce9b, 0xce9b, 0xce9b, 0xce9b, 0xce9b, 0xce9b, 0xce9b, 0xce9b, 0xce9b, 0xce9b, 0xce9b, 0xce9b, 0xce9b, 0xce9b, 0xce9b, 0xce9b, 0xce9b, 0xce9b, 0xce9b, 0xce9b, 0xce9b, 0xce9b, 0xce9b, 0xce9b, 0xce9b, 0xce9b, 0xce9b, 0xce9b, 0xce9b, 0xce9b, 0xce9b, 0xce9b, 0xce9b, 0xce9b, 0xce9b, 0xce9b, 0xce9b, 0xce9b, 0xce9b, 0xce9b, 0xce9b, 0xce9b, 0xce9b, 0xce9b, 0xce9b, 0xce9b, 0xce9b, 0xce9b, 0xce9b, 0xce9b, 0xce9b, 0xce9b, 0xce9b, 0xce9b, 0xce9b, 0xce9b, 0xce9b, 0xce9b, 0xce9b, 0xce9b, 0xce9b, 0xce9b, 0xce9b, 0xce9b, 0xce9b, 0xce9b, 0xce9b, 0xce9b, 0xce9b, 0xce9b, 0xce9b, 0xce9b, 0xce9b, 0xce9b, 0xce9b, 0xce9b, 0xce9b, 0xce9b, 0xce9b, 0xce9b, 0xce9b, 0xce9b, 0xce9b, 0xce9b, 0xce9b, 0xc65a, 0xc65a, 0xc65a, 0xc65a, 0xc63a, 0xc65a, 0xc65a, 0xc659, 0xc659, 0xbe39, 0xbe59, 0xc639, 0xc639, 0xc639, 0xbe39, 0xc639, 0xc639, 0xbe19, 0xbe19, 0xbe19, 0xbe19, 0xbdf8, 0xb5d8, 0xad97, 0xa556, 0x9d15, 0x94d3, 0x94b3, 0x94b2, 0x8c30, 0x8430, 0x8430, 
  0x8c92, 0x7c31, 0x8c73, 0x94d4, 0x94f4, 0x94f4, 0x94f4, 0x9d15, 0xa556, 0xb5b8, 0xbdf9, 0xbe39, 0xbe39, 0xbe39, 0xc65a, 0xc65a, 0xc65a, 0xc65a, 0xc65a, 0xc65a, 0xc67a, 0xc67a, 0xc67a, 0xc67a, 0xc67a, 0xc67a, 0xc67a, 0xc67a, 0xc67a, 0xc67a, 0xce9a, 0xce9a, 0xc67a, 0xc67a, 0xce9a, 0xce9b, 0xce9b, 0xce9b, 0xce9a, 0xce9a, 0xce9a, 0xce9a, 0xce9a, 0xce9b, 0xce9b, 0xce9b, 0xce9b, 0xce9b, 0xce9b, 0xce9b, 0xce9b, 0xce9b, 0xce9b, 0xce9b, 0xce9b, 0xce9b, 0xce9b, 0xce9b, 0xce9b, 0xce9b, 0xce9b, 0xce9b, 0xce9b, 0xce9b, 0xce9b, 0xce9b, 0xce9b, 0xce9b, 0xce9b, 0xce9b, 0xce9b, 0xce9b, 0xce9b, 0xce9b, 0xce9b, 0xce9b, 0xce9b, 0xce9b, 0xce9b, 0xce9b, 0xce9b, 0xce9b, 0xce9b, 0xce9b, 0xce9b, 0xce9b, 0xce9b, 0xce9b, 0xce9b, 0xce9b, 0xce9b, 0xce9b, 0xce9b, 0xce9b, 0xce9b, 0xce9b, 0xce9b, 0xce9b, 0xce9b, 0xce9b, 0xce9b, 0xce9b, 0xce9b, 0xce9b, 0xce9b, 0xce9b, 0xce9b, 0xce9b, 0xce9b, 0xce9b, 0xce9b, 0xce9b, 0xce9b, 0xce9b, 0xce9b, 0xce9b, 0xce9b, 0xce9b, 0xce9b, 0xce9b, 0xce9b, 0xce9b, 0xce9b, 0xce9b, 0xce9b, 0xce9b, 0xce9b, 0xce9b, 0xce9b, 0xce9b, 0xce9b, 0xce9b, 0xce9b, 0xce9b, 0xce9b, 0xce9b, 0xce9b, 0xce9b, 0xce9b, 0xce9b, 0xce9b, 0xce9b, 0xce9b, 0xce9b, 0xce9b, 0xce9b, 0xce9b, 0xce9b, 0xce9b, 0xce9b, 0xce9b, 0xce9b, 0xce9b, 0xce9b, 0xce9b, 0xce9b, 0xce9b, 0xce9b, 0xce9b, 0xce9b, 0xce9b, 0xce9b, 0xce9b, 0xce9b, 0xce9b, 0xce9b, 0xce9b, 0xce9b, 0xce9b, 0xce9b, 0xce9b, 0xce9b, 0xce9b, 0xce9b, 0xce9b, 0xce9b, 0xce9b, 0xce9b, 0xce9b, 0xce9b, 0xce9b, 0xce9b, 0xce9b, 0xce9b, 0xce9b, 0xce9b, 0xce9b, 0xce9b, 0xce9b, 0xce9b, 0xce9b, 0xce9b, 0xce9b, 0xce9b, 0xce9b, 0xce9b, 0xce9b, 0xce9b, 0xce9b, 0xce9b, 0xce9b, 0xce9b, 0xce9b, 0xce9b, 0xce9b, 0xce9b, 0xce9b, 0xce9b, 0xc65a, 0xc65a, 0xc65a, 0xc65a, 0xc65a, 0xc65a, 0xc65a, 0xc639, 0xc639, 0xc639, 0xc639, 0xc639, 0xbe39, 0xbe39, 0xbe39, 0xbe39, 0xbe39, 0xbe39, 0xbe19, 0xbe19, 0xbe19, 0xbe19, 0xb5d8, 0xb5b7, 0xa576, 0x9d15, 0x94d3, 0x94b3, 0x94b2, 0x8c50, 0x8c30, 0x8430, 
  0x8c72, 0x7c31, 0x8cb3, 0x94f4, 0x94f5, 0x94f5, 0x94f5, 0x9d15, 0xad77, 0xb5d8, 0xbe19, 0xbe39, 0xc659, 0xc659, 0xc659, 0xc65a, 0xc65a, 0xc65a, 0xc65a, 0xc67a, 0xc67a, 0xc67a, 0xc67a, 0xc67a, 0xc67a, 0xc67a, 0xc67a, 0xc67a, 0xc67a, 0xc67a, 0xce9a, 0xce9a, 0xce9a, 0xce9a, 0xce9a, 0xce9a, 0xce9b, 0xce9b, 0xce9b, 0xce9b, 0xce9b, 0xce9b, 0xce9b, 0xce9b, 0xce9b, 0xce9b, 0xce9b, 0xce9b, 0xce9b, 0xce9b, 0xce9b, 0xce9b, 0xce9b, 0xce9b, 0xce9b, 0xce9b, 0xce9b, 0xce9b, 0xce9b, 0xce9b, 0xce9b, 0xce9b, 0xce9b, 0xce9b, 0xce9b, 0xce9b, 0xce9b, 0xce9b, 0xce9b, 0xce9b, 0xce9b, 0xce9b, 0xce9b, 0xce9b, 0xce9b, 0xce9b, 0xce9b, 0xce9b, 0xce9b, 0xce9b, 0xce9b, 0xce9b, 0xce9b, 0xce9b, 0xce9b, 0xce9b, 0xce9b, 0xce9b, 0xce9b, 0xce9b, 0xce9b, 0xce9b, 0xce9b, 0xce9b, 0xce9b, 0xce9b, 0xce9b, 0xce9b, 0xce9b, 0xce9b, 0xce9b, 0xce9b, 0xce9b, 0xce9b, 0xce9b, 0xce9b, 0xce9b, 0xce9b, 0xce9b, 0xce9b, 0xce9b, 0xce9b, 0xce9b, 0xce9b, 0xce9b, 0xce9b, 0xce9b, 0xce9b, 0xce9b, 0xce9b, 0xce9b, 0xce9b, 0xce9b, 0xce9b, 0xce9b, 0xce9b, 0xce9b, 0xce9b, 0xce9b, 0xce9b, 0xce9b, 0xce9b, 0xce9b, 0xce9b, 0xce9b, 0xce9b, 0xce9b, 0xce9b, 0xce9b, 0xce9b, 0xce9b, 0xce9b, 0xce9b, 0xce9b, 0xce9b, 0xce9b, 0xce9b, 0xce9b, 0xce9b, 0xce9b, 0xce9b, 0xce9b, 0xce9b, 0xce9b, 0xce9b, 0xce9b, 0xce9b, 0xce9b, 0xce9b, 0xce9b, 0xce9b, 0xce9b, 0xce9b, 0xce9b, 0xce9b, 0xce9b, 0xce9b, 0xce9b, 0xce9b, 0xce9b, 0xce9b, 0xce9b, 0xce9b, 0xce9b, 0xce9b, 0xce9b, 0xce9b, 0xce9b, 0xce9b, 0xce9b, 0xce9b, 0xce9b, 0xce9b, 0xce9b, 0xce9b, 0xce9b, 0xce9b, 0xce9b, 0xce9b, 0xce9b, 0xce9b, 0xce9b, 0xce9b, 0xce9b, 0xce9b, 0xce9b, 0xce9b, 0xce9b, 0xce9b, 0xce9b, 0xce9b, 0xce9b, 0xce9b, 0xce9b, 0xce9b, 0xce9b, 0xce9b, 0xce9b, 0xce9b, 0xc65a, 0xc65a, 0xc65a, 0xc65a, 0xc65a, 0xc65a, 0xc639, 0xc639, 0xc639, 0xc639, 0xc639, 0xbe39, 0xbe39, 0xbe39, 0xbe39, 0xbe39, 0xbe19, 0xbe19, 0xbe19, 0xbe19, 0xbe19, 0xbdf8, 0xb5b7, 0xad76, 0xa535, 0x9cf4, 0x94b3, 0x94b2, 0x9471, 0x8c30, 0x842f, 
  0x8c72, 0x8452, 0x94b4, 0x94f4, 0x94f5, 0x94f5, 0x94f5, 0x9d36, 0xad97, 0xbdf8, 0xbe19, 0xbe39, 0xc659, 0xc659, 0xc659, 0xc65a, 0xc65a, 0xc65a, 0xc65a, 0xc65a, 0xc67a, 0xc67a, 0xc67a, 0xc67a, 0xc67a, 0xc67a, 0xc67a, 0xc67a, 0xc67a, 0xc67a, 0xce9a, 0xce9a, 0xce9a, 0xce9a, 0xce9a, 0xce9a, 0xce9a, 0xce9a, 0xce9b, 0xce9b, 0xce9b, 0xce9b, 0xce9b, 0xce9b, 0xce9b, 0xce9b, 0xce9b, 0xce9b, 0xce9b, 0xce9b, 0xce9b, 0xce9b, 0xce9b, 0xce9b, 0xce9b, 0xce9b, 0xce9b, 0xce9b, 0xce9b, 0xce9b, 0xce9b, 0xce9b, 0xce9b, 0xce9b, 0xce9b, 0xce9b, 0xce9b, 0xce9b, 0xce9b, 0xce9b, 0xce9b, 0xce9b, 0xce9b, 0xce9b, 0xce9b, 0xce9b, 0xce9b, 0xce9b, 0xce9b, 0xce9b, 0xce9b, 0xce9b, 0xce9b, 0xce9b, 0xce9b, 0xce9b, 0xce9b, 0xce9b, 0xce9b, 0xce9b, 0xce9b, 0xce9b, 0xce9b, 0xce9b, 0xce9b, 0xce9b, 0xce9b, 0xce9b, 0xce9b, 0xce9b, 0xce9b, 0xce9b, 0xce9b, 0xce9b, 0xce9b, 0xce9b, 0xce9b, 0xce9b, 0xce9b, 0xce9b, 0xce9b, 0xce9b, 0xce9b, 0xce9b, 0xce9b, 0xce9b, 0xce9b, 0xce9b, 0xce9b, 0xce9b, 0xce9b, 0xce9b, 0xce9b, 0xce9b, 0xce9b, 0xce9b, 0xce9b, 0xce9b, 0xce9b, 0xce9b, 0xce9b, 0xce9b, 0xce9b, 0xce9b, 0xce9b, 0xce9b, 0xce9b, 0xce9b, 0xce9b, 0xce9b, 0xce9b, 0xce9b, 0xce9b, 0xce9b, 0xce9b, 0xce9b, 0xce9b, 0xce9b, 0xce9b, 0xce9b, 0xce9b, 0xce9b, 0xce9b, 0xce9b, 0xce9b, 0xce9b, 0xce9b, 0xce9b, 0xce9b, 0xce9b, 0xce9b, 0xce9b, 0xce9b, 0xce9b, 0xce9b, 0xce9b, 0xce9b, 0xce9b, 0xce9b, 0xce9b, 0xce9b, 0xce9b, 0xce9b, 0xce9b, 0xce9b, 0xce9b, 0xce9b, 0xce9b, 0xce9b, 0xce9b, 0xce9b, 0xce9b, 0xce9b, 0xce9b, 0xce9b, 0xce9b, 0xce9b, 0xce9b, 0xce9b, 0xce9b, 0xce9b, 0xce9b, 0xce9b, 0xce9b, 0xce9b, 0xce9b, 0xce9b, 0xce9b, 0xce9b, 0xce9b, 0xce9b, 0xce9b, 0xce9b, 0xce9b, 0xce9b, 0xce9b, 0xce9b, 0xce9b, 0xce9b, 0xc65a, 0xc65a, 0xc65a, 0xc65a, 0xc65a, 0xc65a, 0xc659, 0xc639, 0xc639, 0xc639, 0xc639, 0xc639, 0xbe39, 0xbe39, 0xbe39, 0xbe39, 0xbe19, 0xbe19, 0xbe19, 0xbe19, 0xbe19, 0xbdf8, 0xb5d8, 0xad97, 0xa555, 0x9d14, 0x94d3, 0x94d3, 0x9491, 0x8c50, 0x840f, 
  0x8451, 0x8c72, 0x94d4, 0x94f4, 0x94f4, 0x94f4, 0x9cf5, 0xa556, 0xadb7, 0xbdf9, 0xbe19, 0xbe39, 0xbe39, 0xc659, 0xc659, 0xc65a, 0xc65a, 0xc65a, 0xc65a, 0xc67a, 0xc67a, 0xc67a, 0xc67a, 0xc67a, 0xc67a, 0xc67a, 0xc67a, 0xc67a, 0xc67a, 0xc67a, 0xc67a, 0xc67a, 0xc67a, 0xc67a, 0xce9a, 0xce9b, 0xce9b, 0xce9b, 0xce9b, 0xce9b, 0xce9a, 0xce9b, 0xce9b, 0xce9b, 0xce9b, 0xce9b, 0xce9a, 0xce9b, 0xce9b, 0xce9b, 0xce9b, 0xce9b, 0xce9b, 0xce9b, 0xce9b, 0xce9b, 0xce9b, 0xce9b, 0xce9b, 0xce9b, 0xce9b, 0xce9b, 0xce9b, 0xce9b, 0xce9b, 0xce9b, 0xce9b, 0xce9b, 0xce9b, 0xce9b, 0xce9b, 0xce9b, 0xce9b, 0xce9b, 0xce9b, 0xce9b, 0xce9b, 0xce9b, 0xce9b, 0xce9b, 0xce9b, 0xce9b, 0xce9b, 0xce9b, 0xce9b, 0xce9b, 0xce9b, 0xce9b, 0xce9b, 0xce9b, 0xce9b, 0xce9b, 0xce9b, 0xce9b, 0xce9b, 0xce9b, 0xce9b, 0xce9b, 0xce9b, 0xce9b, 0xce9b, 0xce9b, 0xce9b, 0xce9b, 0xce9b, 0xce9b, 0xce9b, 0xce9b, 0xce9b, 0xce9b, 0xce9b, 0xce9b, 0xce9b, 0xce9b, 0xce9b, 0xce9b, 0xce9b, 0xce9b, 0xce9b, 0xce9b, 0xce9b, 0xce9b, 0xce9b, 0xce9b, 0xce9b, 0xce9b, 0xce9b, 0xce9b, 0xce9b, 0xce9b, 0xce9b, 0xce9b, 0xce9b, 0xce9b, 0xce9b, 0xce9b, 0xce9b, 0xce9b, 0xce9b, 0xce9b, 0xce9b, 0xce9b, 0xce9b, 0xce9b, 0xce9b, 0xce9b, 0xce9b, 0xce9b, 0xce9b, 0xce9b, 0xce9b, 0xce9b, 0xce9b, 0xce9b, 0xce9b, 0xce9b, 0xce9b, 0xce9b, 0xce9b, 0xce9b, 0xce9b, 0xce9b, 0xce9b, 0xce9b, 0xce9b, 0xce9b, 0xce9b, 0xce9b, 0xce9b, 0xce9b, 0xce9b, 0xce9b, 0xce9b, 0xce9b, 0xce9b, 0xce9b, 0xce9b, 0xce9b, 0xce9b, 0xce9b, 0xce9b, 0xce9b, 0xce9b, 0xce9b, 0xce9b, 0xce9b, 0xce9b, 0xce9b, 0xce9b, 0xce9b, 0xce9b, 0xce9b, 0xce9b, 0xce9b, 0xce9b, 0xce9b, 0xce9b, 0xce9b, 0xce9b, 0xce9b, 0xce9b, 0xce9b, 0xce9b, 0xce9b, 0xce9b, 0xce9b, 0xce9b, 0xce9b, 0xce9b, 0xce9b, 0xc65a, 0xc65a, 0xc65a, 0xc65a, 0xc659, 0xc659, 0xc639, 0xc639, 0xc639, 0xc639, 0xbe39, 0xbe39, 0xbe39, 0xbe19, 0xbe39, 0xbe19, 0xbe19, 0xbe19, 0xbe19, 0xbe19, 0xbe19, 0xb5d8, 0xb5b7, 0xa576, 0x9d14, 0x94d3, 0x94d3, 0x94b2, 0x8c70, 0x8c50, 
  0x8452, 0x8c93, 0x94d4, 0x94f5, 0x94f5, 0x94f5, 0x9d15, 0xa556, 0xb5b8, 0xbdf9, 0xbe19, 0xbe39, 0xc659, 0xc659, 0xc659, 0xc65a, 0xc65a, 0xc65a, 0xc65a, 0xc67a, 0xc67a, 0xc67a, 0xc67a, 0xc67a, 0xc67a, 0xc67a, 0xc67a, 0xc67a, 0xc67a, 0xc67a, 0xc67a, 0xce9a, 0xce9a, 0xce9a, 0xce9a, 0xce9a, 0xce9b, 0xce9b, 0xce9b, 0xce9b, 0xce9b, 0xce9b, 0xce9b, 0xce9b, 0xce9b, 0xce9b, 0xce9a, 0xce9a, 0xce9b, 0xce9b, 0xce9b, 0xce9b, 0xce9b, 0xce9b, 0xce9b, 0xce9b, 0xce9b, 0xce9b, 0xce9b, 0xce9b, 0xce9b, 0xce9b, 0xce9b, 0xce9b, 0xce9b, 0xce9b, 0xce9b, 0xce9b, 0xce9b, 0xce9b, 0xce9b, 0xce9b, 0xce9b, 0xce9b, 0xce9b, 0xce9b, 0xce9b, 0xce9b, 0xce9b, 0xce9b, 0xce9b, 0xce9b, 0xce9b, 0xce9b, 0xce9b, 0xce9b, 0xce9b, 0xce9b, 0xce9b, 0xce9b, 0xce9b, 0xce9b, 0xce9b, 0xce9b, 0xce9b, 0xce9b, 0xce9b, 0xce9b, 0xce9b, 0xce9b, 0xce9b, 0xce9b, 0xce9b, 0xce9b, 0xce9b, 0xce9b, 0xce9b, 0xce9b, 0xce9b, 0xce9b, 0xce9b, 0xce9b, 0xce9b, 0xce9b, 0xce9b, 0xce9b, 0xce9b, 0xce9b, 0xce9b, 0xce9b, 0xce9b, 0xce9b, 0xce9b, 0xce9b, 0xce9b, 0xce9b, 0xce9b, 0xce9b, 0xce9b, 0xce9b, 0xce9b, 0xce9b, 0xce9b, 0xce9b, 0xce9b, 0xce9b, 0xce9b, 0xce9b, 0xce9b, 0xce9b, 0xce9b, 0xce9b, 0xce9b, 0xce9b, 0xce9b, 0xce9b, 0xce9b, 0xce9b, 0xce9b, 0xce9b, 0xce9b, 0xce9b, 0xce9b, 0xce9b, 0xce9b, 0xce9b, 0xce9b, 0xce9b, 0xce9b, 0xce9b, 0xce9b, 0xce9b, 0xce9b, 0xce9b, 0xce9b, 0xce9b, 0xce9b, 0xce9b, 0xce9b, 0xce9b, 0xce9b, 0xce9b, 0xce9b, 0xce9b, 0xce9b, 0xce9b, 0xce9b, 0xce9b, 0xce9b, 0xce9b, 0xce9b, 0xce9b, 0xce9b, 0xce9b, 0xce9b, 0xce9b, 0xce9b, 0xce9b, 0xce9b, 0xce9b, 0xce9b, 0xce9b, 0xce9b, 0xce9b, 0xce9b, 0xce9b, 0xce9b, 0xce9b, 0xce9b, 0xce9b, 0xce9b, 0xce9b, 0xce9b, 0xce9b, 0xce9b, 0xce9b, 0xce9b, 0xce9b, 0xce9b, 0xce9b, 0xc65a, 0xc65a, 0xc65a, 0xc65a, 0xc65a, 0xc659, 0xc659, 0xc639, 0xc639, 0xc639, 0xc639, 0xc639, 0xc639, 0xbe19, 0xbe39, 0xbe19, 0xbe39, 0xbe19, 0xbe19, 0xbe19, 0xbdf9, 0xbdf8, 0xb5d8, 0xad76, 0x9d35, 0x94f4, 0x94d3, 0x94d2, 0x9491, 0x9470, 
  0x8452, 0x8cb3, 0x94d4, 0x94d4, 0x94f4, 0x94f4, 0x9d36, 0xad97, 0xb5d8, 0xbe19, 0xbe39, 0xbe39, 0xc659, 0xc659, 0xc65a, 0xc65a, 0xc65a, 0xc65a, 0xc67a, 0xc67a, 0xc67a, 0xc67a, 0xc67a, 0xc67a, 0xc67a, 0xc67a, 0xc67a, 0xc67a, 0xc67a, 0xce9a, 0xce9a, 0xce9a, 0xce9a, 0xce9a, 0xce9b, 0xce9b, 0xce9b, 0xce9b, 0xce9b, 0xce9b, 0xce9a, 0xce9b, 0xce9b, 0xce9b, 0xce9a, 0xce9b, 0xce9b, 0xce9b, 0xce9b, 0xce9b, 0xce9b, 0xce9b, 0xce9b, 0xce9b, 0xce9b, 0xce9b, 0xce9b, 0xce9b, 0xce9b, 0xce9b, 0xce9b, 0xce9b, 0xce9b, 0xce9b, 0xce9b, 0xce9b, 0xce9b, 0xce9b, 0xce9b, 0xce9b, 0xce9b, 0xce9b, 0xce9b, 0xce9b, 0xce9b, 0xce9b, 0xce9b, 0xce9b, 0xce9b, 0xce9b, 0xce9b, 0xce9b, 0xce9b, 0xce9b, 0xce9b, 0xce9b, 0xce9b, 0xce9b, 0xce9b, 0xce9b, 0xce9b, 0xce9b, 0xce9b, 0xce9b, 0xce9b, 0xce9b, 0xce9b, 0xce9b, 0xce9b, 0xce9b, 0xce9b, 0xce9b, 0xce9b, 0xce9b, 0xce9b, 0xce9b, 0xce9b, 0xce9b, 0xce9b, 0xce9b, 0xce9b, 0xce9b, 0xce9b, 0xce9b, 0xce9b, 0xce9b, 0xce9b, 0xce9b, 0xce9b, 0xce9b, 0xce9b, 0xce9b, 0xce9b, 0xce9b, 0xce9b, 0xce9b, 0xce9b, 0xce9b, 0xce9b, 0xce9b, 0xce9b, 0xce9b, 0xce9b, 0xce9b, 0xce9b, 0xce9b, 0xce9b, 0xce9b, 0xce9b, 0xce9b, 0xce9b, 0xce9b, 0xce9b, 0xce9b, 0xce9b, 0xce9b, 0xce9b, 0xce9b, 0xce9b, 0xce9b, 0xce9b, 0xce9b, 0xce9b, 0xce9b, 0xce9b, 0xce9b, 0xce9b, 0xce9b, 0xce9b, 0xce9b, 0xce9b, 0xce9b, 0xce9b, 0xce9b, 0xce9b, 0xce9b, 0xce9b, 0xce9b, 0xce9b, 0xce9b, 0xce9b, 0xce9b, 0xce9b, 0xce9b, 0xce9b, 0xce9b, 0xce9b, 0xce9b, 0xce9b, 0xce9b, 0xce9b, 0xce9b, 0xce9b, 0xce9b, 0xce9b, 0xce9b, 0xce9b, 0xce9b, 0xce9b, 0xce9b, 0xce9b, 0xce9b, 0xce9b, 0xce9b, 0xce9b, 0xce9b, 0xce9b, 0xce9b, 0xce9b, 0xce9b, 0xce9b, 0xce9b, 0xce9b, 0xce9b, 0xce9b, 0xce9b, 0xce9b, 0xce9b, 0xce9b, 0xce9b, 0xc65a, 0xc65a, 0xc65a, 0xc65a, 0xc65a, 0xc65a, 0xc659, 0xc639, 0xc639, 0xc639, 0xc639, 0xc639, 0xc639, 0xbe39, 0xbe39, 0xbe19, 0xbe19, 0xbe39, 0xbe39, 0xad97, 0x8c72, 0x5aec, 0x3186, 0x1082, 0x7c11, 0x9cf4, 0x94b3, 0x9cd3, 0x9491, 0x9c91, 
  0x8c72, 0x8cb3, 0x94d4, 0x94d4, 0x8c92, 0x1082, 0x2945, 0x52ab, 0x8452, 0xad97, 0xbe39, 0xc65a, 0xc65a, 0xc659, 0xc659, 0xc65a, 0xc65a, 0xc65a, 0xc67a, 0xc67a, 0xc67a, 0xc67a, 0xc67a, 0xc67a, 0xc67a, 0xc67a, 0xc67a, 0xc67a, 0xc67a, 0xce9a, 0xce9a, 0xce9a, 0xce9a, 0xce9a, 0xce9a, 0xce9a, 0xce9a, 0xce9b, 0xce9b, 0xce9b, 0xce9b, 0xce9b, 0xce9b, 0xce9b, 0xce9b, 0xce9b, 0xce9b, 0xce9b, 0xce9b, 0xce9b, 0xce9b, 0xce9b, 0xce9b, 0xce9b, 0xce9b, 0xce9b, 0xce9b, 0xce9b, 0xce9b, 0xce9b, 0xce9b, 0xce9b, 0xce9b, 0xce9b, 0xce9b, 0xce9b, 0xce9b, 0xce9b, 0xce9b, 0xce9b, 0xce9b, 0xce9b, 0xce9b, 0xce9b, 0xce9b, 0xce9b, 0xce9b, 0xce9b, 0xce9b, 0xce9b, 0xce9b, 0xce9b, 0xce9b, 0xce9b, 0xce9b, 0xce9b, 0xce9b, 0xce9b, 0xce9b, 0xce9b, 0xce9b, 0xce9b, 0xce9b, 0xce9b, 0xce9b, 0xce9b, 0xce9b, 0xce9b, 0xce9b, 0xce9b, 0xce9b, 0xce9b, 0xce9b, 0xce9b, 0xce9b, 0xce9b, 0xce9b, 0xce9b, 0xce9b, 0xce9b, 0xce9b, 0xce9b, 0xce9b, 0xce9b, 0xce9b, 0xce9b, 0xce9b, 0xce9b, 0xce9b, 0xce9b, 0xce9b, 0xce9b, 0xce9b, 0xce9b, 0xce9b, 0xce9b, 0xce9b, 0xce9b, 0xce9b, 0xce9b, 0xce9b, 0xce9b, 0xce9b, 0xce9b, 0xce9b, 0xce9b, 0xce9b, 0xce9b, 0xce9b, 0xce9b, 0xce9b, 0xce9b, 0xce9b, 0xce9b, 0xce9b, 0xce9b, 0xce9b, 0xce9b, 0xce9b, 0xce9b, 0xce9b, 0xce9b, 0xce9b, 0xce9b, 0xce9b, 0xce9b, 0xce9b, 0xce9b, 0xce9b, 0xce9b, 0xce9b, 0xce9b, 0xce9b, 0xce9b, 0xce9b, 0xce9b, 0xce9b, 0xce9b, 0xce9b, 0xce9b, 0xce9b, 0xce9b, 0xce9b, 0xce9b, 0xce9b, 0xce9b, 0xce9b, 0xce9b, 0xce9b, 0xce9b, 0xce9b, 0xce9b, 0xce9b, 0xce9b, 0xce9b, 0xce9b, 0xce9b, 0xce9b, 0xce9b, 0xce9b, 0xce9b, 0xce9b, 0xce9b, 0xce9b, 0xce9b, 0xce9b, 0xce9b, 0xce9b, 0xce9b, 0xce9b, 0xce9b, 0xce9b, 0xce9b, 0xce9b, 0xce9b, 0xce9b, 0xce9b, 0xce9b, 0xce9b, 0xce9b, 0xc65a, 0xc65a, 0xc65a, 0xc65a, 0xc65a, 0xc65a, 0xc659, 0xc639, 0xc639, 0xc639, 0xc639, 0xc639, 0xc639, 0xbe39, 0xbe19, 0xbe19, 0x8431, 0x4a49, 0x2104, 0x0021, 0x0000, 0x0000, 0x0000, 0x0000, 0x52ec, 0x9514, 0x94d3, 0x9cf3, 0x9cd2, 0x9c91, 
  0x8c93, 0x94b4, 0x94d4, 0x94d4, 0x73cf, 0x0000, 0x0000, 0x0841, 0x18c3, 0x1905, 0x2987, 0x4a8b, 0x8411, 0xc63a, 0xc65a, 0xc65a, 0xc65a, 0xc65a, 0xc67a, 0xc67a, 0xc67a, 0xc67a, 0xc67a, 0xc67a, 0xc67a, 0xc67a, 0xc67a, 0xc67a, 0xce9a, 0xce9a, 0xce9b, 0xce9b, 0xce9b, 0xce9b, 0xce9a, 0xce9a, 0xce9b, 0xce9b, 0xce9b, 0xce9b, 0xce9b, 0xce9b, 0xce9b, 0xce9b, 0xce9b, 0xce9b, 0xce9b, 0xce9b, 0xce9b, 0xce9b, 0xce9b, 0xce9b, 0xce9b, 0xce9b, 0xce9b, 0xce9b, 0xce9b, 0xce9b, 0xce9b, 0xce9b, 0xce9b, 0xce9b, 0xce9b, 0xce9b, 0xce9b, 0xce9b, 0xce9b, 0xce9b, 0xce9b, 0xce9b, 0xce9b, 0xce9b, 0xce9b, 0xce9b, 0xce9b, 0xce9b, 0xce9b, 0xce9b, 0xce9b, 0xce9b, 0xce9b, 0xce9b, 0xce9b, 0xce9b, 0xce9b, 0xce9b, 0xce9b, 0xce9b, 0xce9b, 0xce9b, 0xce9b, 0xce9b, 0xce9b, 0xce9b, 0xce9b, 0xce9b, 0xce9b, 0xce9b, 0xce9b, 0xce9b, 0xce9b, 0xce9b, 0xce9b, 0xce9b, 0xce9b, 0xce9b, 0xce9b, 0xce9b, 0xce9b, 0xce9b, 0xce9b, 0xce9b, 0xce9b, 0xce9b, 0xce9b, 0xce9b, 0xce9b, 0xce9b, 0xce9b, 0xce9b, 0xce9b, 0xce9b, 0xce9b, 0xce9b, 0xce9b, 0xce9b, 0xce9b, 0xce9b, 0xce9b, 0xce9b, 0xce9b, 0xce9b, 0xce9b, 0xce9b, 0xce9b, 0xce9b, 0xce9b, 0xce9b, 0xce9b, 0xce9b, 0xce9b, 0xce9b, 0xce9b, 0xce9b, 0xce9b, 0xce9b, 0xce9b, 0xce9b, 0xce9b, 0xce9b, 0xce9b, 0xce9b, 0xce9b, 0xce9b, 0xce9b, 0xce9b, 0xce9b, 0xce9b, 0xce9b, 0xce9b, 0xce9b, 0xce9b, 0xce9b, 0xce9b, 0xce9b, 0xce9b, 0xce9b, 0xce9b, 0xce9b, 0xce9b, 0xce9b, 0xce9b, 0xce9b, 0xce9b, 0xce9b, 0xce9b, 0xce9b, 0xce9b, 0xce9b, 0xce9b, 0xce9b, 0xce9b, 0xce9b, 0xce9b, 0xce9b, 0xce9b, 0xce9b, 0xce9b, 0xce9b, 0xce9b, 0xce9b, 0xce9b, 0xce9b, 0xce9b, 0xce9b, 0xce9b, 0xce9b, 0xce9b, 0xce9b, 0xce9b, 0xce9b, 0xce9b, 0xce9b, 0xce9b, 0xce9b, 0xce9b, 0xce9b, 0xce9b, 0xce9b, 0xce9b, 0xc65a, 0xc659, 0xc65a, 0xc65a, 0xc65a, 0xc63a, 0xc639, 0xc639, 0xc639, 0xc639, 0xc639, 0xc639, 0xc639, 0xbe39, 0xbe39, 0xc639, 0x39e8, 0x0000, 0x0000, 0x0000, 0x0000, 0x0000, 0x0000, 0x0000, 0x31c7, 0x9d15, 0x94d4, 0x94d3, 0xa4f2, 0x9cb1, 
  0x8c93, 0x94d4, 0x94d4, 0x94d4, 0x52cb, 0x0000, 0x0000, 0x0861, 0x18e3, 0x1904, 0x2105, 0x1925, 0x4a4b, 0xc65a, 0xc65a, 0xc65a, 0xc65a, 0xc65a, 0xc67a, 0xc67a, 0xc67a, 0xc67a, 0xc67a, 0xc67a, 0xc67a, 0xc67a, 0xc67a, 0xce9a, 0xce9a, 0xce9a, 0xce9a, 0xce9a, 0xce9b, 0xce9b, 0xce9b, 0xce9b, 0xce9b, 0xce9b, 0xce9b, 0xce9a, 0xce9b, 0xce9b, 0xce9b, 0xce9b, 0xce9b, 0xce9b, 0xce9b, 0xce9b, 0xce9b, 0xce9b, 0xce9b, 0xce9b, 0xce9b, 0xce9b, 0xce9b, 0xce9b, 0xce9b, 0xce9b, 0xce9b, 0xce9b, 0xce9b, 0xce9b, 0xce9b, 0xce9b, 0xce9b, 0xce9b, 0xce9b, 0xce9b, 0xce9b, 0xce9b, 0xce9b, 0xce9b, 0xce9b, 0xce9b, 0xce9b, 0xce9b, 0xce9b, 0xce9b, 0xce9b, 0xce9b, 0xce9b, 0xce9b, 0xce9b, 0xce9b, 0xce9b, 0xce9b, 0xce9b, 0xce9b, 0xce9b, 0xce9b, 0xce9b, 0xce9b, 0xce9b, 0xce9b, 0xce9b, 0xce9b, 0xce9b, 0xce9b, 0xce9b, 0xce9b, 0xce9b, 0xce9b, 0xce9b, 0xce9b, 0xce9b, 0xce9b, 0xce9b, 0xce9b, 0xce9b, 0xce9b, 0xce9b, 0xce9b, 0xce9b, 0xce9b, 0xce9b, 0xce9b, 0xce9b, 0xce9b, 0xce9b, 0xce9b, 0xce9b, 0xce9b, 0xce9b, 0xce9b, 0xce9b, 0xce9b, 0xce9b, 0xce9b, 0xce9b, 0xce9b, 0xce9b, 0xce9b, 0xce9b, 0xce9b, 0xce9b, 0xce9b, 0xce9b, 0xce9b, 0xce9b, 0xce9b, 0xce9b, 0xce9b, 0xce9b, 0xce9b, 0xce9b, 0xce9b, 0xce9b, 0xce9b, 0xce9b, 0xce9b, 0xce9b, 0xce9b, 0xce9b, 0xce9b, 0xce9b, 0xce9b, 0xce9b, 0xce9b, 0xce9b, 0xce9b, 0xce9b, 0xce9b, 0xce9b, 0xce9b, 0xce9b, 0xce9b, 0xce9b, 0xce9b, 0xce9b, 0xce9b, 0xce9b, 0xce9b, 0xce9b, 0xce9b, 0xce9b, 0xce9b, 0xce9b, 0xce9b, 0xce9b, 0xce9b, 0xce9b, 0xce9b, 0xce9b, 0xce9b, 0xce9b, 0xce9b, 0xce9b, 0xce9b, 0xce9b, 0xce9b, 0xce9b, 0xce9b, 0xce9b, 0xce9b, 0xce9b, 0xce9b, 0xce9b, 0xce9b, 0xce9b, 0xce9b, 0xce9b, 0xce9b, 0xce9b, 0xce9b, 0xce9b, 0xce9b, 0xce9b, 0xce9b, 0xce9b, 0xc65a, 0xc65a, 0xc65a, 0xc65a, 0xc65a, 0xc65a, 0xc63a, 0xc639, 0xc639, 0xc639, 0xc639, 0xc639, 0xc639, 0xc639, 0xc639, 0xbe19, 0xc639, 0x630d, 0x0000, 0x0000, 0x0000, 0x0000, 0x0841, 0x2925, 0x4a49, 0x7bf0, 0x9d35, 0x94f4, 0x94d3, 0xa513, 0xa4f2, 
  0x94b3, 0x94d4, 0x94d4, 0x94f4, 0x7bf0, 0x4229, 0x2945, 0x10a3, 0x18c4, 0x20e4, 0x2125, 0x2125, 0x6b4f, 0xc65a, 0xc65a, 0xc65a, 0xc65a, 0xc65a, 0xc67a, 0xc67a, 0xc67a, 0xc67a, 0xc67a, 0xc67a, 0xc67a, 0xc67a, 0xc67a, 0xc67a, 0xce9a, 0xce9b, 0xce9b, 0xce9b, 0xce9b, 0xce9b, 0xce9b, 0xce9b, 0xce9b, 0xce9b, 0xce9b, 0xce9b, 0xce9b, 0xce9b, 0xce9b, 0xce9b, 0xce9b, 0xce9b, 0xce9b, 0xce9b, 0xce9b, 0xce9b, 0xce9b, 0xce9b, 0xce9b, 0xce9b, 0xce9b, 0xce9b, 0xce9b, 0xce9b, 0xce9b, 0xce9b, 0xce9b, 0xce9b, 0xce9b, 0xce9b, 0xce9b, 0xce9b, 0xce9b, 0xce9b, 0xce9b, 0xce9b, 0xce9b, 0xce9b, 0xce9b, 0xce9b, 0xce9b, 0xce9b, 0xce9b, 0xce9b, 0xce9b, 0xce9b, 0xce9b, 0xce9b, 0xce9b, 0xce9b, 0xce9b, 0xce9b, 0xce9b, 0xce9b, 0xce9b, 0xce9b, 0xce9b, 0xce9b, 0xce9b, 0xce9b, 0xce9b, 0xce9b, 0xce9b, 0xce9b, 0xce9b, 0xce9b, 0xce9b, 0xce9b, 0xce9b, 0xce9b, 0xce9b, 0xce9b, 0xce9b, 0xce9b, 0xce9b, 0xce9b, 0xce9b, 0xce9b, 0xce9b, 0xce9b, 0xce9b, 0xce9b, 0xce9b, 0xce9b, 0xce9b, 0xce9b, 0xce9b, 0xce9b, 0xce9b, 0xce9b, 0xce9b, 0xce9b, 0xce9b, 0xce9b, 0xce9b, 0xce9b, 0xce9b, 0xce9b, 0xce9b, 0xce9b, 0xce9b, 0xce9b, 0xce9b, 0xce9b, 0xce9b, 0xce9b, 0xce9b, 0xce9b, 0xce9b, 0xce9b, 0xce9b, 0xce9b, 0xce9b, 0xce9b, 0xce9b, 0xce9b, 0xce9b, 0xce9b, 0xce9b, 0xce9b, 0xce9b, 0xce9b, 0xce9b, 0xce9b, 0xce9b, 0xce9b, 0xce9b, 0xce9b, 0xce9b, 0xce9b, 0xce9b, 0xce9b, 0xce9b, 0xce9b, 0xce9b, 0xce9b, 0xce9b, 0xce9b, 0xce9b, 0xce9b, 0xce9b, 0xce9b, 0xce9b, 0xce9b, 0xce9b, 0xce9b, 0xce9b, 0xce9b, 0xce9b, 0xce9b, 0xce9b, 0xce9b, 0xce9b, 0xce9b, 0xce9b, 0xce9b, 0xce9b, 0xce9b, 0xce9b, 0xce9b, 0xce9b, 0xce9b, 0xce9b, 0xce9b, 0xce9b, 0xce9b, 0xce9b, 0xce9b, 0xce9b, 0xce9b, 0xce9b, 0xce9b, 0xce9b, 0xce9b, 0xc65a, 0xc65a, 0xc65a, 0xc65a, 0xc65a, 0xc65a, 0xc65a, 0xc65a, 0xc659, 0xc659, 0xc659, 0xbe39, 0xbe39, 0xbe39, 0xbe39, 0xbe39, 0xc639, 0xbe19, 0x8c72, 0x18e4, 0x39e8, 0x6b4d, 0x94d3, 0xb5b7, 0xbe19, 0xbdf8, 0xad97, 0xa556, 0x94f4, 0x8cb3, 0x9d13, 0x9cd2, 
  0x94b4, 0x94d4, 0x94f4, 0x94f4, 0x94f4, 0x9d35, 0xad97, 0xadb7, 0x9d35, 0x7c11, 0x52ec, 0x31c8, 0x8c73, 0xc65a, 0xc65a, 0xc65a, 0xc65a, 0xc67a, 0xc67a, 0xc67a, 0xc67a, 0xc67a, 0xc67a, 0xc67a, 0xc67a, 0xc67a, 0xc67a, 0xc67a, 0xce9a, 0xce9b, 0xce9b, 0xce9b, 0xce9b, 0xce9b, 0xce9b, 0xce9b, 0xce9b, 0xce9b, 0xce9b, 0xce9a, 0xce9b, 0xce9b, 0xce9b, 0xce9b, 0xce9b, 0xce9b, 0xce9b, 0xce9b, 0xce9b, 0xce9b, 0xce9b, 0xce9b, 0xce9b, 0xce9b, 0xce9b, 0xce9b, 0xce9b, 0xce9b, 0xce9b, 0xce9b, 0xce9b, 0xce9b, 0xce9b, 0xce9b, 0xce9b, 0xce9b, 0xce9b, 0xce9b, 0xce9b, 0xce9b, 0xce9b, 0xce9b, 0xce9b, 0xce9b, 0xce9b, 0xce9b, 0xce9b, 0xce9b, 0xce9b, 0xce9b, 0xce9b, 0xce9b, 0xce9b, 0xce9b, 0xce9b, 0xce9b, 0xce9b, 0xce9b, 0xce9b, 0xce9b, 0xce9b, 0xce9b, 0xce9b, 0xce9b, 0xce9b, 0xce9b, 0xce9b, 0xce9b, 0xce9b, 0xce9b, 0xce9b, 0xce9b, 0xce9b, 0xce9b, 0xce9b, 0xce9b, 0xce9b, 0xce9b, 0xce9b, 0xce9b, 0xce9b, 0xce9b, 0xce9b, 0xce9b, 0xce9b, 0xce9b, 0xce9b, 0xce9b, 0xce9b, 0xce9b, 0xce9b, 0xce9b, 0xce9b, 0xce9b, 0xce9b, 0xce9b, 0xce9b, 0xce9b, 0xce9b, 0xce9b, 0xce9b, 0xce9b, 0xce9b, 0xce9b, 0xce9b, 0xce9b, 0xce9b, 0xce9b, 0xce9b, 0xce9b, 0xce9b, 0xce9b, 0xce9b, 0xce9b, 0xce9b, 0xce9b, 0xce9b, 0xce9b, 0xce9b, 0xce9b, 0xce9b, 0xce9b, 0xce9b, 0xce9b, 0xce9b, 0xce9b, 0xce9b, 0xce9b, 0xce9b, 0xce9b, 0xce9b, 0xce9b, 0xce9b, 0xce9b, 0xce9b, 0xce9b, 0xce9b, 0xce9b, 0xce9b, 0xce9b, 0xce9b, 0xce9b, 0xce9b, 0xce9b, 0xce9b, 0xce9b, 0xce9b, 0xce9b, 0xce9b, 0xce9b, 0xce9b, 0xce9b, 0xce9b, 0xce9b, 0xce9b, 0xce9b, 0xce9b, 0xce9b, 0xce9b, 0xce9b, 0xce9b, 0xce9b, 0xce9b, 0xce9b, 0xce9b, 0xce9b, 0xce9b, 0xce9b, 0xce9b, 0xce9b, 0xce9b, 0xce9b, 0xce9b, 0xce9b, 0xce9b, 0xce9b, 0xce9b, 0xc65a, 0xc65a, 0xc65a, 0xc65a, 0xc65a, 0xc65a, 0xc65a, 0xc65a, 0xc659, 0xc659, 0xbe39, 0xbe39, 0xbe39, 0xbe39, 0xbe39, 0xbe39, 0xbe39, 0xbe39, 0xbe19, 0xbe19, 0xbe39, 0xc639, 0xbe39, 0xbe19, 0xbe19, 0xbe19, 0xb5d8, 0xb5b7, 0xa556, 0x9d15, 0x94b3, 0x9cf3, 0x9cb2, 
  0x94d4, 0x94d4, 0x94f4, 0x94f4, 0x94f4, 0x9d15, 0xad97, 0xb5d8, 0xbe19, 0xbe39, 0xc65a, 0xc65a, 0xc65a, 0xc65a, 0xc65a, 0xc65a, 0xc65a, 0xc67a, 0xc67a, 0xc67a, 0xc67a, 0xc67a, 0xc67a, 0xc67a, 0xc67a, 0xc67a, 0xce9a, 0xce9a, 0xce9a, 0xce9b, 0xce9b, 0xce9b, 0xce9b, 0xce9b, 0xce9b, 0xce9b, 0xce9b, 0xce9b, 0xce9b, 0xce9b, 0xce9b, 0xce9b, 0xce9b, 0xce9b, 0xce9b, 0xce9b, 0xce9b, 0xce9b, 0xce9b, 0xce9b, 0xce9b, 0xce9b, 0xce9b, 0xce9b, 0xce9b, 0xce9b, 0xce9b, 0xce9b, 0xce9b, 0xce9b, 0xce9b, 0xce9b, 0xce9b, 0xce9b, 0xce9b, 0xce9b, 0xce9b, 0xce9b, 0xce9b, 0xce9b, 0xce9b, 0xce9b, 0xce9b, 0xce9b, 0xce9b, 0xce9b, 0xce9b, 0xce9b, 0xce9b, 0xce9b, 0xce9b, 0xce9b, 0xce9b, 0xce9b, 0xce9b, 0xce9b, 0xce9b, 0xce9b, 0xce9b, 0xce9b, 0xce9b, 0xce9b, 0xce9b, 0xce9b, 0xce9b, 0xce9b, 0xce9b, 0xce9b, 0xce9b, 0xce9b, 0xce9b, 0xce9b, 0xce9b, 0xce9b, 0xce9b, 0xce9b, 0xce9b, 0xce9b, 0xce9b, 0xce9b, 0xce9b, 0xce9b, 0xce9b, 0xce9b, 0xce9b, 0xce9b, 0xce9b, 0xce9b, 0xce9b, 0xce9b, 0xce9b, 0xce9b, 0xce9b, 0xce9b, 0xce9b, 0xce9b, 0xce9b, 0xce9b, 0xce9b, 0xce9b, 0xce9b, 0xce9b, 0xce9b, 0xce9b, 0xce9b, 0xce9b, 0xce9b, 0xce9b, 0xce9b, 0xce9b, 0xce9b, 0xce9b, 0xce9b, 0xce9b, 0xce9b, 0xce9b, 0xce9b, 0xce9b, 0xce9b, 0xce9b, 0xce9b, 0xce9b, 0xce9b, 0xce9b, 0xce9b, 0xce9b, 0xce9b, 0xce9b, 0xce9b, 0xce9b, 0xce9b, 0xce9b, 0xce9b, 0xce9b, 0xce9b, 0xce9b, 0xce9b, 0xce9b, 0xce9b, 0xce9b, 0xce9b, 0xce9b, 0xce9b, 0xce9b, 0xce9b, 0xce9b, 0xce9b, 0xce9b, 0xce9b, 0xce9b, 0xce9b, 0xce9b, 0xce9b, 0xce9b, 0xce9b, 0xce9b, 0xce9b, 0xce9b, 0xce9b, 0xce9b, 0xce9b, 0xce9b, 0xce9b, 0xce9b, 0xce9b, 0xce9b, 0xce9b, 0xce9b, 0xce9b, 0xce9b, 0xce9b, 0xce9b, 0xce9b, 0xce9b, 0xce9b, 0xc65a, 0xc65a, 0xc65a, 0xc65a, 0xc65a, 0xc65a, 0xc65a, 0xc65a, 0xc65a, 0xc65a, 0xc63a, 0xc639, 0xc639, 0xc639, 0xc639, 0xc639, 0xc639, 0xbe39, 0xbe39, 0xbe39, 0xbe39, 0xbe39, 0xbe19, 0xbe19, 0xbe19, 0xbe19, 0xbe19, 0xbe19, 0xb5f8, 0xb5b7, 0xa576, 0x9d15, 0x94d3, 0x9cf3, 0xa513, 
  0x94d4, 0x94f4, 0x94f4, 0x94f4, 0x94f5, 0x9d36, 0xad97, 0xb5d8, 0xbe19, 0xbe3a, 0xc65a, 0xc659, 0xc659, 0xc65a, 0xc65a, 0xc65a, 0xc65a, 0xc67a, 0xc67a, 0xc67a, 0xc67a, 0xc67a, 0xc67a, 0xc67a, 0xc67a, 0xc67a, 0xc67a, 0xce9a, 0xce9a, 0xce9a, 0xce9b, 0xce9b, 0xce9b, 0xce9b, 0xce9b, 0xce9b, 0xce9b, 0xce9b, 0xce9b, 0xce9b, 0xce9b, 0xce9b, 0xce9b, 0xce9b, 0xce9b, 0xce9b, 0xce9b, 0xce9b, 0xce9b, 0xce9b, 0xce9b, 0xce9b, 0xce9b, 0xce9b, 0xce9b, 0xce9b, 0xce9b, 0xce9b, 0xce9b, 0xce9b, 0xce9b, 0xce9b, 0xce9b, 0xce9b, 0xce9b, 0xce9b, 0xce9b, 0xce9b, 0xce9b, 0xce9b, 0xce9b, 0xce9b, 0xce9b, 0xce9b, 0xce9b, 0xce9b, 0xce9b, 0xce9b, 0xce9b, 0xce9b, 0xce9b, 0xce9b, 0xce9b, 0xce9b, 0xce9b, 0xce9b, 0xce9b, 0xce9b, 0xce9b, 0xce9b, 0xce9b, 0xce9b, 0xce9b, 0xce9b, 0xce9b, 0xce9b, 0xce9b, 0xce9b, 0xce9b, 0xce9b, 0xce9b, 0xce9b, 0xce9b, 0xce9b, 0xce9b, 0xce9b, 0xce9b, 0xce9b, 0xce9b, 0xce9b, 0xce9b, 0xce9b, 0xce9b, 0xce9b, 0xce9b, 0xce9b, 0xce9b, 0xce9b, 0xce9b, 0xce9b, 0xce9b, 0xce9b, 0xce9b, 0xce9b, 0xce9b, 0xce9b, 0xce9b, 0xce9b, 0xce9b, 0xce9b, 0xce9b, 0xce9b, 0xce9b, 0xce9b, 0xce9b, 0xce9b, 0xce9b, 0xce9b, 0xce9b, 0xce9b, 0xce9b, 0xce9b, 0xce9b, 0xce9b, 0xce9b, 0xce9b, 0xce9b, 0xce9b, 0xce9b, 0xce9b, 0xce9b, 0xce9b, 0xce9b, 0xce9b, 0xce9b, 0xce9b, 0xce9b, 0xce9b, 0xce9b, 0xce9b, 0xce9b, 0xce9b, 0xce9b, 0xce9b, 0xce9b, 0xce9b, 0xce9b, 0xce9b, 0xce9b, 0xce9b, 0xce9b, 0xce9b, 0xce9b, 0xce9b, 0xce9b, 0xce9b, 0xce9b, 0xce9b, 0xce9b, 0xce9b, 0xce9b, 0xce9b, 0xce9b, 0xce9b, 0xce9b, 0xce9b, 0xce9b, 0xce9b, 0xce9b, 0xce9b, 0xce9b, 0xce9b, 0xce9b, 0xce9b, 0xce9b, 0xce9b, 0xce9b, 0xce9b, 0xce9b, 0xce9b, 0xce9b, 0xce9b, 0xce9b, 0xce9b, 0xc65a, 0xc65a, 0xc65a, 0xc65a, 0xc65a, 0xc65a, 0xc65a, 0xc65a, 0xc65a, 0xc65a, 0xc65a, 0xc63a, 0xc639, 0xc639, 0xc639, 0xc639, 0xc639, 0xc639, 0xc639, 0xc639, 0xc639, 0xc639, 0xbe39, 0xbe39, 0xbe19, 0xbe19, 0xbe19, 0xbe19, 0xbe19, 0xbdf8, 0xb5d8, 0xad76, 0x9d35, 0x94f4, 0x9cd3, 0x9cd2, 
  0x94d4, 0x94f4, 0x94f4, 0x94f4, 0x94f5, 0x9d36, 0xad97, 0xb5f8, 0xbe39, 0xbe39, 0xbe39, 0xc659, 0xc659, 0xc65a, 0xc65a, 0xc65a, 0xc65a, 0xc67a, 0xc67a, 0xc67a, 0xc67a, 0xc67a, 0xc67a, 0xc67a, 0xc67a, 0xc67a, 0xc67a, 0xce9a, 0xce9a, 0xce9a, 0xce9a, 0xce9b, 0xce9b, 0xce9b, 0xce9b, 0xce9b, 0xce9b, 0xce9b, 0xce9b, 0xce9b, 0xce9b, 0xce9b, 0xce9b, 0xce9b, 0xce9b, 0xce9b, 0xce9b, 0xce9b, 0xce9b, 0xce9b, 0xce9b, 0xce9b, 0xce9b, 0xce9b, 0xce9b, 0xce9b, 0xce9b, 0xce9b, 0xce9b, 0xce9b, 0xce9b, 0xce9b, 0xce9b, 0xce9b, 0xce9b, 0xce9b, 0xce9b, 0xce9b, 0xce9b, 0xce9b, 0xce9b, 0xce9b, 0xce9b, 0xce9b, 0xce9b, 0xce9b, 0xce9b, 0xce9b, 0xce9b, 0xce9b, 0xce9b, 0xce9b, 0xce9b, 0xce9b, 0xce9b, 0xce9b, 0xce9b, 0xce9b, 0xce9b, 0xce9b, 0xce9b, 0xce9b, 0xce9b, 0xce9b, 0xce9b, 0xce9b, 0xce9b, 0xce9b, 0xce9b, 0xce9b, 0xce9b, 0xce9b, 0xce9b, 0xce9b, 0xce9b, 0xce9b, 0xce9b, 0xce9b, 0xce9b, 0xce9b, 0xce9b, 0xce9b, 0xce9b, 0xce9b, 0xce9b, 0xce9b, 0xce9b, 0xce9b, 0xce9b, 0xce9b, 0xce9b, 0xce9b, 0xce9b, 0xce9b, 0xce9b, 0xce9b, 0xce9b, 0xce9b, 0xce9b, 0xce9b, 0xce9b, 0xce9b, 0xce9b, 0xce9b, 0xce9b, 0xce9b, 0xce9b, 0xce9b, 0xce9b, 0xce9b, 0xce9b, 0xce9b, 0xce9b, 0xce9b, 0xce9b, 0xce9b, 0xce9b, 0xce9b, 0xce9b, 0xce9b, 0xce9b, 0xce9b, 0xce9b, 0xce9b, 0xce9b, 0xce9b, 0xce9b, 0xce9b, 0xce9b, 0xce9b, 0xce9b, 0xce9b, 0xce9b, 0xce9b, 0xce9b, 0xce9b, 0xce9b, 0xce9b, 0xce9b, 0xce9b, 0xce9b, 0xce9b, 0xce9b, 0xce9b, 0xce9b, 0xce9b, 0xce9b, 0xce9b, 0xce9b, 0xce9b, 0xce9b, 0xce9b, 0xce9b, 0xce9b, 0xce9b, 0xce9b, 0xce9b, 0xce9b, 0xce9b, 0xce9b, 0xce9b, 0xce9b, 0xce9b, 0xce9b, 0xce9b, 0xce9b, 0xce9b, 0xce9b, 0xce9b, 0xce9b, 0xce9b, 0xce9b, 0xce9b, 0xce9b, 0xc65a, 0xc65a, 0xc65a, 0xc65a, 0xc65a, 0xc65a, 0xc65a, 0xc65a, 0xc65a, 0xc65a, 0xc65a, 0xc639, 0xc659, 0xc659, 0xc659, 0xc639, 0xc639, 0xc639, 0xc639, 0xc639, 0xbe39, 0xbe39, 0xbe39, 0xbe19, 0xbe19, 0xbe39, 0xbe19, 0xbe19, 0xbe19, 0xbdf8, 0xb5d8, 0xad97, 0x9d35, 0x94f4, 0x94d3, 0x9cd2, 
  0x94d4, 0x94d4, 0x94f4, 0x94f4, 0x94f5, 0xa556, 0xb5b7, 0xbdf8, 0xbe39, 0xbe39, 0xc659, 0xc659, 0xc65a, 0xc65a, 0xc65a, 0xc65a, 0xc65a, 0xc67a, 0xc67a, 0xc67a, 0xc67a, 0xc67a, 0xc67a, 0xc67a, 0xce9a, 0xce9a, 0xce9a, 0xce9a, 0xce9b, 0xce9b, 0xce9b, 0xce9b, 0xce9b, 0xce9b, 0xce9b, 0xce9b, 0xce9b, 0xce9b, 0xce9b, 0xce9b, 0xce9b, 0xce9b, 0xce9b, 0xce9b, 0xce9b, 0xce9b, 0xce9b, 0xce9b, 0xce9b, 0xce9b, 0xce9b, 0xce9b, 0xce9b, 0xce9b, 0xce9b, 0xce9b, 0xce9b, 0xce9b, 0xce9b, 0xce9b, 0xce9b, 0xce9b, 0xce9b, 0xce9b, 0xce9b, 0xce9b, 0xce9b, 0xce9b, 0xce9b, 0xce9b, 0xce9b, 0xce9b, 0xce9b, 0xce9b, 0xce9b, 0xce9b, 0xce9b, 0xce9b, 0xce9b, 0xce9b, 0xce9b, 0xce9b, 0xce9b, 0xce9b, 0xce9b, 0xce9b, 0xce9b, 0xce9b, 0xce9b, 0xce9b, 0xce9b, 0xce9b, 0xce9b, 0xce9b, 0xce9b, 0xce9b, 0xce9b, 0xce9b, 0xce9b, 0xce9b, 0xce9b, 0xce9b, 0xce9b, 0xce9b, 0xce9b, 0xce9b, 0xce9b, 0xce9b, 0xce9b, 0xce9b, 0xce9b, 0xce9b, 0xce9b, 0xce9b, 0xce9b, 0xce9b, 0xce9b, 0xce9b, 0xce9b, 0xce9b, 0xce9b, 0xce9b, 0xce9b, 0xce9b, 0xce9b, 0xce9b, 0xce9b, 0xce9b, 0xce9b, 0xce9b, 0xce9b, 0xce9b, 0xce9b, 0xce9b, 0xce9b, 0xce9b, 0xce9b, 0xce9b, 0xce9b, 0xce9b, 0xce9b, 0xce9b, 0xce9b, 0xce9b, 0xce9b, 0xce9b, 0xce9b, 0xce9b, 0xce9b, 0xce9b, 0xce9b, 0xce9b, 0xce9b, 0xce9b, 0xce9b, 0xce9b, 0xce9b, 0xce9b, 0xce9b, 0xce9b, 0xce9b, 0xce9b, 0xce9b, 0xce9b, 0xce9b, 0xce9b, 0xce9b, 0xce9b, 0xce9b, 0xce9b, 0xce9b, 0xce9b, 0xce9b, 0xce9b, 0xce9b, 0xce9b, 0xce9b, 0xce9b, 0xce9b, 0xce9b, 0xce9b, 0xce9b, 0xce9b, 0xce9b, 0xce9b, 0xce9b, 0xce9b, 0xce9b, 0xce9b, 0xce9b, 0xce9b, 0xce9b, 0xce9b, 0xce9b, 0xce9b, 0xce9b, 0xce9b, 0xce9b, 0xce9b, 0xce9b, 0xce9b, 0xce9b, 0xce9b, 0xce9b, 0xc65a, 0xc65a, 0xc65a, 0xc65a, 0xc65a, 0xc65a, 0xc65a, 0xc65a, 0xc65a, 0xc65a, 0xc65a, 0xc65a, 0xc65a, 0xc659, 0xc659, 0xc639, 0xc63a, 0xc63a, 0xc639, 0xc639, 0xbe39, 0xbe39, 0xbe39, 0xbe39, 0xbe39, 0xbe39, 0xbe39, 0xbe19, 0xbe19, 0xbe19, 0xb5d8, 0xadb7, 0xa556, 0x9514, 0x94d3, 0x9cd2, 
  0x94d4, 0x94f4, 0x94f4, 0x94f5, 0x9d15, 0xa556, 0xb5b8, 0xbe19, 0xbe39, 0xbe39, 0xc659, 0xc65a, 0xc65a, 0xc65a, 0xc65a, 0xc65a, 0xc65a, 0xc67a, 0xc67a, 0xc67a, 0xc67a, 0xc67a, 0xc67a, 0xc67a, 0xce9a, 0xce9a, 0xc67a, 0xce9a, 0xce9a, 0xce9a, 0xce9a, 0xce9b, 0xce9b, 0xce9b, 0xce9b, 0xce9b, 0xce9b, 0xce9b, 0xce9b, 0xce9b, 0xce9b, 0xce9b, 0xce9b, 0xce9b, 0xce9b, 0xce9b, 0xce9b, 0xce9b, 0xce9b, 0xce9b, 0xce9b, 0xce9b, 0xce9b, 0xce9b, 0xce9b, 0xce9b, 0xce9b, 0xce9b, 0xce9b, 0xce9b, 0xce9b, 0xce9b, 0xce9b, 0xce9b, 0xce9b, 0xce9b, 0xce9b, 0xce9b, 0xce9b, 0xce9b, 0xce9b, 0xce9b, 0xce9b, 0xce9b, 0xce9b, 0xce9b, 0xce9b, 0xce9b, 0xce9b, 0xce9b, 0xce9b, 0xce9b, 0xce9b, 0xce9b, 0xce9b, 0xce9b, 0xce9b, 0xce9b, 0xce9b, 0xce9b, 0xce9b, 0xce9b, 0xce9b, 0xce9b, 0xce9b, 0xce9b, 0xce9b, 0xce9b, 0xce9b, 0xce9b, 0xce9b, 0xce9b, 0xce9b, 0xce9b, 0xce9b, 0xce9b, 0xce9b, 0xce9b, 0xce9b, 0xce9b, 0xce9b, 0xce9b, 0xce9b, 0xce9b, 0xce9b, 0xce9b, 0xce9b, 0xce9b, 0xce9b, 0xce9b, 0xce9b, 0xce9b, 0xce9b, 0xce9b, 0xce9b, 0xce9b, 0xce9b, 0xce9b, 0xce9b, 0xce9b, 0xce9b, 0xce9b, 0xce9b, 0xce9b, 0xce9b, 0xce9b, 0xce9b, 0xce9b, 0xce9b, 0xce9b, 0xce9b, 0xce9b, 0xce9b, 0xce9b, 0xce9b, 0xce9b, 0xce9b, 0xce9b, 0xce9b, 0xce9b, 0xce9b, 0xce9b, 0xce9b, 0xce9b, 0xce9b, 0xce9b, 0xce9b, 0xce9b, 0xce9b, 0xce9b, 0xce9b, 0xce9b, 0xce9b, 0xce9b, 0xce9b, 0xce9b, 0xce9b, 0xce9b, 0xce9b, 0xce9b, 0xce9b, 0xce9b, 0xce9b, 0xce9b, 0xce9b, 0xce9b, 0xce9b, 0xce9b, 0xce9b, 0xce9b, 0xce9b, 0xce9b, 0xce9b, 0xce9b, 0xce9b, 0xce9b, 0xce9b, 0xce9b, 0xce9b, 0xce9b, 0xce9b, 0xce9b, 0xce9b, 0xce9b, 0xce9b, 0xce9b, 0xce9b, 0xce9b, 0xce9b, 0xce9b, 0xce9b, 0xce9b, 0xce9b, 0xce9b, 0xc65a, 0xc65a, 0xc65a, 0xc65a, 0xc65a, 0xc65a, 0xc65a, 0xc65a, 0xc65a, 0xc65a, 0xc65a, 0xc65a, 0xc65a, 0xc659, 0xc659, 0xc639, 0xc63a, 0xc639, 0xc639, 0xc639, 0xbe39, 0xbe39, 0xbe39, 0xbe19, 0xbe39, 0xbe39, 0xbe39, 0xbe19, 0xbe19, 0xbe19, 0xb5d8, 0xadb7, 0xa556, 0x9514, 0x94d3, 0x9cf2, 
  0x94d4, 0x94d4, 0x94f4, 0x94f5, 0x9d15, 0xa576, 0xb5d7, 0xbe19, 0xbe39, 0xbe39, 0xc65a, 0xc65a, 0xc65a, 0xc65a, 0xc65a, 0xc65a, 0xc67a, 0xc67a, 0xc67a, 0xc67a, 0xc67a, 0xc67a, 0xc67a, 0xc67a, 0xce9a, 0xce9a, 0xce9a, 0xce9a, 0xce9b, 0xce9a, 0xce9a, 0xce9b, 0xce9b, 0xce9b, 0xce9b, 0xce9b, 0xce9b, 0xce9b, 0xce9b, 0xce9b, 0xce9b, 0xce9b, 0xce9b, 0xce9b, 0xce9b, 0xce9b, 0xce9b, 0xce9b, 0xce9b, 0xce9b, 0xce9b, 0xce9b, 0xce9b, 0xce9b, 0xce9b, 0xce9b, 0xce9b, 0xce9b, 0xce9b, 0xce9b, 0xce9b, 0xce9b, 0xce9b, 0xce9b, 0xce9b, 0xce9b, 0xce9b, 0xce9b, 0xce9b, 0xce9b, 0xce9b, 0xce9b, 0xce9b, 0xce9b, 0xce9b, 0xce9b, 0xce9b, 0xce9b, 0xce9b, 0xce9b, 0xce9b, 0xce9b, 0xce9b, 0xce9b, 0xce9b, 0xce9b, 0xce9b, 0xce9b, 0xce9b, 0xce9b, 0xce9b, 0xce9b, 0xce9b, 0xce9b, 0xce9b, 0xce9b, 0xce9b, 0xce9b, 0xce9b, 0xce9b, 0xce9b, 0xce9b, 0xce9b, 0xce9b, 0xce9b, 0xce9b, 0xce9b, 0xce9b, 0xce9b, 0xce9b, 0xce9b, 0xce9b, 0xce9b, 0xce9b, 0xce9b, 0xce9b, 0xce9b, 0xce9b, 0xce9b, 0xce9b, 0xce9b, 0xce9b, 0xce9b, 0xce9b, 0xce9b, 0xce9b, 0xce9b, 0xce9b, 0xce9b, 0xce9b, 0xce9b, 0xce9b, 0xce9b, 0xce9b, 0xce9b, 0xce9b, 0xce9b, 0xce9b, 0xce9b, 0xce9b, 0xce9b, 0xce9b, 0xce9b, 0xce9b, 0xce9b, 0xce9b, 0xce9b, 0xce9b, 0xce9b, 0xce9b, 0xce9b, 0xce9b, 0xce9b, 0xce9b, 0xce9b, 0xce9b, 0xce9b, 0xce9b, 0xce9b, 0xce9b, 0xce9b, 0xce9b, 0xce9b, 0xce9b, 0xce9b, 0xce9b, 0xce9b, 0xce9b, 0xce9b, 0xce9b, 0xce9b, 0xce9b, 0xce9b, 0xce9b, 0xce9b, 0xce9b, 0xce9b, 0xce9b, 0xce9b, 0xce9b, 0xce9b, 0xce9b, 0xce9b, 0xce9b, 0xce9b, 0xce9b, 0xce9b, 0xce9b, 0xce9b, 0xce9b, 0xce9b, 0xce9b, 0xce9b, 0xce9b, 0xce9b, 0xce9b, 0xce9b, 0xce9b, 0xce9b, 0xce9b, 0xce9b, 0xce9b, 0xce9b, 0xce9b, 0xc65a, 0xc65a, 0xc65a, 0xc65a, 0xc65a, 0xc65a, 0xc65a, 0xc65a, 0xc65a, 0xc65a, 0xc65a, 0xc659, 0xc659, 0xc659, 0xc65a, 0xc659, 0xc639, 0xc639, 0xc639, 0xc639, 0xbe39, 0xbe39, 0xbe39, 0xbe39, 0xbe39, 0xbe19, 0xbe19, 0xbe19, 0xbe19, 0xbe19, 0xbe19, 0xbdf8, 0xa576, 0x9d15, 0x94d3, 0x9cf3, 
  0x94f4, 0x94f5, 0x94f5, 0x9d15, 0x9d56, 0xad97, 0xb5f8, 0xbe19, 0xbe39, 0xbe39, 0xbe39, 0xc659, 0xc65a, 0xc65a, 0xc67a, 0xc67a, 0xc67a, 0xc67a, 0xc67a, 0xc67a, 0xc67a, 0xc67a, 0xc67a, 0xc67a, 0xc67a, 0xce9a, 0xce9a, 0xce9b, 0xce9a, 0xce9a, 0xce9a, 0xce9b, 0xce9b, 0xce9b, 0xce9b, 0xce9b, 0xce9b, 0xce9b, 0xce9b, 0xce9b, 0xce9b, 0xce9b, 0xce9b, 0xce9b, 0xce9b, 0xce9b, 0xce9b, 0xce9b, 0xce9b, 0xce9b, 0xce9b, 0xce9b, 0xce9b, 0xce9b, 0xce9b, 0xce9b, 0xce9b, 0xce9b, 0xce9b, 0xce9b, 0xce9b, 0xce9b, 0xce9b, 0xce9b, 0xce9b, 0xce9b, 0xce9b, 0xce9b, 0xce9b, 0xce9b, 0xce9b, 0xce9b, 0xce9b, 0xce9b, 0xce9b, 0xce9b, 0xce9b, 0xce9b, 0xce9b, 0xce9b, 0xce9b, 0xce9b, 0xce9b, 0xce9b, 0xce9b, 0xce9b, 0xce9b, 0xce9b, 0xce9b, 0xce9b, 0xce9b, 0xce9b, 0xce9b, 0xce9b, 0xce9b, 0xce9b, 0xce9b, 0xce9b, 0xce9b, 0xce9b, 0xce9b, 0xce9b, 0xce9b, 0xce9b, 0xce9b, 0xce9b, 0xce9b, 0xce9b, 0xce9b, 0xce9b, 0xce9b, 0xce9b, 0xce9b, 0xce9b, 0xce9b, 0xce9b, 0xce9b, 0xce9b, 0xce9b, 0xce9b, 0xce9b, 0xce9b, 0xce9b, 0xce9b, 0xce9b, 0xce9b, 0xce9b, 0xce9b, 0xce9b, 0xce9b, 0xce9b, 0xce9b, 0xce9b, 0xce9b, 0xce9b, 0xce9b, 0xce9b, 0xce9b, 0xce9b, 0xce9b, 0xce9b, 0xce9b, 0xce9b, 0xce9b, 0xce9b, 0xce9b, 0xce9b, 0xce9b, 0xce9b, 0xce9b, 0xce9b, 0xce9b, 0xce9b, 0xce9b, 0xce9b, 0xce9b, 0xce9b, 0xce9b, 0xce9b, 0xce9b, 0xce9b, 0xce9b, 0xce9b, 0xce9b, 0xce9b, 0xce9b, 0xce9b, 0xce9b, 0xce9b, 0xce9b, 0xce9b, 0xce9b, 0xce9b, 0xce9b, 0xce9b, 0xce9b, 0xce9b, 0xce9b, 0xce9b, 0xce9b, 0xce9b, 0xce9b, 0xce9b, 0xce9b, 0xce9b, 0xce9b, 0xce9b, 0xce9b, 0xce9b, 0xce9b, 0xce9b, 0xce9b, 0xce9b, 0xce9b, 0xce9b, 0xce9b, 0xce9b, 0xce9b, 0xce9b, 0xce9b, 0xce9b, 0xce9b, 0xce9b, 0xc65a, 0xc65a, 0xc65a, 0xc65a, 0xc65a, 0xc65a, 0xc65a, 0xc65a, 0xc65a, 0xc65a, 0xc65a, 0xc65a, 0xc65a, 0xc659, 0xc659, 0xc659, 0xc659, 0xc639, 0xc639, 0xc639, 0xc639, 0xbe39, 0xbe39, 0xbe39, 0xbe39, 0xbe19, 0xadb7, 0x9d15, 0x8c52, 0x738f, 0x5acc, 0x4209, 0x2966, 0x7c31, 0x9d35, 0x94d3, 0x9cf3, 
  0x94f4, 0x94f4, 0x94f4, 0x2945, 0x2125, 0x39e8, 0x52ac, 0x73b0, 0x8c72, 0xa535, 0xb5b7, 0xbe39, 0xc65a, 0xc65a, 0xc65a, 0xc67a, 0xc67a, 0xc67a, 0xc67a, 0xc67a, 0xc67a, 0xc67a, 0xc67a, 0xc67a, 0xc67a, 0xc67a, 0xc67a, 0xce9a, 0xce9b, 0xce9b, 0xce9b, 0xce9b, 0xce9b, 0xce9b, 0xce9b, 0xce9b, 0xce9b, 0xce9b, 0xce9b, 0xce9b, 0xce9b, 0xce9b, 0xce9b, 0xce9b, 0xce9b, 0xce9b, 0xce9b, 0xce9b, 0xce9b, 0xce9b, 0xce9b, 0xce9b, 0xce9b, 0xce9b, 0xce9b, 0xce9b, 0xce9b, 0xce9b, 0xce9b, 0xce9b, 0xce9b, 0xce9b, 0xce9b, 0xce9b, 0xce9b, 0xce9b, 0xce9b, 0xce9b, 0xce9b, 0xce9b, 0xce9b, 0xce9b, 0xce9b, 0xce9b, 0xce9b, 0xce9b, 0xce9b, 0xce9b, 0xce9b, 0xce9b, 0xce9b, 0xce9b, 0xce9b, 0xce9b, 0xce9b, 0xce9b, 0xce9b, 0xce9b, 0xce9b, 0xce9b, 0xce9b, 0xce9b, 0xce9b, 0xce9b, 0xce9b, 0xce9b, 0xce9b, 0xce9b, 0xce9b, 0xce9b, 0xce9b, 0xce9b, 0xce9b, 0xce9b, 0xce9b, 0xce9b, 0xce9b, 0xce9b, 0xce9b, 0xce9b, 0xce9b, 0xce9b, 0xce9b, 0xce9b, 0xce9b, 0xce9b, 0xce9b, 0xce9b, 0xce9b, 0xce9b, 0xce9b, 0xce9b, 0xce9b, 0xce9b, 0xce9b, 0xce9b, 0xce9b, 0xce9b, 0xce9b, 0xce9b, 0xce9b, 0xce9b, 0xce9b, 0xce9b, 0xce9b, 0xce9b, 0xce9b, 0xce9b, 0xce9b, 0xce9b, 0xce9b, 0xce9b, 0xce9b, 0xce9b, 0xce9b, 0xce9b, 0xce9b, 0xce9b, 0xce9b, 0xce9b, 0xce9b, 0xce9b, 0xce9b, 0xce9b, 0xce9b, 0xce9b, 0xce9b, 0xce9b, 0xce9b, 0xce9b, 0xce9b, 0xce9b, 0xce9b, 0xce9b, 0xce9b, 0xce9b, 0xce9b, 0xce9b, 0xce9b, 0xce9b, 0xce9b, 0xce9b, 0xce9b, 0xce9b, 0xce9b, 0xce9b, 0xce9b, 0xce9b, 0xce9b, 0xce9b, 0xce9b, 0xce9b, 0xce9b, 0xce9b, 0xce9b, 0xce9b, 0xce9b, 0xce9b, 0xce9b, 0xce9b, 0xce9b, 0xce9b, 0xce9b, 0xce9b, 0xce9b, 0xce9b, 0xce9b, 0xce9b, 0xce9b, 0xce9b, 0xce9b, 0xce9b, 0xce9b, 0xc67a, 0xc67a, 0xc65a, 0xc65a, 0xc65a, 0xc65a, 0xc65a, 0xc65a, 0xc65a, 0xc65a, 0xc65a, 0xc65a, 0xc639, 0xc65a, 0xc639, 0xc639, 0xc639, 0xc639, 0xc639, 0xbe39, 0xbe39, 0xbe39, 0xbe39, 0xbe39, 0xbe39, 0x31a7, 0x0000, 0x0000, 0x0000, 0x0000, 0x0000, 0x0000, 0x0000, 0x632d, 0xa535, 0x94d4, 0x9cf3, 
  0x94f4, 0x94f4, 0x8cb3, 0x0861, 0x0000, 0x0021, 0x10a3, 0x20e4, 0x2105, 0x1905, 0x2146, 0xadb8, 0xc65a, 0xc65a, 0xc65a, 0xc67a, 0xc67a, 0xc67a, 0xc67a, 0xc67a, 0xc67a, 0xc67a, 0xc67a, 0xce9a, 0xce9a, 0xce9a, 0xce9a, 0xce9b, 0xce9b, 0xce9b, 0xce9b, 0xce9b, 0xce9b, 0xce9b, 0xce9b, 0xce9b, 0xce9b, 0xce9b, 0xce9b, 0xce9b, 0xce9b, 0xce9b, 0xce9b, 0xce9b, 0xce9b, 0xce9b, 0xce9b, 0xce9b, 0xce9b, 0xce9b, 0xce9b, 0xce9b, 0xce9b, 0xce9b, 0xce9b, 0xce9b, 0xce9b, 0xce9b, 0xce9b, 0xce9b, 0xce9b, 0xce9b, 0xce9b, 0xce9b, 0xce9b, 0xce9b, 0xce9b, 0xce9b, 0xce9b, 0xce9b, 0xce9b, 0xce9b, 0xce9b, 0xce9b, 0xce9b, 0xce9b, 0xce9b, 0xce9b, 0xce9b, 0xce9b, 0xce9b, 0xce9b, 0xce9b, 0xce9b, 0xce9b, 0xce9b, 0xce9b, 0xce9b, 0xce9b, 0xce9b, 0xce9b, 0xce9b, 0xce9b, 0xce9b, 0xce9b, 0xce9b, 0xce9b, 0xce9b, 0xce9b, 0xce9b, 0xce9b, 0xce9b, 0xce9b, 0xce9b, 0xce9b, 0xce9b, 0xce9b, 0xce9b, 0xce9b, 0xce9b, 0xce9b, 0xce9b, 0xce9b, 0xce9b, 0xce9b, 0xce9b, 0xce9b, 0xce9b, 0xce9b, 0xce9b, 0xce9b, 0xce9b, 0xce9b, 0xce9b, 0xce9b, 0xce9b, 0xce9b, 0xce9b, 0xce9b, 0xce9b, 0xce9b, 0xce9b, 0xce9b, 0xce9b, 0xce9b, 0xce9b, 0xce9b, 0xce9b, 0xce9b, 0xce9b, 0xce9b, 0xce9b, 0xce9b, 0xce9b, 0xce9b, 0xce9b, 0xce9b, 0xce9b, 0xce9b, 0xce9b, 0xce9b, 0xce9b, 0xce9b, 0xce9b, 0xce9b, 0xce9b, 0xce9b, 0xce9b, 0xce9b, 0xce9b, 0xce9b, 0xce9b, 0xce9b, 0xce9b, 0xce9b, 0xce9b, 0xce9b, 0xce9b, 0xce9b, 0xce9b, 0xce9b, 0xce9b, 0xce9b, 0xce9b, 0xce9b, 0xce9b, 0xce9b, 0xce9b, 0xce9b, 0xce9b, 0xce9b, 0xce9b, 0xce9b, 0xce9b, 0xce9b, 0xce9b, 0xce9b, 0xce9b, 0xce9b, 0xce9b, 0xce9b, 0xce9b, 0xce9b, 0xce9b, 0xce9b, 0xce9b, 0xce9b, 0xce9b, 0xce9b, 0xce9b, 0xce9b, 0xce9b, 0xc65a, 0xc65a, 0xc65a, 0xc65a, 0xc65a, 0xc65a, 0xc65a, 0xc65a, 0xc65a, 0xc65a, 0xc65a, 0xc65a, 0xc65a, 0xc65a, 0xc63a, 0xc639, 0xc639, 0xc639, 0xc639, 0xc639, 0xbe39, 0xbe39, 0xbe39, 0xbe39, 0xbe39, 0xc639, 0x39e8, 0x0000, 0x0000, 0x0000, 0x0000, 0x0000, 0x0000, 0x0000, 0x528a, 0xa556, 0x94f4, 0x9cf3, 
  0x94f5, 0x94f4, 0x8c72, 0x0020, 0x0000, 0x0020, 0x10a3, 0x18e4, 0x1904, 0x1904, 0x3187, 0xb5f9, 0xc65a, 0xc65a, 0xc65a, 0xc67a, 0xc67a, 0xc67a, 0xc67a, 0xc67a, 0xc67a, 0xc67a, 0xc67a, 0xc67a, 0xc67a, 0xc67a, 0xce9a, 0xce9a, 0xce9a, 0xce9b, 0xce9b, 0xce9b, 0xce9b, 0xce9b, 0xce9b, 0xce9b, 0xce9b, 0xce9b, 0xce9b, 0xce9b, 0xce9b, 0xce9b, 0xce9b, 0xce9b, 0xce9b, 0xce9b, 0xce9b, 0xce9b, 0xce9b, 0xce9b, 0xce9b, 0xce9b, 0xce9b, 0xce9b, 0xce9b, 0xce9b, 0xce9b, 0xce9b, 0xce9b, 0xce9b, 0xce9b, 0xce9b, 0xce9b, 0xce9b, 0xce9b, 0xce9b, 0xce9b, 0xce9b, 0xce9b, 0xce9b, 0xce9b, 0xce9b, 0xce9b, 0xce9b, 0xce9b, 0xce9b, 0xce9b, 0xce9b, 0xce9b, 0xce9b, 0xce9b, 0xce9b, 0xce9b, 0xce9b, 0xce9b, 0xce9b, 0xce9b, 0xce9b, 0xce9b, 0xce9b, 0xce9b, 0xce9b, 0xce9b, 0xce9b, 0xce9b, 0xce9b, 0xce9b, 0xce9b, 0xce9b, 0xce9b, 0xce9b, 0xce9b, 0xce9b, 0xce9b, 0xce9b, 0xce9b, 0xce9b, 0xce9b, 0xce9b, 0xce9b, 0xce9b, 0xce9b, 0xce9b, 0xce9b, 0xce9b, 0xce9b, 0xce9b, 0xce9b, 0xce9b, 0xce9b, 0xce9b, 0xce9b, 0xce9b, 0xce9b, 0xce9b, 0xce9b, 0xce9b, 0xce9b, 0xce9b, 0xce9b, 0xce9b, 0xce9b, 0xce9b, 0xce9b, 0xce9b, 0xce9b, 0xce9b, 0xce9b, 0xce9b, 0xce9b, 0xce9b, 0xce9b, 0xce9b, 0xce9b, 0xce9b, 0xce9b, 0xce9b, 0xce9b, 0xce9b, 0xce9b, 0xce9b, 0xce9b, 0xce9b, 0xce9b, 0xce9b, 0xce9b, 0xce9b, 0xce9b, 0xce9b, 0xce9b, 0xce9b, 0xce9b, 0xce9b, 0xce9b, 0xce9b, 0xce9b, 0xce9b, 0xce9b, 0xce9b, 0xce9b, 0xce9b, 0xce9b, 0xce9b, 0xce9b, 0xce9b, 0xce9b, 0xce9b, 0xce9b, 0xce9b, 0xce9b, 0xce9b, 0xce9b, 0xce9b, 0xce9b, 0xce9b, 0xce9b, 0xce9b, 0xce9b, 0xce9b, 0xce9b, 0xce9b, 0xce9b, 0xce9b, 0xce9b, 0xce9b, 0xce9b, 0xce9b, 0xce9b, 0xce9b, 0xce9b, 0xce9b, 0xce9b, 0xc67a, 0xc67a, 0xc65a, 0xc65a, 0xc65a, 0xc65a, 0xc65a, 0xc65a, 0xc65a, 0xc65a, 0xc65a, 0xc65a, 0xc65a, 0xc65a, 0xc65a, 0xc659, 0xc659, 0xc639, 0xc639, 0xc639, 0xc639, 0xc639, 0xc639, 0xc639, 0xbe39, 0xc639, 0x528a, 0x0000, 0x0000, 0x0000, 0x0020, 0x1082, 0x20e4, 0x3186, 0x6b4d, 0xa556, 0x9cf4, 0x9cf4, 
  0x94f4, 0x94f4, 0x8c93, 0x39e8, 0x2966, 0x2125, 0x1905, 0x1905, 0x1905, 0x18e4, 0x31a8, 0xbe19, 0xc65a, 0xc65a, 0xc67a, 0xc67a, 0xc67a, 0xc67a, 0xc67a, 0xc67a, 0xc67a, 0xc67a, 0xc67a, 0xce9a, 0xce9a, 0xce9a, 0xce9a, 0xce9b, 0xce9b, 0xce9b, 0xce9b, 0xce9b, 0xce9b, 0xce9b, 0xce9b, 0xce9b, 0xce9b, 0xce9b, 0xce9b, 0xce9b, 0xce9b, 0xce9b, 0xce9b, 0xce9b, 0xce9b, 0xce9b, 0xce9b, 0xce9b, 0xce9b, 0xce9b, 0xce9b, 0xce9b, 0xce9b, 0xce9b, 0xce9b, 0xce9b, 0xce9b, 0xce9b, 0xce9b, 0xce9b, 0xce9b, 0xce9b, 0xce9b, 0xce9b, 0xce9b, 0xce9b, 0xce9b, 0xce9b, 0xce9b, 0xce9b, 0xce9b, 0xce9b, 0xce9b, 0xce9b, 0xce9b, 0xce9b, 0xce9b, 0xce9b, 0xce9b, 0xce9b, 0xce9b, 0xce9b, 0xce9b, 0xce9b, 0xce9b, 0xce9b, 0xce9b, 0xce9b, 0xce9b, 0xce9b, 0xce9b, 0xce9b, 0xce9b, 0xce9b, 0xce9b, 0xce9b, 0xce9b, 0xce9b, 0xce9b, 0xce9b, 0xce9b, 0xce9b, 0xce9b, 0xce9b, 0xce9b, 0xce9b, 0xce9b, 0xce9b, 0xce9b, 0xce9b, 0xce9b, 0xce9b, 0xce9b, 0xce9b, 0xce9b, 0xce9b, 0xce9b, 0xce9b, 0xce9b, 0xce9b, 0xce9b, 0xce9b, 0xce9b, 0xce9b, 0xce9b, 0xce9b, 0xce9b, 0xce9b, 0xce9b, 0xce9b, 0xce9b, 0xce9b, 0xce9b, 0xce9b, 0xce9b, 0xce9b, 0xce9b, 0xce9b, 0xce9b, 0xce9b, 0xce9b, 0xce9b, 0xce9b, 0xce9b, 0xce9b, 0xce9b, 0xce9b, 0xce9b, 0xce9b, 0xce9b, 0xce9b, 0xce9b, 0xce9b, 0xce9b, 0xce9b, 0xce9b, 0xce9b, 0xce9b, 0xce9b, 0xce9b, 0xce9b, 0xce9b, 0xce9b, 0xce9b, 0xce9b, 0xce9b, 0xce9b, 0xce9b, 0xce9b, 0xce9b, 0xce9b, 0xce9b, 0xce9b, 0xce9b, 0xce9b, 0xce9b, 0xce9b, 0xce9b, 0xce9b, 0xce9b, 0xce9b, 0xce9b, 0xce9b, 0xce9b, 0xce9b, 0xce9b, 0xce9b, 0xce9b, 0xce9b, 0xce9b, 0xce9b, 0xce9b, 0xce9b, 0xce9b, 0xce9b, 0xce9b, 0xce9b, 0xce9b, 0xce9b, 0xce9b, 0xce9b, 0xc65a, 0xc67a, 0xc67a, 0xc67a, 0xc67a, 0xc65a, 0xc65a, 0xc65a, 0xc65a, 0xc65a, 0xc65a, 0xc65a, 0xc65a, 0xc65a, 0xc65a, 0xc65a, 0xc659, 0xc659, 0xc659, 0xc639, 0xc639, 0xc639, 0xc639, 0xc639, 0xc639, 0xbe39, 0xc639, 0x94d4, 0x7bf0, 0x94b3, 0xa555, 0xb5b7, 0xb618, 0xbe39, 0xbe19, 0xb5d7, 0xa576, 0x9d14, 0x9cd3, 
  0x94f4, 0x94f5, 0x94f5, 0x9d15, 0xa556, 0xb5d8, 0xbe18, 0xb5f8, 0xadb7, 0x9d55, 0x9d35, 0xc65a, 0xc65a, 0xc65a, 0xc67a, 0xc67a, 0xc67a, 0xc67a, 0xc67a, 0xc67a, 0xc67a, 0xc67a, 0xce9a, 0xce9a, 0xce9a, 0xce9a, 0xce9a, 0xce9b, 0xce9b, 0xce9b, 0xce9b, 0xce9b, 0xce9b, 0xce9b, 0xce9b, 0xce9b, 0xce9b, 0xce9b, 0xce9b, 0xce9b, 0xce9b, 0xce9b, 0xce9b, 0xce9b, 0xce9b, 0xce9b, 0xce9b, 0xce9b, 0xce9b, 0xce9b, 0xce9b, 0xce9b, 0xce9b, 0xce9b, 0xce9b, 0xce9b, 0xce9b, 0xce9b, 0xce9b, 0xce9b, 0xce9b, 0xce9b, 0xce9b, 0xce9b, 0xce9b, 0xce9b, 0xce9b, 0xce9b, 0xce9b, 0xce9b, 0xce9b, 0xce9b, 0xce9b, 0xce9b, 0xce9b, 0xce9b, 0xce9b, 0xce9b, 0xce9b, 0xce9b, 0xce9b, 0xce9b, 0xce9b, 0xce9b, 0xce9b, 0xce9b, 0xce9b, 0xce9b, 0xce9b, 0xce9b, 0xce9b, 0xce9b, 0xce9b, 0xce9b, 0xce9b, 0xce9b, 0xce9b, 0xce9b, 0xce9b, 0xce9b, 0xce9b, 0xce9b, 0xce9b, 0xce9b, 0xce9b, 0xce9b, 0xce9b, 0xce9b, 0xce9b, 0xce9b, 0xce9b, 0xce9b, 0xce9b, 0xce9b, 0xce9b, 0xce9b, 0xce9b, 0xce9b, 0xce9b, 0xce9b, 0xce9b, 0xce9b, 0xce9b, 0xce9b, 0xce9b, 0xce9b, 0xce9b, 0xce9b, 0xce9b, 0xce9b, 0xce9b, 0xce9b, 0xce9b, 0xce9b, 0xce9b, 0xce9b, 0xce9b, 0xce9b, 0xce9b, 0xce9b, 0xce9b, 0xce9b, 0xce9b, 0xce9b, 0xce9b, 0xce9b, 0xce9b, 0xce9b, 0xce9b, 0xce9b, 0xce9b, 0xce9b, 0xce9b, 0xce9b, 0xce9b, 0xce9b, 0xce9b, 0xce9b, 0xce9b, 0xce9b, 0xce9b, 0xce9b, 0xce9b, 0xce9b, 0xce9b, 0xce9b, 0xce9b, 0xce9b, 0xce9b, 0xce9b, 0xce9b, 0xce9b, 0xce9b, 0xce9b, 0xce9b, 0xce9b, 0xce9b, 0xce9b, 0xce9b, 0xce9b, 0xce9b, 0xce9b, 0xce9b, 0xce9b, 0xce9b, 0xce9b, 0xce9b, 0xce9b, 0xce9b, 0xce9b, 0xce9b, 0xce9b, 0xce9b, 0xce9b, 0xce9b, 0xce9b, 0xce9b, 0xce9b, 0xce9b, 0xce9b, 0xce9b, 0xc67a, 0xc67a, 0xc65a, 0xc65a, 0xc65a, 0xc65a, 0xc65a, 0xc65a, 0xc65a, 0xc65a, 0xc65a, 0xc65a, 0xc65a, 0xc65a, 0xc65a, 0xc65a, 0xc65a, 0xc65a, 0xc659, 0xc659, 0xc639, 0xc639, 0xc639, 0xc639, 0xc639, 0xc639, 0xc639, 0xbe39, 0xbe19, 0xbe19, 0xbe19, 0xbe19, 0xbe19, 0xbe19, 0xb5f8, 0xb5b7, 0xa576, 0x9d14, 0x94d3, 
  0x94f4, 0x94f5, 0x9cf5, 0x9cf5, 0xa556, 0xb5b8, 0xbdf8, 0xbe39, 0xbe39, 0xbe39, 0xc659, 0xc65a, 0xc65a, 0xc65a, 0xc67a, 0xc67a, 0xc67a, 0xc67a, 0xc67a, 0xc67a, 0xc67a, 0xc67a, 0xc67a, 0xc67a, 0xc67a, 0xce9a, 0xce9a, 0xce9a, 0xce9b, 0xce9a, 0xce9b, 0xce9b, 0xce9b, 0xce9b, 0xce9b, 0xce9b, 0xce9b, 0xce9b, 0xce9b, 0xce9b, 0xce9b, 0xce9b, 0xce9b, 0xce9b, 0xce9b, 0xce9b, 0xce9b, 0xce9b, 0xce9b, 0xce9b, 0xce9b, 0xce9b, 0xce9b, 0xce9b, 0xce9b, 0xce9b, 0xce9b, 0xce9b, 0xce9b, 0xce9b, 0xce9b, 0xce9b, 0xce9b, 0xce9b, 0xce9b, 0xce9b, 0xce9b, 0xce9b, 0xce9b, 0xce9b, 0xce9b, 0xce9b, 0xce9b, 0xce9b, 0xce9b, 0xce9b, 0xce9b, 0xce9b, 0xce9b, 0xce9b, 0xce9b, 0xce9b, 0xce9b, 0xce9b, 0xce9b, 0xce9b, 0xce9b, 0xce9b, 0xce9b, 0xce9b, 0xce9b, 0xce9b, 0xce9b, 0xce9b, 0xce9b, 0xce9b, 0xce9b, 0xce9b, 0xce9b, 0xce9b, 0xce9b, 0xce9b, 0xce9b, 0xce9b, 0xce9b, 0xce9b, 0xce9b, 0xce9b, 0xce9b, 0xce9b, 0xce9b, 0xce9b, 0xce9b, 0xce9b, 0xce9b, 0xce9b, 0xce9b, 0xce9b, 0xce9b, 0xce9b, 0xce9b, 0xce9b, 0xce9b, 0xce9b, 0xce9b, 0xce9b, 0xce9b, 0xce9b, 0xce9b, 0xce9b, 0xce9b, 0xce9b, 0xce9b, 0xce9b, 0xce9b, 0xce9b, 0xce9b, 0xce9b, 0xce9b, 0xce9b, 0xce9b, 0xce9b, 0xce9b, 0xce9b, 0xce9b, 0xce9b, 0xce9b, 0xce9b, 0xce9b, 0xce9b, 0xce9b, 0xce9b, 0xce9b, 0xce9b, 0xce9b, 0xce9b, 0xce9b, 0xce9b, 0xce9b, 0xce9b, 0xce9b, 0xce9b, 0xce9b, 0xce9b, 0xce9b, 0xce9b, 0xce9b, 0xce9b, 0xce9b, 0xce9b, 0xce9b, 0xce9b, 0xce9b, 0xce9b, 0xce9b, 0xce9b, 0xce9b, 0xce9b, 0xce9b, 0xce9b, 0xce9b, 0xce9b, 0xce9b, 0xce9b, 0xce9b, 0xce9b, 0xce9b, 0xce9b, 0xce9b, 0xce9b, 0xce9b, 0xce9b, 0xce9b, 0xce9b, 0xce9b, 0xce9b, 0xce9b, 0xce9b, 0xce9b, 0xce9b, 0xc67a, 0xc67a, 0xc65a, 0xc65a, 0xc65a, 0xc65a, 0xc65a, 0xc65a, 0xc65a, 0xc65a, 0xc65a, 0xc65a, 0xc65a, 0xc65a, 0xc65a, 0xc65a, 0xc65a, 0xc639, 0xc659, 0xc659, 0xc639, 0xc639, 0xc639, 0xc639, 0xc639, 0xc639, 0xc639, 0xbe39, 0xbe39, 0xbe39, 0xbe39, 0xbe39, 0xbe39, 0xbe19, 0xbe19, 0xbdf8, 0xb5d8, 0xad76, 0x9d35, 0x94d3, 
  0x9cd4, 0x9cf5, 0x9cf5, 0x9cf5, 0xa556, 0xb5b8, 0xbdf8, 0xbe39, 0xbe39, 0xc659, 0xc659, 0xc65a, 0xc65a, 0xc65a, 0xc67a, 0xc67a, 0xc67a, 0xc67a, 0xc67a, 0xc67a, 0xc67a, 0xc67a, 0xce9a, 0xce9a, 0xce9a, 0xce7a, 0xce9a, 0xce9b, 0xce9b, 0xce9b, 0xce9b, 0xce9b, 0xce9b, 0xce9b, 0xce9b, 0xce9b, 0xce9b, 0xce9b, 0xce9b, 0xce9b, 0xce9b, 0xce9b, 0xce9b, 0xce9b, 0xce9b, 0xce9b, 0xce9b, 0xce9b, 0xce9b, 0xce9b, 0xce9b, 0xce9b, 0xce9b, 0xce9b, 0xce9b, 0xce9b, 0xce9b, 0xce9b, 0xce9b, 0xce9b, 0xce9b, 0xce9b, 0xce9b, 0xce9b, 0xce9b, 0xce9b, 0xce9b, 0xce9b, 0xce9b, 0xce9b, 0xce9b, 0xce9b, 0xce9b, 0xce9b, 0xce9b, 0xce9b, 0xce9b, 0xce9b, 0xce9b, 0xce9b, 0xce9b, 0xce9b, 0xce9b, 0xce9b, 0xce9b, 0xce9b, 0xce9b, 0xce9b, 0xce9b, 0xce9b, 0xce9b, 0xce9b, 0xce9b, 0xce9b, 0xce9b, 0xce9b, 0xce9b, 0xce9b, 0xce9b, 0xce9b, 0xce9b, 0xce9b, 0xce9b, 0xce9b, 0xce9b, 0xce9b, 0xce9b, 0xce9b, 0xce9b, 0xce9b, 0xce9b, 0xce9b, 0xce9b, 0xce9b, 0xce9b, 0xce9b, 0xce9b, 0xce9b, 0xce9b, 0xce9b, 0xce9b, 0xce9b, 0xce9b, 0xce9b, 0xce9b, 0xce9b, 0xce9b, 0xce9b, 0xce9b, 0xce9b, 0xce9b, 0xce9b, 0xce9b, 0xce9b, 0xce9b, 0xce9b, 0xce9b, 0xce9b, 0xce9b, 0xce9b, 0xce9b, 0xce9b, 0xce9b, 0xce9b, 0xce9b, 0xce9b, 0xce9b, 0xce9b, 0xce9b, 0xce9b, 0xce9b, 0xce9b, 0xce9b, 0xce9b, 0xce9b, 0xce9b, 0xce9b, 0xce9b, 0xce9b, 0xce9b, 0xce9b, 0xce9b, 0xce9b, 0xce9b, 0xce9b, 0xce9b, 0xce9b, 0xce9b, 0xce9b, 0xce9b, 0xce9b, 0xce9b, 0xce9b, 0xce9b, 0xce9b, 0xce9b, 0xce9b, 0xce9b, 0xce9b, 0xce9b, 0xce9b, 0xce9b, 0xce9b, 0xce9b, 0xce9b, 0xce9b, 0xce9b, 0xce9b, 0xce9b, 0xce9b, 0xce9b, 0xce9b, 0xce9b, 0xce9b, 0xce9b, 0xce9b, 0xce9b, 0xce9b, 0xce9b, 0xce9b, 0xc67a, 0xc67a, 0xc67a, 0xc67a, 0xc67a, 0xc65a, 0xc65a, 0xc65a, 0xc65a, 0xc65a, 0xc65a, 0xc65a, 0xc65a, 0xc65a, 0xc65a, 0xc65a, 0xc65a, 0xc65a, 0xc659, 0xc659, 0xc659, 0xc659, 0xc639, 0xc639, 0xc639, 0xc639, 0xc639, 0xbe39, 0xbe19, 0xbe19, 0xbe39, 0xbe39, 0xbe39, 0xbe19, 0xbe19, 0xbdf9, 0xb5d8, 0xad77, 0x9d35, 0x94d3, 
  0x94f4, 0x94f4, 0x9cf4, 0x9d15, 0xa556, 0xb5b8, 0xbe19, 0xbe39, 0xbe39, 0xc659, 0xc65a, 0xc65a, 0xc65a, 0xc65a, 0xc65a, 0xc67a, 0xc67a, 0xc67a, 0xc67a, 0xc67a, 0xc67a, 0xc67a, 0xc67a, 0xc67a, 0xce9a, 0xce9a, 0xce9b, 0xce7b, 0xce9b, 0xce9a, 0xce9b, 0xce9b, 0xce9b, 0xce9b, 0xce9b, 0xce9b, 0xce9b, 0xce9b, 0xce9b, 0xce9b, 0xce9b, 0xce9b, 0xce9b, 0xce9b, 0xce9b, 0xce9b, 0xce9b, 0xce9b, 0xce9b, 0xce9b, 0xce9b, 0xce9b, 0xce9b, 0xce9b, 0xce9b, 0xce9b, 0xce9b, 0xce9b, 0xce9b, 0xce9b, 0xce9b, 0xce9b, 0xce9b, 0xce9b, 0xce9b, 0xce9b, 0xce9b, 0xce9b, 0xce9b, 0xce9b, 0xce9b, 0xce9b, 0xce9b, 0xce9b, 0xce9b, 0xce9b, 0xce9b, 0xce9b, 0xce9b, 0xce9b, 0xce9b, 0xce9b, 0xce9b, 0xce9b, 0xce9b, 0xce9b, 0xce9b, 0xce9b, 0xce9b, 0xce9b, 0xce9b, 0xce9b, 0xce9b, 0xce9b, 0xce9b, 0xce9b, 0xce9b, 0xce9b, 0xce9b, 0xce9b, 0xce9b, 0xce9b, 0xce9b, 0xce9b, 0xce9b, 0xce9b, 0xce9b, 0xce9b, 0xce9b, 0xce9b, 0xce9b, 0xce9b, 0xce9b, 0xce9b, 0xce9b, 0xce9b, 0xce9b, 0xce9b, 0xce9b, 0xce9b, 0xce9b, 0xce9b, 0xce9b, 0xce9b, 0xce9b, 0xce9b, 0xce9b, 0xce9b, 0xce9b, 0xce9b, 0xce9b, 0xce9b, 0xce9b, 0xce9b, 0xce9b, 0xce9b, 0xce9b, 0xce9b, 0xce9b, 0xce9b, 0xce9b, 0xce9b, 0xce9b, 0xce9b, 0xce9b, 0xce9b, 0xce9b, 0xce9b, 0xce9b, 0xce9b, 0xce9b, 0xce9b, 0xce9b, 0xce9b, 0xce9b, 0xce9b, 0xce9b, 0xce9b, 0xce9b, 0xce9b, 0xce9b, 0xce9b, 0xce9b, 0xce9b, 0xce9b, 0xce9b, 0xce9b, 0xce9b, 0xce9b, 0xce9b, 0xce9b, 0xce9b, 0xce9b, 0xce9b, 0xce9b, 0xce9b, 0xce9b, 0xce9b, 0xce9b, 0xce9b, 0xce9b, 0xce9b, 0xce9b, 0xce9b, 0xce9b, 0xce9b, 0xce9b, 0xce9b, 0xce9b, 0xce9b, 0xce9b, 0xce9b, 0xce9b, 0xce9b, 0xce9b, 0xce9b, 0xce9b, 0xce9b, 0xce9b, 0xc67a, 0xc67a, 0xc67a, 0xc67a, 0xc65a, 0xc65a, 0xc67a, 0xc65a, 0xc65a, 0xc65a, 0xc65a, 0xc65a, 0xc65a, 0xc65a, 0xc65a, 0xc65a, 0xc65a, 0xc65a, 0xc659, 0xc659, 0xbe39, 0xc659, 0xbe39, 0xbe39, 0xbe39, 0xbe39, 0xbe39, 0xc639, 0xc639, 0xc639, 0xbe39, 0xbe39, 0xbe39, 0xbe39, 0xbe19, 0xbe19, 0xbe19, 0xb5d8, 0xad97, 0x9d35, 0x94d4, 
  0x94f4, 0x9cf4, 0x9cf5, 0x9d15, 0xa576, 0xb5d7, 0xbe19, 0xbe39, 0xbe39, 0xbe39, 0xc659, 0xc659, 0xc65a, 0xc65a, 0xc67a, 0xc67a, 0xc67a, 0xc67a, 0xc67a, 0xc67a, 0xc67a, 0xc67a, 0xc67a, 0xc69a, 0xc67a, 0xce9a, 0xce9b, 0xce7b, 0xce9b, 0xc69a, 0xce9a, 0xce9b, 0xce9b, 0xce9b, 0xce9b, 0xce9b, 0xce9b, 0xce9b, 0xce9b, 0xce9b, 0xce9b, 0xce9b, 0xce9b, 0xce9b, 0xce9b, 0xce9b, 0xce9b, 0xce9b, 0xce9b, 0xce9b, 0xce9b, 0xce9b, 0xce9b, 0xce9b, 0xce9b, 0xce9b, 0xce9b, 0xce9b, 0xce9b, 0xce9b, 0xce9b, 0xce9b, 0xce9b, 0xce9b, 0xce9b, 0xce9b, 0xce9b, 0xce9b, 0xce9b, 0xce9b, 0xce9b, 0xce9b, 0xce9b, 0xce9b, 0xce9b, 0xce9b, 0xce9b, 0xce9b, 0xce9b, 0xce9b, 0xce9b, 0xce9b, 0xce9b, 0xce9b, 0xce9b, 0xce9b, 0xce9b, 0xce9b, 0xce9b, 0xce9b, 0xce9b, 0xce9b, 0xce9b, 0xce9b, 0xce9b, 0xce9b, 0xce9b, 0xce9b, 0xce9b, 0xce9b, 0xce9b, 0xce9b, 0xce9b, 0xce9b, 0xce9b, 0xce9b, 0xce9b, 0xce9b, 0xce9b, 0xce9b, 0xce9b, 0xce9b, 0xce9b, 0xce9b, 0xce9b, 0xce9b, 0xce9b, 0xce9b, 0xce9b, 0xce9b, 0xce9b, 0xce9b, 0xce9b, 0xce9b, 0xce9b, 0xce9b, 0xce9b, 0xce9b, 0xce9b, 0xce9b, 0xce9b, 0xce9b, 0xce9b, 0xce9b, 0xce9b, 0xce9b, 0xce9b, 0xce9b, 0xce9b, 0xce9b, 0xce9b, 0xce9b, 0xce9b, 0xce9b, 0xce9b, 0xce9b, 0xce9b, 0xce9b, 0xce9b, 0xce9b, 0xce9b, 0xce9b, 0xce9b, 0xce9b, 0xce9b, 0xce9b, 0xce9b, 0xce9b, 0xce9b, 0xce9b, 0xce9b, 0xce9b, 0xce9b, 0xce9b, 0xce9b, 0xce9b, 0xce9b, 0xce9b, 0xce9b, 0xce9b, 0xce9b, 0xce9b, 0xce9b, 0xce9b, 0xce9b, 0xce9b, 0xce9b, 0xce9b, 0xce9b, 0xce9b, 0xce9b, 0xce9b, 0xce9b, 0xce9b, 0xce9b, 0xce9b, 0xce9b, 0xce9b, 0xce9b, 0xce9b, 0xce9b, 0xce9b, 0xce9b, 0xce9b, 0xce9b, 0xce9b, 0xce9b, 0xce9b, 0xce9b, 0xc67a, 0xc67a, 0xc67a, 0xc65a, 0xc65a, 0xc67a, 0xc67a, 0xc67a, 0xc67a, 0xc67a, 0xc67a, 0xc67a, 0xc67a, 0xc67a, 0xc67a, 0xc67a, 0xc67a, 0xc67a, 0xc67a, 0xc67a, 0xc67a, 0xc67a, 0xc67a, 0xc67a, 0xc65a, 0xc65a, 0xc65a, 0xc65a, 0xc65a, 0xc65a, 0xc65a, 0xc65a, 0xc65a, 0xc65a, 0xc639, 0xc639, 0xc639, 0xbdf9, 0xad97, 0xa535, 0x94f4, 
  0x94f4, 0x94f4, 0x9cf4, 0x9d15, 0xad76, 0xb5d8, 0xbe18, 0xc639, 0xc65a, 0xc65a, 0xc65a, 0xc65a, 0xc65a, 0xc65a, 0xc67a, 0xc65a, 0xc65a, 0xc67a, 0xc67a, 0xc67a, 0xc67a, 0xce7a, 0xce7a, 0xc67a, 0xce7a, 0xce9a, 0xce9b, 0xce9b, 0xce9a, 0xce7a, 0xce7a, 0xce7b, 0xce9b, 0xce9b, 0xce9b, 0xce9b, 0xce9b, 0xce9b, 0xce9b, 0xce9b, 0xce9b, 0xce9b, 0xce9b, 0xce9b, 0xce9b, 0xce9b, 0xce9b, 0xce9b, 0xce9b, 0xce9b, 0xce9b, 0xce9b, 0xce9b, 0xce9b, 0xce9b, 0xce9b, 0xce9b, 0xce9b, 0xce9b, 0xce9b, 0xce9b, 0xce9b, 0xce9b, 0xce9b, 0xce9b, 0xce9b, 0xce9b, 0xce9b, 0xce9b, 0xce9b, 0xce9b, 0xce9b, 0xce9b, 0xce9b, 0xce9b, 0xce9b, 0xce9b, 0xce9b, 0xce9b, 0xce9b, 0xce9b, 0xce9b, 0xce9b, 0xce9b, 0xce9b, 0xce9b, 0xce9b, 0xce9b, 0xce9b, 0xce9b, 0xce9b, 0xce9b, 0xce9b, 0xce9b, 0xce9b, 0xce9b, 0xce9b, 0xce9b, 0xce9b, 0xce9b, 0xce9b, 0xce9b, 0xce9b, 0xce9b, 0xce9b, 0xce9b, 0xce9b, 0xce9b, 0xce9b, 0xce9b, 0xce9b, 0xce9b, 0xce9b, 0xce9b, 0xce9b, 0xce9b, 0xce9b, 0xce9b, 0xce9b, 0xce9b, 0xce9b, 0xce9b, 0xce9b, 0xce9b, 0xce9b, 0xce9b, 0xce9b, 0xce9b, 0xce9b, 0xce9b, 0xce9b, 0xce9b, 0xce9b, 0xce9b, 0xce9b, 0xce9b, 0xce9b, 0xce9b, 0xce9b, 0xce9b, 0xce9b, 0xce9b, 0xce9b, 0xce9b, 0xce9b, 0xce9b, 0xce9b, 0xce9b, 0xce9b, 0xce9b, 0xce9b, 0xce9b, 0xce9b, 0xce9b, 0xce9b, 0xce9b, 0xce9b, 0xce9b, 0xce9b, 0xce9b, 0xce9b, 0xce9b, 0xce9b, 0xce9b, 0xce9b, 0xce9b, 0xce9b, 0xce9b, 0xce9b, 0xce9b, 0xce9b, 0xce9b, 0xce9b, 0xce9b, 0xce9b, 0xce9b, 0xce9b, 0xce9b, 0xce9b, 0xce9b, 0xce9b, 0xce9b, 0xce9b, 0xce9b, 0xce9b, 0xce9b, 0xce9b, 0xce9b, 0xce9b, 0xce9b, 0xce9b, 0xce9b, 0xce9b, 0xce9b, 0xce9b, 0xce9b, 0xce9b, 0xce9b, 0xce9b, 0xc67a, 0xc67a, 0xc65a, 0xc65a, 0xbdf8, 0x632d, 0x5aed, 0x5acc, 0x52ab, 0x52ab, 0x52ab, 0x528a, 0x4a8a, 0x4a6a, 0x4a6a, 0x4a69, 0x4a6a, 0x4a49, 0x4249, 0x4229, 0x4229, 0x4229, 0x4229, 0x4209, 0x4209, 0x4208, 0x3a08, 0x39e8, 0x39e8, 0x39c7, 0x39c7, 0x31c7, 0x31a7, 0x31a7, 0x31a7, 0x31a7, 0x3186, 0x3187, 0x9cf5, 0xa535, 0x94f4, 
  0x94f4, 0x94f4, 0x4a8a, 0x1082, 0x1082, 0x18c4, 0x2105, 0x2945, 0x2946, 0x2926, 0x2126, 0x2125, 0x2946, 0x2946, 0x2945, 0x2966, 0x2946, 0x2966, 0x2945, 0x2946, 0x2945, 0x2946, 0x2945, 0x2946, 0x2945, 0x2125, 0x2125, 0x2125, 0x2146, 0x2126, 0x2125, 0x2125, 0x2125, 0x2946, 0x31a7, 0xbdf8, 0xce9b, 0xce9b, 0xce9b, 0xce9b, 0xce9b, 0xce9b, 0xce9b, 0xce9b, 0xce9b, 0xce9b, 0xce9b, 0xce9b, 0xce9b, 0xce9b, 0xce9b, 0xce9b, 0xce9b, 0xce9b, 0xce9b, 0xce9b, 0xce9b, 0xce9b, 0xce9b, 0xce9b, 0xce9b, 0xce9b, 0xce9b, 0xce9b, 0xce9b, 0xce9b, 0xce9b, 0xce9b, 0xce9b, 0xce9b, 0xce9b, 0xce9b, 0xce9b, 0xce9b, 0xce9b, 0xce9b, 0xce9b, 0xce9b, 0xce9b, 0xce9b, 0xce9b, 0xce9b, 0xce9b, 0xce9b, 0xce9b, 0xce9b, 0xce9b, 0xce9b, 0xce9b, 0xce9b, 0xce9b, 0xce9b, 0xce9b, 0xce9b, 0xce9b, 0xce9b, 0xce9b, 0xce9b, 0xce9b, 0xce9b, 0xce9b, 0xce9b, 0xce9b, 0xce9b, 0xce9b, 0xce9b, 0xce9b, 0xce9b, 0xce9b, 0xce9b, 0xce9b, 0xce9b, 0xce9b, 0xce9b, 0xce9b, 0xce9b, 0xce9b, 0xce9b, 0xce9b, 0xce9b, 0xce9b, 0xce9b, 0xce9b, 0xce9b, 0xce9b, 0xce9b, 0xce9b, 0xce9b, 0xce9b, 0xce9b, 0xce9b, 0xce9b, 0xce9b, 0xce9b, 0xce9b, 0xce9b, 0xce9b, 0xce9b, 0xce9b, 0xce9b, 0xce9b, 0xce9b, 0xce9b, 0xce9b, 0xce9b, 0xce9b, 0xce9b, 0xce9b, 0xce9b, 0xce9b, 0xce9b, 0xce9b, 0xce9b, 0xce9b, 0xce9b, 0xce9b, 0xce9b, 0xce9b, 0xce9b, 0xce9b, 0xce9b, 0xce9b, 0xce9b, 0xce9b, 0xce9b, 0xce9b, 0xce9b, 0xce9b, 0xce9b, 0xce9b, 0xce9b, 0xce9b, 0xce9b, 0xce9b, 0xce9b, 0xce9b, 0xce9b, 0xce9b, 0xce9b, 0xce9b, 0xce9b, 0xce9b, 0xce9b, 0xce9b, 0xce9b, 0xce9b, 0xce9b, 0xce9b, 0xce9b, 0xce9b, 0xce9b, 0xce9b, 0xce9b, 0xce9b, 0xce9b, 0xce9b, 0xce9b, 0xce9b, 0xce9b, 0xc67a, 0xc67a, 0xc67a, 0xc67a, 0xb5b7, 0x0861, 0x0000, 0x0000, 0x0000, 0x0000, 0x0000, 0x0000, 0x0000, 0x0000, 0x0000, 0x0000, 0x0000, 0x0000, 0x0000, 0x0000, 0x0000, 0x0000, 0x0000, 0x0000, 0x0000, 0x0000, 0x0000, 0x0000, 0x0000, 0x0000, 0x0000, 0x0000, 0x0000, 0x0000, 0x0000, 0x0000, 0x0000, 0x0000, 0x94d3, 0xa535, 0x94f4, 
  0x94f4, 0x9cf4, 0x4229, 0x0000, 0x0000, 0x0821, 0x1083, 0x10a3, 0x10c3, 0x18c3, 0x10c4, 0x10c3, 0x10c3, 0x10e3, 0x10e3, 0x18e3, 0x18e3, 0x18e3, 0x18e3, 0x10e3, 0x10e3, 0x10e3, 0x18e3, 0x10c3, 0x18c3, 0x18c4, 0x10c4, 0x18c4, 0x10c4, 0x10c4, 0x10c3, 0x10a3, 0x10c3, 0x18e3, 0x2125, 0xb5d8, 0xce9b, 0xce9b, 0xce9b, 0xce9b, 0xce9b, 0xce9b, 0xce9b, 0xce9b, 0xce9b, 0xce9b, 0xce9b, 0xce9b, 0xce9b, 0xce9b, 0xce9b, 0xce9b, 0xce9b, 0xce9b, 0xce9b, 0xce9b, 0xce9b, 0xce9b, 0xce9b, 0xce9b, 0xce9b, 0xce9b, 0xce9b, 0xce9b, 0xce9b, 0xce9b, 0xce9b, 0xce9b, 0xce9b, 0xce9b, 0xce9b, 0xce9b, 0xce9b, 0xce9b, 0xce9b, 0xce9b, 0xce9b, 0xce9b, 0xce9b, 0xce9b, 0xce9b, 0xce9b, 0xce9b, 0xce9b, 0xce9b, 0xce9b, 0xce9b, 0xce9b, 0xce9b, 0xce9b, 0xce9b, 0xce9b, 0xce9b, 0xce9b, 0xce9b, 0xce9b, 0xce9b, 0xce9b, 0xce9b, 0xce9b, 0xce9b, 0xce9b, 0xce9b, 0xce9b, 0xce9b, 0xce9b, 0xce9b, 0xce9b, 0xce9b, 0xce9b, 0xce9b, 0xce9b, 0xce9b, 0xce9b, 0xce9b, 0xce9b, 0xce9b, 0xce9b, 0xce9b, 0xce9b, 0xce9b, 0xce9b, 0xce9b, 0xce9b, 0xce9b, 0xce9b, 0xce9b, 0xce9b, 0xce9b, 0xce9b, 0xce9b, 0xce9b, 0xce9b, 0xce9b, 0xce9b, 0xce9b, 0xce9b, 0xce9b, 0xce9b, 0xce9b, 0xce9b, 0xce9b, 0xce9b, 0xce9b, 0xce9b, 0xce9b, 0xce9b, 0xce9b, 0xce9b, 0xce9b, 0xce9b, 0xce9b, 0xce9b, 0xce9b, 0xce9b, 0xce9b, 0xce9b, 0xce9b, 0xce9b, 0xce9b, 0xce9b, 0xce9b, 0xce9b, 0xce9b, 0xce9b, 0xce9b, 0xce9b, 0xce9b, 0xce9b, 0xce9b, 0xce9b, 0xce9b, 0xce9b, 0xce9b, 0xce9b, 0xce9b, 0xce9b, 0xce9b, 0xce9b, 0xce9b, 0xce9b, 0xce9b, 0xce9b, 0xce9b, 0xce9b, 0xce9b, 0xce9b, 0xce9b, 0xce9b, 0xce9b, 0xce9b, 0xce9b, 0xce9b, 0xce9b, 0xce9b, 0xce9b, 0xce9b, 0xce9b, 0xce9b, 0xc67a, 0xc67a, 0xc67a, 0xc67a, 0xb5d7, 0x1062, 0x0000, 0x0000, 0x0000, 0x0000, 0x0000, 0x0000, 0x0000, 0x0000, 0x0000, 0x0000, 0x0000, 0x0000, 0x0000, 0x0000, 0x0000, 0x0000, 0x0000, 0x0000, 0x0000, 0x0000, 0x0000, 0x0000, 0x0000, 0x0000, 0x0000, 0x0000, 0x0000, 0x0000, 0x0000, 0x0000, 0x0000, 0x0000, 0x94b3, 0xa555, 0x94f4, 
  0x94f4, 0x9cf4, 0x4229, 0x0000, 0x0000, 0x0821, 0x1082, 0x10a2, 0x10a2, 0x10c3, 0x10a3, 0x10c3, 0x10c3, 0x10c3, 0x10c3, 0x10c3, 0x10e3, 0x10c3, 0x10c3, 0x10c3, 0x10c3, 0x10c3, 0x10c3, 0x10c3, 0x10c3, 0x10c3, 0x10c3, 0x10a3, 0x10c3, 0x10a3, 0x1083, 0x10a3, 0x10a3, 0x10a3, 0x2105, 0xb5b8, 0xce9b, 0xce9b, 0xce9b, 0xce9b, 0xce9b, 0xce9b, 0xce9b, 0xce9b, 0xce9b, 0xce9b, 0xce9b, 0xce9b, 0xce9b, 0xce9b, 0xce9b, 0xce9b, 0xce9b, 0xce9b, 0xce9b, 0xce9b, 0xce9b, 0xce9b, 0xce9b, 0xce9b, 0xce9b, 0xce9b, 0xce9b, 0xce9b, 0xce9b, 0xce9b, 0xce9b, 0xce9b, 0xce9b, 0xce9b, 0xce9b, 0xce9b, 0xce9b, 0xce9b, 0xce9b, 0xce9b, 0xce9b, 0xce9b, 0xce9b, 0xce9b, 0xce9b, 0xce9b, 0xce9b, 0xce9b, 0xce9b, 0xce9b, 0xce9b, 0xce9b, 0xce9b, 0xce9b, 0xce9b, 0xce9b, 0xce9b, 0xce9b, 0xce9b, 0xce9b, 0xce9b, 0xce9b, 0xce9b, 0xce9b, 0xce9b, 0xce9b, 0xce9b, 0xce9b, 0xce9b, 0xce9b, 0xce9b, 0xce9b, 0xce9b, 0xce9b, 0xce9b, 0xce9b, 0xce9b, 0xce9b, 0xce9b, 0xce9b, 0xce9b, 0xce9b, 0xce9b, 0xce9b, 0xce9b, 0xce9b, 0xce9b, 0xce9b, 0xce9b, 0xce9b, 0xce9b, 0xce9b, 0xce9b, 0xce9b, 0xce9b, 0xce9b, 0xce9b, 0xce9b, 0xce9b, 0xce9b, 0xce9b, 0xce9b, 0xce9b, 0xce9b, 0xce9b, 0xce9b, 0xce9b, 0xce9b, 0xce9b, 0xce9b, 0xce9b, 0xce9b, 0xce9b, 0xce9b, 0xce9b, 0xce9b, 0xce9b, 0xce9b, 0xce9b, 0xce9b, 0xce9b, 0xce9b, 0xce9b, 0xce9b, 0xce9b, 0xce9b, 0xce9b, 0xce9b, 0xce9b, 0xce9b, 0xce9b, 0xce9b, 0xce9b, 0xce9b, 0xce9b, 0xce9b, 0xce9b, 0xce9b, 0xce9b, 0xce9b, 0xce9b, 0xce9b, 0xce9b, 0xce9b, 0xce9b, 0xce9b, 0xce9b, 0xce9b, 0xce9b, 0xce9b, 0xce9b, 0xce9b, 0xce9b, 0xce9b, 0xce9b, 0xce9b, 0xce9b, 0xce9b, 0xce9b, 0xce9b, 0xce9b, 0xce9b, 0xce9b, 0xc67a, 0xc67a, 0xc67a, 0xc67a, 0xb5d7, 0x0862, 0x0000, 0x0000, 0x0000, 0x0000, 0x0000, 0x0000, 0x0000, 0x0000, 0x0000, 0x0000, 0x0000, 0x0000, 0x0000, 0x0000, 0x0000, 0x0000, 0x0000, 0x0000, 0x0000, 0x0000, 0x0000, 0x0000, 0x0000, 0x0000, 0x0000, 0x0000, 0x0000, 0x0000, 0x0000, 0x0000, 0x0000, 0x0000, 0x94b3, 0xa556, 0x94f4, 
  0x9cf4, 0x9cf5, 0x4a49, 0x0000, 0x0000, 0x0020, 0x0862, 0x10a2, 0x10a3, 0x10a3, 0x10c3, 0x10a3, 0x10c3, 0x18c3, 0x18c3, 0x18c3, 0x18c3, 0x18c3, 0x18c3, 0x10c3, 0x10c3, 0x10c3, 0x10c3, 0x10c3, 0x10c3, 0x10c3, 0x10c3, 0x10c3, 0x10c3, 0x10a3, 0x1083, 0x1083, 0x10a3, 0x10a3, 0x20e5, 0xb5b7, 0xce9b, 0xce9b, 0xce9b, 0xce9b, 0xce9b, 0xce9b, 0xce9b, 0xce9b, 0xce9b, 0xce9b, 0xce9b, 0xce9b, 0xce9b, 0xce9b, 0xce9b, 0xce9b, 0xce9b, 0xce9b, 0xce9b, 0xce9b, 0xce9b, 0xce9b, 0xce9b, 0xce9b, 0xce9b, 0xce9b, 0xce9b, 0xce9b, 0xce9b, 0xce9b, 0xce9b, 0xce9b, 0xce9b, 0xce9b, 0xce9b, 0xce9b, 0xce9b, 0xce9b, 0xce9b, 0xce9b, 0xce9b, 0xce9b, 0xce9b, 0xce9b, 0xce9b, 0xce9b, 0xce9b, 0xce9b, 0xce9b, 0xce9b, 0xce9b, 0xce9b, 0xce9b, 0xce9b, 0xce9b, 0xce9b, 0xce9b, 0xce9b, 0xce9b, 0xce9b, 0xce9b, 0xce9b, 0xce9b, 0xce9b, 0xce9b, 0xce9b, 0xce9b, 0xce9b, 0xce9b, 0xce9b, 0xce9b, 0xce9b, 0xce9b, 0xce9b, 0xce9b, 0xce9b, 0xce9b, 0xce9b, 0xce9b, 0xce9b, 0xce9b, 0xce9b, 0xce9b, 0xce9b, 0xce9b, 0xce9b, 0xce9b, 0xce9b, 0xce9b, 0xce9b, 0xce9b, 0xce9b, 0xce9b, 0xce9b, 0xce9b, 0xce9b, 0xce9b, 0xce9b, 0xce9b, 0xce9b, 0xce9b, 0xce9b, 0xce9b, 0xce9b, 0xce9b, 0xce9b, 0xce9b, 0xce9b, 0xce9b, 0xce9b, 0xce9b, 0xce9b, 0xce9b, 0xce9b, 0xce9b, 0xce9b, 0xce9b, 0xce9b, 0xce9b, 0xce9b, 0xce9b, 0xce9b, 0xce9b, 0xce9b, 0xce9b, 0xce9b, 0xce9b, 0xce9b, 0xce9b, 0xce9b, 0xce9b, 0xce9b, 0xce9b, 0xce9b, 0xce9b, 0xce9b, 0xce9b, 0xce9b, 0xce9b, 0xce9b, 0xce9b, 0xce9b, 0xce9b, 0xce9b, 0xce9b, 0xce9b, 0xce9b, 0xce9b, 0xce9b, 0xce9b, 0xce9b, 0xce9b, 0xce9b, 0xce9b, 0xce9b, 0xce9b, 0xce9b, 0xce9b, 0xce9b, 0xce9b, 0xce9b, 0xce9b, 0xc67a, 0xc67a, 0xc67a, 0xc67a, 0xc67a, 0xb5d7, 0x1062, 0x0000, 0x0000, 0x0000, 0x0000, 0x0000, 0x0000, 0x0000, 0x0000, 0x0000, 0x0000, 0x0000, 0x0000, 0x0000, 0x0000, 0x0000, 0x0000, 0x0000, 0x0000, 0x0000, 0x0000, 0x0000, 0x0000, 0x0000, 0x0000, 0x0000, 0x0000, 0x0000, 0x0000, 0x0000, 0x0000, 0x0000, 0x0000, 0x94b3, 0xa556, 0x9cf4, 
  0x9cf5, 0x9cf5, 0x4a49, 0x0000, 0x0000, 0x0021, 0x0862, 0x1082, 0x10a3, 0x10a3, 0x1083, 0x10a3, 0x10a3, 0x10c3, 0x10c3, 0x10c3, 0x18c3, 0x10c3, 0x10c3, 0x10c3, 0x10c3, 0x10c3, 0x10c3, 0x10a3, 0x10a3, 0x10c3, 0x10a2, 0x10c3, 0x10a3, 0x10a3, 0x10a3, 0x10a3, 0x10a3, 0x18c3, 0x2105, 0xb5b7, 0xce9b, 0xce9b, 0xce9b, 0xce9b, 0xce9b, 0xce9b, 0xce9b, 0xce9b, 0xce9b, 0xce9b, 0xce9b, 0xce9b, 0xce9b, 0xce9b, 0xce9b, 0xce9b, 0xce9b, 0xce9b, 0xce9b, 0xce9b, 0xce9b, 0xce9b, 0xce9b, 0xce9b, 0xce9b, 0xce9b, 0xce9b, 0xce9b, 0xce9b, 0xce9b, 0xce9b, 0xce9b, 0xce9b, 0xce9b, 0xce9b, 0xce9b, 0xce9b, 0xce9b, 0xce9b, 0xce9b, 0xce9b, 0xce9b, 0xce9b, 0xce9b, 0xce9b, 0xce9b, 0xce9b, 0xce9b, 0xce9b, 0xce9b, 0xce9b, 0xce9b, 0xce9b, 0xce9b, 0xce9b, 0xce9b, 0xce9b, 0xce9b, 0xce9b, 0xce9b, 0xce9b, 0xce9b, 0xce9b, 0xce9b, 0xce9b, 0xce9b, 0xce9b, 0xce9b, 0xce9b, 0xce9b, 0xce9b, 0xce9b, 0xce9b, 0xce9b, 0xce9b, 0xce9b, 0xce9b, 0xce9b, 0xce9b, 0xce9b, 0xce9b, 0xce9b, 0xce9b, 0xce9b, 0xce9b, 0xce9b, 0xce9b, 0xce9b, 0xce9b, 0xce9b, 0xce9b, 0xce9b, 0xce9b, 0xce9b, 0xce9b, 0xce9b, 0xce9b, 0xce9b, 0xce9b, 0xce9b, 0xce9b, 0xce9b, 0xce9b, 0xce9b, 0xce9b, 0xce9b, 0xce9b, 0xce9b, 0xce9b, 0xce9b, 0xce9b, 0xce9b, 0xce9b, 0xce9b, 0xce9b, 0xce9b, 0xce9b, 0xce9b, 0xce9b, 0xce9b, 0xce9b, 0xce9b, 0xce9b, 0xce9b, 0xce9b, 0xce9b, 0xce9b, 0xce9b, 0xce9b, 0xce9b, 0xce9b, 0xce9b, 0xce9b, 0xce9b, 0xce9b, 0xce9b, 0xce9b, 0xce9b, 0xce9b, 0xce9b, 0xce9b, 0xce9b, 0xce9b, 0xce9b, 0xce9b, 0xce9b, 0xce9b, 0xce9b, 0xce9b, 0xce9b, 0xce9b, 0xce9b, 0xce9b, 0xce9b, 0xce9b, 0xce9b, 0xce9b, 0xce9b, 0xce9b, 0xce9b, 0xce9b, 0xce9b, 0xc67a, 0xc67a, 0xc67a, 0xc67a, 0xc65a, 0xadb7, 0x0841, 0x0000, 0x0000, 0x0000, 0x0000, 0x0000, 0x0000, 0x0000, 0x0000, 0x0000, 0x0000, 0x0000, 0x0000, 0x0000, 0x0000, 0x0000, 0x0000, 0x0000, 0x0000, 0x0000, 0x0000, 0x0000, 0x0000, 0x0000, 0x0000, 0x0000, 0x0000, 0x0000, 0x0000, 0x0000, 0x0000, 0x0000, 0x0000, 0x9493, 0xa556, 0x9cf4, 
  0x94f5, 0x9cf5, 0x4a69, 0x0000, 0x0000, 0x0021, 0x0882, 0x1083, 0x10a3, 0x1083, 0x1083, 0x10a3, 0x10a3, 0x10c3, 0x10c3, 0x18c3, 0x18e3, 0x10c3, 0x10c3, 0x10a3, 0x10a3, 0x10c3, 0x10a3, 0x10a3, 0x10a3, 0x10a3, 0x10c3, 0x10c3, 0x10c3, 0x10c3, 0x10a2, 0x08a2, 0x10a2, 0x10c3, 0x2105, 0xad97, 0xce9a, 0xce9b, 0xce9b, 0xce9b, 0xce9b, 0xce9b, 0xce9b, 0xce9b, 0xce9b, 0xce9b, 0xce9b, 0xce9b, 0xce9b, 0xce9b, 0xce9b, 0xce9b, 0xce9b, 0xce9b, 0xce9b, 0xce9b, 0xce9b, 0xce9b, 0xce9b, 0xce9b, 0xce9b, 0xce9b, 0xce9b, 0xce9b, 0xce9b, 0xce9b, 0xce9b, 0xce9b, 0xce9b, 0xce9b, 0xce9b, 0xce9b, 0xce9b, 0xce9b, 0xce9b, 0xce9b, 0xce9b, 0xce9b, 0xce9b, 0xce9b, 0xce9b, 0xce9b, 0xce9b, 0xce9b, 0xce9b, 0xce9b, 0xce9b, 0xce9b, 0xce9b, 0xce9b, 0xce9b, 0xce9b, 0xce9b, 0xce9b, 0xce9b, 0xce9b, 0xce9b, 0xce9b, 0xce9b, 0xce9b, 0xce9b, 0xce9b, 0xce9b, 0xce9b, 0xce9b, 0xce9b, 0xce9b, 0xce9b, 0xce9b, 0xce9b, 0xce9b, 0xce9b, 0xce9b, 0xce9b, 0xce9b, 0xce9b, 0xce9b, 0xce9b, 0xce9b, 0xce9b, 0xce9b, 0xce9b, 0xce9b, 0xce9b, 0xce9b, 0xce9b, 0xce9b, 0xce9b, 0xce9b, 0xce9b, 0xce9b, 0xce9b, 0xce9b, 0xce9b, 0xce9b, 0xce9b, 0xce9b, 0xce9b, 0xce9b, 0xce9b, 0xce9b, 0xce9b, 0xce9b, 0xce9b, 0xce9b, 0xce9b, 0xce9b, 0xce9b, 0xce9b, 0xce9b, 0xce9b, 0xce9b, 0xce9b, 0xce9b, 0xce9b, 0xce9b, 0xce9b, 0xce9b, 0xce9b, 0xce9b, 0xce9b, 0xce9b, 0xce9b, 0xce9b, 0xce9b, 0xce9b, 0xce9b, 0xce9b, 0xce9b, 0xce9b, 0xce9b, 0xce9b, 0xce9b, 0xce9b, 0xce9b, 0xce9b, 0xce9b, 0xce9b, 0xce9b, 0xce9b, 0xce9b, 0xce9b, 0xce9b, 0xce9b, 0xce9b, 0xce9b, 0xce9b, 0xce9b, 0xce9b, 0xce9b, 0xce9b, 0xce9b, 0xce9b, 0xce9b, 0xce9b, 0xce9b, 0xce9b, 0xce9b, 0xc67a, 0xc67a, 0xc67a, 0xc67a, 0xc67a, 0xb5b7, 0x0841, 0x0000, 0x0000, 0x0000, 0x0000, 0x0000, 0x0000, 0x0000, 0x0000, 0x0000, 0x0000, 0x0000, 0x0000, 0x0000, 0x0000, 0x0000, 0x0000, 0x0000, 0x0000, 0x0000, 0x0000, 0x0000, 0x0000, 0x0000, 0x0000, 0x0000, 0x0000, 0x0000, 0x0000, 0x0000, 0x0000, 0x0000, 0x0000, 0x8c93, 0xa556, 0x9cf4, 
  0x94f5, 0x94f5, 0x4a8a, 0x0000, 0x0000, 0x0021, 0x10a3, 0x10c3, 0x18c3, 0x18c3, 0x18c3, 0x10c3, 0x10c3, 0x18c3, 0x18c3, 0x18e3, 0x18e3, 0x10c3, 0x10c3, 0x10c3, 0x10c3, 0x10c3, 0x10c3, 0x18c3, 0x18c3, 0x10c3, 0x18c3, 0x18c3, 0x10c3, 0x10c3, 0x10a3, 0x10a2, 0x10c3, 0x10c3, 0x2105, 0xad97, 0xce9b, 0xce9b, 0xce9b, 0xce9b, 0xce9b, 0xce9b, 0xce9b, 0xce9b, 0xce9b, 0xce9b, 0xce9b, 0xce9b, 0xce9b, 0xce9b, 0xce9b, 0xce9b, 0xce9b, 0xce9b, 0xce9b, 0xce9b, 0xce9b, 0xce9b, 0xce9b, 0xce9b, 0xce9b, 0xce9b, 0xce9b, 0xce9b, 0xce9b, 0xce9b, 0xce9b, 0xce9b, 0xce9b, 0xce9b, 0xce9b, 0xce9b, 0xce9b, 0xce9b, 0xce9b, 0xce9b, 0xce9b, 0xce9b, 0xce9b, 0xce9b, 0xce9b, 0xce9b, 0xce9b, 0xce9b, 0xce9b, 0xce9b, 0xce9b, 0xce9b, 0xce9b, 0xce9b, 0xce9b, 0xce9b, 0xce9b, 0xce9b, 0xce9b, 0xce9b, 0xce9b, 0xce9b, 0xce9b, 0xce9b, 0xce9b, 0xce9b, 0xce9b, 0xce9b, 0xce9b, 0xce9b, 0xce9b, 0xce9b, 0xce9b, 0xce9b, 0xce9b, 0xce9b, 0xce9b, 0xce9b, 0xce9b, 0xce9b, 0xce9b, 0xce9b, 0xce9b, 0xce9b, 0xce9b, 0xce9b, 0xce9b, 0xce9b, 0xce9b, 0xce9b, 0xce9b, 0xce9b, 0xce9b, 0xce9b, 0xce9b, 0xce9b, 0xce9b, 0xce9b, 0xce9b, 0xce9b, 0xce9b, 0xce9b, 0xce9b, 0xce9b, 0xce9b, 0xce9b, 0xce9b, 0xce9b, 0xce9b, 0xce9b, 0xce9b, 0xce9b, 0xce9b, 0xce9b, 0xce9b, 0xce9b, 0xce9b, 0xce9b, 0xce9b, 0xce9b, 0xce9b, 0xce9b, 0xce9b, 0xce9b, 0xce9b, 0xce9b, 0xce9b, 0xce9b, 0xce9b, 0xce9b, 0xce9b, 0xce9b, 0xce9b, 0xce9b, 0xce9b, 0xce9b, 0xce9b, 0xce9b, 0xce9b, 0xce9b, 0xce9b, 0xce9b, 0xce9b, 0xce9b, 0xce9b, 0xce9b, 0xce9b, 0xce9b, 0xce9b, 0xce9b, 0xce9b, 0xce9b, 0xce9b, 0xce9b, 0xce9b, 0xce9b, 0xce9b, 0xce9b, 0xce9b, 0xce9b, 0xce9b, 0xce9b, 0xce9b, 0xc67a, 0xc67a, 0xc67a, 0xc67a, 0xb5b7, 0x0841, 0x0000, 0x0000, 0x0000, 0x0000, 0x0000, 0x0000, 0x0000, 0x0000, 0x0000, 0x0000, 0x0000, 0x0000, 0x0000, 0x0000, 0x0000, 0x0000, 0x0000, 0x0000, 0x0000, 0x0000, 0x0000, 0x0000, 0x0000, 0x0000, 0x0000, 0x0000, 0x0000, 0x0000, 0x0000, 0x0000, 0x0000, 0x0000, 0x94b3, 0xa556, 0x9d14, 
  0x94f5, 0x94f5, 0x52ab, 0x0000, 0x0000, 0x0842, 0x10c3, 0x18e4, 0x10c4, 0x18c4, 0x18c4, 0x18c3, 0x18e4, 0x18e3, 0x18e3, 0x18c3, 0x18e3, 0x10e3, 0x10e4, 0x10e4, 0x10c3, 0x10e4, 0x18c4, 0x18c4, 0x18e4, 0x18c4, 0x18c3, 0x18e4, 0x18e4, 0x18e4, 0x18c3, 0x10c4, 0x18e4, 0x18e4, 0x2105, 0xad97, 0xce9a, 0xce9b, 0xce9b, 0xce9b, 0xce9b, 0xce9b, 0xce9b, 0xce9b, 0xce9b, 0xce9b, 0xce9b, 0xce9b, 0xce9b, 0xce9b, 0xce9b, 0xce9b, 0xce9b, 0xce9b, 0xce9b, 0xce9b, 0xce9b, 0xce9b, 0xce9b, 0xce9b, 0xce9b, 0xce9b, 0xce9b, 0xce9b, 0xce9b, 0xce9b, 0xce9b, 0xce9b, 0xce9b, 0xce9b, 0xce9b, 0xce9b, 0xce9b, 0xce9b, 0xce9b, 0xce9b, 0xce9b, 0xce9b, 0xce9b, 0xce9b, 0xce9b, 0xce9b, 0xce9b, 0xce9b, 0xce9b, 0xce9b, 0xce9b, 0xce9b, 0xce9b, 0xce9b, 0xce9b, 0xce9b, 0xce9b, 0xce9b, 0xce9b, 0xce9b, 0xce9b, 0xce9b, 0xce9b, 0xce9b, 0xce9b, 0xce9b, 0xce9b, 0xce9b, 0xce9b, 0xce9b, 0xce9b, 0xce9b, 0xce9b, 0xce9b, 0xce9b, 0xce9b, 0xce9b, 0xce9b, 0xce9b, 0xce9b, 0xce9b, 0xce9b, 0xce9b, 0xce9b, 0xce9b, 0xce9b, 0xce9b, 0xce9b, 0xce9b, 0xce9b, 0xce9b, 0xce9b, 0xce9b, 0xce9b, 0xce9b, 0xce9b, 0xce9b, 0xce9b, 0xce9b, 0xce9b, 0xce9b, 0xce9b, 0xce9b, 0xce9b, 0xce9b, 0xce9b, 0xce9b, 0xce9b, 0xce9b, 0xce9b, 0xce9b, 0xce9b, 0xce9b, 0xce9b, 0xce9b, 0xce9b, 0xce9b, 0xce9b, 0xce9b, 0xce9b, 0xce9b, 0xce9b, 0xce9b, 0xce9b, 0xce9b, 0xce9b, 0xce9b, 0xce9b, 0xce9b, 0xce9b, 0xce9b, 0xce9b, 0xce9b, 0xce9b, 0xce9b, 0xce9b, 0xce9b, 0xce9b, 0xce9b, 0xce9b, 0xce9b, 0xce9b, 0xce9b, 0xce9b, 0xce9b, 0xce9b, 0xce9b, 0xce9b, 0xce9b, 0xce9b, 0xce9b, 0xce9b, 0xce9b, 0xce9b, 0xce9b, 0xce9b, 0xce9b, 0xce9b, 0xce9b, 0xce9b, 0xce9b, 0xce9b, 0xce9b, 0xc67a, 0xc67a, 0xc67a, 0xc67a, 0xc659, 0x8451, 0x73cf, 0x73af, 0x6b8f, 0x6b6e, 0x6b6e, 0x6b8e, 0x6b6e, 0x6b8f, 0x6b8e, 0x73af, 0x73af, 0x73af, 0x73cf, 0x73cf, 0x73f0, 0x73f0, 0x7bf0, 0x73d0, 0x7bf0, 0x7bf0, 0x7c10, 0x7c10, 0x7bf0, 0x7c10, 0x7c10, 0x7c10, 0x7c11, 0x7c11, 0x8431, 0x8431, 0x8430, 0x7c31, 0xad76, 0xa556, 0x9cf4, 
  0x94f5, 0x94f5, 0x94d4, 0x8c93, 0x94d4, 0xa535, 0xad76, 0xad97, 0xadb7, 0xb5b7, 0xb5d7, 0xb5d8, 0xb5d8, 0xb5d8, 0xb5d8, 0xb5f8, 0xb5f8, 0xb5f8, 0xb5f8, 0xbdf8, 0xbe19, 0xbe19, 0xbe19, 0xbe19, 0xbe19, 0xbe19, 0xbe19, 0xbe39, 0xbe39, 0xbe39, 0xbe39, 0xbe39, 0xbe39, 0xbe59, 0xc65a, 0xce7a, 0xce9b, 0xce9b, 0xce9b, 0xce9b, 0xce9b, 0xce9b, 0xce9b, 0xce9b, 0xce9b, 0xce9b, 0xce9b, 0xce9b, 0xce9b, 0xce9b, 0xce9b, 0xce9b, 0xce9b, 0xce9b, 0xce9b, 0xce9b, 0xce9b, 0xce9b, 0xce9b, 0xce9b, 0xce9b, 0xce9b, 0xce9b, 0xce9b, 0xce9b, 0xce9b, 0xce9b, 0xce9b, 0xce9b, 0xce9b, 0xce9b, 0xce9b, 0xce9b, 0xce9b, 0xce9b, 0xce9b, 0xce9b, 0xce9b, 0xce9b, 0xce9b, 0xce9b, 0xce9b, 0xce9b, 0xce9b, 0xce9b, 0xce9b, 0xce9b, 0xce9b, 0xce9b, 0xce9b, 0xce9b, 0xce9b, 0xce9b, 0xce9b, 0xce9b, 0xce9b, 0xce9b, 0xce9b, 0xce9b, 0xce9b, 0xce9b, 0xce9b, 0xce9b, 0xce9b, 0xce9b, 0xce9b, 0xce9b, 0xce9b, 0xce9b, 0xce9b, 0xce9b, 0xce9b, 0xce9b, 0xce9b, 0xce9b, 0xce9b, 0xce9b, 0xce9b, 0xce9b, 0xce9b, 0xce9b, 0xce9b, 0xce9b, 0xce9b, 0xce9b, 0xce9b, 0xce9b, 0xce9b, 0xce9b, 0xce9b, 0xce9b, 0xce9b, 0xce9b, 0xce9b, 0xce9b, 0xce9b, 0xce9b, 0xce9b, 0xce9b, 0xce9b, 0xce9b, 0xce9b, 0xce9b, 0xce9b, 0xce9b, 0xce9b, 0xce9b, 0xce9b, 0xce9b, 0xce9b, 0xce9b, 0xce9b, 0xce9b, 0xce9b, 0xce9b, 0xce9b, 0xce9b, 0xce9b, 0xce9b, 0xce9b, 0xce9b, 0xce9b, 0xce9b, 0xce9b, 0xce9b, 0xce9b, 0xce9b, 0xce9b, 0xce9b, 0xce9b, 0xce9b, 0xce9b, 0xce9b, 0xce9b, 0xce9b, 0xce9b, 0xce9b, 0xce9b, 0xce9b, 0xce9b, 0xce9b, 0xce9b, 0xce9b, 0xce9b, 0xce9b, 0xce9b, 0xce9b, 0xce9b, 0xce9b, 0xce9b, 0xce9b, 0xce9b, 0xce9b, 0xce9b, 0xce9b, 0xce9b, 0xce9b, 0xce9b, 0xce9b, 0xce9b, 0xc67a, 0xc67a, 0xc67a, 0xc67a, 0xc67a, 0xc67a, 0xc65a, 0xc65a, 0xc659, 0xbe39, 0xbe39, 0xbe19, 0xbe19, 0xbe39, 0xbe39, 0xbe39, 0xbe39, 0xbe39, 0xbe39, 0xbe39, 0xc639, 0xbe39, 0xbe39, 0xbe19, 0xbe19, 0xbe19, 0xbe18, 0xbe18, 0xbe19, 0xbe19, 0xbe19, 0xbe19, 0xbe19, 0xbe19, 0xbe18, 0xbdf8, 0xb5d8, 0xb5b7, 0xa556, 0x9d14, 
  0x94f5, 0x94f5, 0x94f5, 0x9d15, 0xa556, 0xb5b7, 0xbdf8, 0xbe39, 0xbe39, 0xbe39, 0xc659, 0xc659, 0xc659, 0xc65a, 0xc65a, 0xc65a, 0xc65a, 0xc65a, 0xc67a, 0xc67a, 0xce7a, 0xce7a, 0xce7a, 0xce7a, 0xce7a, 0xce7a, 0xce7a, 0xce7a, 0xce9b, 0xce9b, 0xce9b, 0xce9b, 0xce9b, 0xce9a, 0xc69a, 0xce9b, 0xce9b, 0xce9b, 0xce9b, 0xce9b, 0xce9b, 0xce9b, 0xce9b, 0xce9b, 0xce9b, 0xce9b, 0xce9b, 0xce9b, 0xce9b, 0xce9b, 0xce9b, 0xce9b, 0xce9b, 0xce9b, 0xce9b, 0xce9b, 0xce9b, 0xce9b, 0xce9b, 0xce9b, 0xce9b, 0xce9b, 0xce9b, 0xce9b, 0xce9b, 0xce9b, 0xce9b, 0xce9b, 0xce9b, 0xce9b, 0xce9b, 0xce9b, 0xce9b, 0xce9b, 0xce9b, 0xce9b, 0xce9b, 0xce9b, 0xce9b, 0xce9b, 0xce9b, 0xce9b, 0xce9b, 0xce9b, 0xce9b, 0xce9b, 0xce9b, 0xce9b, 0xce9b, 0xce9b, 0xce9b, 0xce9b, 0xce9b, 0xce9b, 0xce9b, 0xce9b, 0xce9b, 0xce9b, 0xce9b, 0xce9b, 0xce9b, 0xce9b, 0xce9b, 0xce9b, 0xce9b, 0xce9b, 0xce9b, 0xce9b, 0xce9b, 0xce9b, 0xce9b, 0xce9b, 0xce9b, 0xce9b, 0xce9b, 0xce9b, 0xce9b, 0xce9b, 0xce9b, 0xce9b, 0xce9b, 0xce9b, 0xce9b, 0xce9b, 0xce9b, 0xce9b, 0xce9b, 0xce9b, 0xce9b, 0xce9b, 0xce9b, 0xce9b, 0xce9b, 0xce9b, 0xce9b, 0xce9b, 0xce9b, 0xce9b, 0xce9b, 0xce9b, 0xce9b, 0xce9b, 0xce9b, 0xce9b, 0xce9b, 0xce9b, 0xce9b, 0xce9b, 0xce9b, 0xce9b, 0xce9b, 0xce9b, 0xce9b, 0xce9b, 0xce9b, 0xce9b, 0xce9b, 0xce9b, 0xce9b, 0xce9b, 0xce9b, 0xce9b, 0xce9b, 0xce9b, 0xce9b, 0xce9b, 0xce9b, 0xce9b, 0xce9b, 0xce9b, 0xce9b, 0xce9b, 0xce9b, 0xce9b, 0xce9b, 0xce9b, 0xce9b, 0xce9b, 0xce9b, 0xce9b, 0xce9b, 0xce9b, 0xce9b, 0xce9b, 0xce9b, 0xce9b, 0xce9b, 0xce9b, 0xce9b, 0xce9b, 0xce9b, 0xce9b, 0xce9b, 0xce9b, 0xce9b, 0xce9b, 0xce9b, 0xce9b, 0xce9b, 0xce9b, 0xce9b, 0xc67a, 0xc67a, 0xc67a, 0xc67a, 0xc67a, 0xc67a, 0xc67a, 0xc65a, 0xc65a, 0xc639, 0xc639, 0xc639, 0xc639, 0xc639, 0xc639, 0xc639, 0xbe39, 0xbe39, 0xbe39, 0xc639, 0xc639, 0xc639, 0xc639, 0xc639, 0xbe19, 0xbe39, 0xbe38, 0xbe19, 0xbe19, 0xbe19, 0xbe19, 0xbe19, 0xbe19, 0xbe19, 0xbe19, 0xb5d8, 0xb5b7, 0xa556, 0x9cf4, 
  0x9cf5, 0x9cf5, 0x9cf5, 0x9d15, 0xa556, 0xb5b8, 0xbdf9, 0xbe39, 0xc659, 0xc659, 0xc65a, 0xc65a, 0xc65a, 0xc65a, 0xc67a, 0xc67a, 0xc65a, 0xc67a, 0xce7a, 0xc67a, 0xc67a, 0xc67a, 0xc67a, 0xce9a, 0xce9b, 0xce9b, 0xce9b, 0xce9b, 0xce9b, 0xce9b, 0xce9b, 0xce9b, 0xce9b, 0xce9b, 0xce9b, 0xce9b, 0xce9b, 0xce9b, 0xce9b, 0xce9b, 0xce9b, 0xce9b, 0xce9b, 0xce9b, 0xce9b, 0xce9b, 0xce9b, 0xce9b, 0xce9b, 0xce9b, 0xce9b, 0xce9b, 0xce9b, 0xce9b, 0xce9b, 0xce9b, 0xce9b, 0xce9b, 0xce9b, 0xce9b, 0xce9b, 0xce9b, 0xce9b, 0xce9b, 0xce9b, 0xce9b, 0xce9b, 0xce9b, 0xce9b, 0xce9b, 0xce9b, 0xce9b, 0xce9b, 0xce9b, 0xce9b, 0xce9b, 0xce9b, 0xce9b, 0xce9b, 0xce9b, 0xce9b, 0xce9b, 0xce9b, 0xce9b, 0xce9b, 0xce9b, 0xce9b, 0xce9b, 0xce9b, 0xce9b, 0xce9b, 0xce9b, 0xce9b, 0xce9b, 0xce9b, 0xce9b, 0xce9b, 0xce9b, 0xce9b, 0xce9b, 0xce9b, 0xce9b, 0xce9b, 0xce9b, 0xce9b, 0xce9b, 0xce9b, 0xce9b, 0xce9b, 0xce9b, 0xce9b, 0xce9b, 0xce9b, 0xce9b, 0xce9b, 0xce9b, 0xce9b, 0xce9b, 0xce9b, 0xce9b, 0xce9b, 0xce9b, 0xce9b, 0xce9b, 0xce9b, 0xce9b, 0xce9b, 0xce9b, 0xce9b, 0xce9b, 0xce9b, 0xce9b, 0xce9b, 0xce9b, 0xce9b, 0xce9b, 0xce9b, 0xce9b, 0xce9b, 0xce9b, 0xce9b, 0xce9b, 0xce9b, 0xce9b, 0xce9b, 0xce9b, 0xce9b, 0xce9b, 0xce9b, 0xce9b, 0xce9b, 0xce9b, 0xce9b, 0xce9b, 0xce9b, 0xce9b, 0xce9b, 0xce9b, 0xce9b, 0xce9b, 0xce9b, 0xce9b, 0xce9b, 0xce9b, 0xce9b, 0xce9b, 0xce9b, 0xce9b, 0xce9b, 0xce9b, 0xce9b, 0xce9b, 0xce9b, 0xce9b, 0xce9b, 0xce9b, 0xce9b, 0xce9b, 0xce9b, 0xce9b, 0xce9b, 0xce9b, 0xce9b, 0xce9b, 0xce9b, 0xce9b, 0xce9b, 0xce9b, 0xce9b, 0xce9b, 0xce9b, 0xce9b, 0xce9b, 0xce9b, 0xce9b, 0xce9b, 0xce9b, 0xce9b, 0xce9b, 0xce9b, 0xce9b, 0xc67a, 0xc67a, 0xc67a, 0xc67a, 0xc67a, 0xc67a, 0xc67a, 0xc67a, 0xc65a, 0xc65a, 0xc65a, 0xc65a, 0xc65a, 0xc65a, 0xc65a, 0xc639, 0xc639, 0xc639, 0xc639, 0xc639, 0xc639, 0xc639, 0xc639, 0xc639, 0xc639, 0xbe39, 0xbe39, 0xbe39, 0xbe19, 0xbe19, 0xbe19, 0xbe19, 0xbe19, 0xbe19, 0xbe19, 0xb5d8, 0xb5b7, 0xa556, 0x9d14, 
  0x9cf5, 0x9cf5, 0x9cf5, 0x9d15, 0xa556, 0xb5b8, 0xbe19, 0xc639, 0xc659, 0xc659, 0xc65a, 0xc65a, 0xc65a, 0xc65a, 0xc65a, 0xc67a, 0xc67a, 0xce7a, 0xce7a, 0xc67a, 0xc67a, 0xc67a, 0xc67a, 0xc67a, 0xce9a, 0xce9b, 0xce9b, 0xce9b, 0xce9b, 0xce9b, 0xce9b, 0xce9b, 0xce9b, 0xce9b, 0xce9b, 0xce9b, 0xce9b, 0xce9b, 0xce9b, 0xce9b, 0xce9b, 0xce9b, 0xce9b, 0xce9b, 0xce9b, 0xce9b, 0xce9b, 0xce9b, 0xce9b, 0xce9b, 0xce9b, 0xce9b, 0xcebb, 0xcebb, 0xce9b, 0xce9b, 0xce9b, 0xce9b, 0xce9b, 0xce9b, 0xce9b, 0xce9b, 0xce9b, 0xce9b, 0xce9b, 0xce9b, 0xce9b, 0xce9b, 0xce9b, 0xce9b, 0xce9b, 0xce9b, 0xce9b, 0xce9b, 0xce9b, 0xce9b, 0xce9b, 0xce9b, 0xce9b, 0xce9b, 0xce9b, 0xce9b, 0xce9b, 0xce9b, 0xce9b, 0xce9b, 0xce9b, 0xce9b, 0xce9b, 0xce9b, 0xce9b, 0xce9b, 0xce9b, 0xce9b, 0xce9b, 0xce9b, 0xce9b, 0xce9b, 0xce9b, 0xce9b, 0xce9b, 0xce9b, 0xce9b, 0xce9b, 0xce9b, 0xce9b, 0xce9b, 0xce9b, 0xce9b, 0xce9b, 0xce9b, 0xce9b, 0xce9b, 0xce9b, 0xce9b, 0xce9b, 0xce9b, 0xce9b, 0xce9b, 0xce9b, 0xce9b, 0xce9b, 0xce9b, 0xce9b, 0xce9b, 0xce9b, 0xce9b, 0xce9b, 0xce9b, 0xce9b, 0xce9b, 0xce9b, 0xce9b, 0xce9b, 0xce9b, 0xce9b, 0xce9b, 0xce9b, 0xce9b, 0xce9b, 0xce9b, 0xce9b, 0xce9b, 0xce9b, 0xce9b, 0xce9b, 0xce9b, 0xce9b, 0xce9b, 0xce9b, 0xce9b, 0xce9b, 0xce9b, 0xce9b, 0xce9b, 0xce9b, 0xce9b, 0xce9b, 0xce9b, 0xce9b, 0xce9b, 0xce9b, 0xce9b, 0xce9b, 0xce9b, 0xce9b, 0xce9b, 0xce9b, 0xce9b, 0xce9b, 0xce9b, 0xce9b, 0xce9b, 0xce9b, 0xce9b, 0xce9b, 0xce9b, 0xce9b, 0xce9b, 0xce9b, 0xce9b, 0xce9b, 0xce9b, 0xce9b, 0xce9b, 0xce9b, 0xce9b, 0xce9b, 0xce9b, 0xce9b, 0xce9b, 0xce9b, 0xce9b, 0xce9b, 0xce9b, 0xce9b, 0xce9b, 0xce9b, 0xce9b, 0xce9b, 0xce9b, 0xce9b, 0xce9b, 0xce9b, 0xc67a, 0xc67a, 0xc67a, 0xc67a, 0xc67a, 0xc65a, 0xc65a, 0xc65a, 0xc65a, 0xc65a, 0xc65a, 0xc65a, 0xc65a, 0xc639, 0xc639, 0xc639, 0xc639, 0xc639, 0xc639, 0xc639, 0xc639, 0xc639, 0xbe39, 0xbe39, 0xbe39, 0xbe19, 0xbe19, 0xbe19, 0xbe19, 0xbe19, 0xbe19, 0xbe19, 0xb5d8, 0xb5b7, 0xa556, 0x9d14, 
  0x9cf5, 0x9cf5, 0x9cf5, 0x9d15, 0xa556, 0xb5b7, 0xbe19, 0xbe39, 0xc63a, 0xc639, 0xc639, 0xc65a, 0xc65a, 0xc65a, 0xc67a, 0xc67a, 0xce7a, 0xc67a, 0xc67a, 0xc67a, 0xc67a, 0xc67a, 0xce9a, 0xce9a, 0xce9b, 0xce9b, 0xce9b, 0xce9b, 0xce9b, 0xce9b, 0xce9b, 0xce9b, 0xce9b, 0xce9b, 0xce9b, 0xce9b, 0xce9b, 0xce9b, 0xce9b, 0xce9b, 0xce9b, 0xce9b, 0xce9b, 0xce9b, 0xce9b, 0xce9b, 0xce9b, 0xce9b, 0xce9b, 0xce9b, 0xce9b, 0xce9b, 0xce9b, 0xce9b, 0xce9b, 0xcebb, 0xce9b, 0xce9b, 0xce9b, 0xce9b, 0xce9b, 0xce9b, 0xce9b, 0xce9b, 0xce9b, 0xce9b, 0xce9b, 0xce9b, 0xce9b, 0xce9b, 0xce9b, 0xce9b, 0xce9b, 0xce9b, 0xce9b, 0xce9b, 0xce9b, 0xce9b, 0xce9b, 0xce9b, 0xce9b, 0xce9b, 0xce9b, 0xce9b, 0xce9b, 0xce9b, 0xce9b, 0xce9b, 0xce9b, 0xce9b, 0xce9b, 0xce9b, 0xce9b, 0xce9b, 0xce9b, 0xce9b, 0xce9b, 0xce9b, 0xce9b, 0xce9b, 0xce9b, 0xce9b, 0xce9b, 0xce9b, 0xce9b, 0xce9b, 0xce9b, 0xce9b, 0xce9b, 0xce9b, 0xce9b, 0xce9b, 0xce9b, 0xce9b, 0xce9b, 0xce9b, 0xce9b, 0xce9b, 0xce9b, 0xce9b, 0xce9b, 0xce9b, 0xce9b, 0xce9b, 0xce9b, 0xce9b, 0xce9b, 0xce9b, 0xce9b, 0xce9b, 0xce9b, 0xce9b, 0xce9b, 0xce9b, 0xce9b, 0xce9b, 0xce9b, 0xce9b, 0xce9b, 0xce9b, 0xce9b, 0xce9b, 0xce9b, 0xce9b, 0xce9b, 0xce9b, 0xce9b, 0xce9b, 0xce9b, 0xce9b, 0xce9b, 0xce9b, 0xce9b, 0xce9b, 0xce9b, 0xce9b, 0xce9b, 0xce9b, 0xce9b, 0xce9b, 0xce9b, 0xce9b, 0xce9b, 0xce9b, 0xce9b, 0xce9b, 0xce9b, 0xce9b, 0xce9b, 0xce9b, 0xce9b, 0xce9b, 0xce9b, 0xce9b, 0xce9b, 0xce9b, 0xce9b, 0xce9b, 0xce9b, 0xce9b, 0xce9b, 0xce9b, 0xce9b, 0xce9b, 0xce9b, 0xce9b, 0xce9b, 0xce9b, 0xce9b, 0xce9b, 0xce9b, 0xce9b, 0xce9b, 0xce9b, 0xce9b, 0xce9b, 0xce9b, 0xce9b, 0xce9b, 0xce9b, 0xce9b, 0xce9b, 0xce9b, 0xce9b, 0xce9b, 0xce9b, 0xce9b, 0xce9b, 0xc67a, 0xc65a, 0xc65a, 0xc65a, 0xc65a, 0xc65a, 0xc65a, 0xc65a, 0xc65a, 0xc65a, 0xc65a, 0xc65a, 0xc659, 0xc659, 0xc639, 0xc639, 0xc639, 0xbe39, 0xbe39, 0xbe19, 0xc639, 0xc659, 0xc639, 0xc639, 0xbe19, 0xbe18, 0xbe18, 0xb5f8, 0xb5f8, 0xb5b7, 0xa556, 0x9d14, 
  0x9cf5, 0x9cf5, 0x94f5, 0x94f5, 0xa556, 0xb5b8, 0xbe19, 0xc65a, 0xc65a, 0xbe39, 0xb5f8, 0xc63a, 0xc65a, 0xc65a, 0xc67a, 0xc67a, 0xce7a, 0xc67a, 0xc67a, 0xc67a, 0xce9a, 0xce9a, 0xce9a, 0xce9a, 0xce9b, 0xce9b, 0xce9b, 0xce9b, 0xce9b, 0xce9b, 0xce9b, 0xce9b, 0xce9b, 0xce9b, 0xce9b, 0xce9b, 0xce9b, 0xce9b, 0xce9b, 0xce9b, 0xce9b, 0xce9b, 0xce9b, 0xce9b, 0xce9b, 0xce9b, 0xce9b, 0xce9b, 0xce9b, 0xce9b, 0xce9b, 0xce9b, 0xce9b, 0xce9b, 0xce9b, 0xce9b, 0xce9b, 0xce9b, 0xce9b, 0xce9b, 0xce9b, 0xce9b, 0xce9b, 0xce9b, 0xce9b, 0xce9b, 0xce9b, 0xce9b, 0xce9b, 0xce9b, 0xce9b, 0xce9b, 0xce9b, 0xce9b, 0xce9b, 0xce9b, 0xce9b, 0xce9b, 0xce9b, 0xce9b, 0xce9b, 0xce9b, 0xce9b, 0xce9b, 0xce9b, 0xce9b, 0xce9b, 0xce9b, 0xce9b, 0xce9b, 0xce9b, 0xce9b, 0xce9b, 0xce9b, 0xce9b, 0xce9b, 0xce9b, 0xce9b, 0xce9b, 0xce9b, 0xce9b, 0xce9b, 0xce9b, 0xce9b, 0xce9b, 0xce9b, 0xce9b, 0xce9b, 0xce9b, 0xce9b, 0xce9b, 0xce9b, 0xce9b, 0xce9b, 0xce9b, 0xce9b, 0xce9b, 0xce9b, 0xce9b, 0xce9b, 0xce9b, 0xce9b, 0xce9b, 0xce9b, 0xce9b, 0xce9b, 0xce9b, 0xce9b, 0xce9b, 0xce9b, 0xce9b, 0xce9b, 0xce9b, 0xce9b, 0xce9b, 0xce9b, 0xce9b, 0xce9b, 0xce9b, 0xce9b, 0xce9b, 0xce9b, 0xce9b, 0xce9b, 0xce9b, 0xce9b, 0xce9b, 0xce9b, 0xce9b, 0xce9b, 0xce9b, 0xce9b, 0xce9b, 0xce9b, 0xce9b, 0xce9b, 0xce9b, 0xce9b, 0xce9b, 0xce9b, 0xce9b, 0xce9b, 0xce9b, 0xce9b, 0xce9b, 0xce9b, 0xce9b, 0xce9b, 0xce9b, 0xce9b, 0xce9b, 0xce9b, 0xce9b, 0xce9b, 0xce9b, 0xce9b, 0xce9b, 0xce9b, 0xce9b, 0xce9b, 0xce9b, 0xce9b, 0xce9b, 0xce9b, 0xce9b, 0xce9b, 0xce9b, 0xce9b, 0xce9b, 0xce9b, 0xce9b, 0xce9b, 0xce9b, 0xce9b, 0xce9b, 0xce9b, 0xce9b, 0xce9b, 0xce9b, 0xce9b, 0xce9b, 0xce9b, 0xce9b, 0xce9b, 0xce9b, 0xce9b, 0xce9b, 0xce9b, 0xce9b, 0xce9b, 0xce9b, 0xce9b, 0xc65a, 0xc65a, 0xc65a, 0xc65a, 0xc65a, 0xc639, 0xc639, 0xc639, 0xc639, 0xc639, 0xc639, 0xc639, 0xc639, 0xc639, 0xbe39, 0xbe39, 0x7bf0, 0x3166, 0x4208, 0x528a, 0x6b4d, 0x7bf0, 0x8c72, 0x9d14, 0xad96, 0xb5b7, 0xa556, 0x9d14, 
  0x9cf5, 0x9cf5, 0x94f4, 0x73af, 0x5aed, 0x52ac, 0x4a4a, 0x39e9, 0x31c8, 0x3187, 0x2967, 0xad97, 0xc65a, 0xc67a, 0xc67a, 0xc67a, 0xc67a, 0xc67a, 0xc67a, 0xc67a, 0xc67a, 0xc67a, 0xce9a, 0xce9a, 0xce9a, 0xce9b, 0xce9b, 0xce9b, 0xce9b, 0xce9b, 0xce9b, 0xce9b, 0xce9b, 0xce9b, 0xce9b, 0xce9b, 0xce9b, 0xce9b, 0xce9b, 0xce9b, 0xce9b, 0xce9b, 0xce9b, 0xce9b, 0xce9b, 0xce9b, 0xce9b, 0xce9b, 0xce9b, 0xce9b, 0xce9b, 0xce9b, 0xce9b, 0xcebb, 0xce9b, 0xce9b, 0xce9b, 0xce9b, 0xce9b, 0xce9b, 0xce9b, 0xce9b, 0xce9b, 0xce9b, 0xce9b, 0xce9b, 0xce9b, 0xce9b, 0xce9b, 0xce9b, 0xce9b, 0xce9b, 0xce9b, 0xce9b, 0xce9b, 0xce9b, 0xce9b, 0xce9b, 0xce9b, 0xce9b, 0xce9b, 0xce9b, 0xce9b, 0xce9b, 0xce9b, 0xce9b, 0xce9b, 0xce9b, 0xce9b, 0xce9b, 0xce9b, 0xce9b, 0xce9b, 0xce9b, 0xce9b, 0xce9b, 0xce9b, 0xce9b, 0xce9b, 0xce9b, 0xce9b, 0xce9b, 0xce9b, 0xce9b, 0xce9b, 0xce9b, 0xce9b, 0xce9b, 0xce9b, 0xce9b, 0xce9b, 0xce9b, 0xce9b, 0xce9b, 0xce9b, 0xce9b, 0xce9b, 0xce9b, 0xce9b, 0xce9b, 0xce9b, 0xce9b, 0xce9b, 0xce9b, 0xce9b, 0xce9b, 0xce9b, 0xce9b, 0xce9b, 0xce9b, 0xce9b, 0xce9b, 0xce9b, 0xce9b, 0xce9b, 0xce9b, 0xce9b, 0xce9b, 0xce9b, 0xce9b, 0xce9b, 0xce9b, 0xce9b, 0xce9b, 0xce9b, 0xce9b, 0xce9b, 0xce9b, 0xce9b, 0xce9b, 0xce9b, 0xce9b, 0xce9b, 0xce9b, 0xce9b, 0xce9b, 0xce9b, 0xce9b, 0xce9b, 0xce9b, 0xce9b, 0xce9b, 0xce9b, 0xce9b, 0xce9b, 0xce9b, 0xce9b, 0xce9b, 0xce9b, 0xce9b, 0xce9b, 0xce9b, 0xce9b, 0xce9b, 0xce9b, 0xce9b, 0xce9b, 0xce9b, 0xce9b, 0xce9b, 0xce9b, 0xce9b, 0xce9b, 0xce9b, 0xce9b, 0xce9b, 0xce9b, 0xce9b, 0xce9b, 0xce9b, 0xce9b, 0xce9b, 0xce9b, 0xce9b, 0xce9b, 0xce9b, 0xce9b, 0xce9b, 0xce9b, 0xce9b, 0xce9b, 0xce9b, 0xce9b, 0xce9b, 0xce9b, 0xce9b, 0xce9b, 0xce9b, 0xce9b, 0xce9b, 0xce9b, 0xce9b, 0xce9b, 0xce9b, 0xce9b, 0xc65a, 0xc65a, 0xc659, 0xc65a, 0xc65a, 0xc659, 0xc659, 0xc639, 0xc639, 0xc639, 0xc639, 0xbe19, 0xc639, 0x5acc, 0x0020, 0x0000, 0x0000, 0x0000, 0x0000, 0x0000, 0x0000, 0x39e8, 0xb5b7, 0xa556, 0x9d14, 
  0x9cf4, 0x9cf4, 0x9d14, 0x18e4, 0x0001, 0x0883, 0x10e4, 0x1905, 0x2126, 0x2146, 0x2967, 0x9d15, 0xc65a, 0xc67a, 0xc67a, 0xc67a, 0xc67a, 0xc67a, 0xc67a, 0xc67a, 0xc67a, 0xc67a, 0xc67a, 0xce9a, 0xce7a, 0xce9b, 0xce9b, 0xce9b, 0xce9b, 0xce9b, 0xce9b, 0xce9b, 0xce9b, 0xce9b, 0xce9b, 0xce9b, 0xce9b, 0xce9b, 0xce9b, 0xce9b, 0xce9b, 0xce9b, 0xce9b, 0xce9b, 0xce9b, 0xce9b, 0xce9b, 0xce9b, 0xce9b, 0xce9b, 0xce9b, 0xce9b, 0xce9b, 0xce9b, 0xce9b, 0xce9b, 0xce9b, 0xce9b, 0xce9b, 0xce9b, 0xce9b, 0xce9b, 0xce9b, 0xce9b, 0xce9b, 0xce9b, 0xce9b, 0xce9b, 0xce9b, 0xce9b, 0xce9b, 0xce9b, 0xce9b, 0xce9b, 0xce9b, 0xce9b, 0xce9b, 0xce9b, 0xce9b, 0xce9b, 0xce9b, 0xce9b, 0xce9b, 0xce9b, 0xce9b, 0xce9b, 0xce9b, 0xce9b, 0xce9b, 0xce9b, 0xce9b, 0xce9b, 0xce9b, 0xce9b, 0xce9b, 0xce9b, 0xce9b, 0xce9b, 0xce9b, 0xce9b, 0xce9b, 0xce9b, 0xce9b, 0xce9b, 0xce9b, 0xce9b, 0xce9b, 0xce9b, 0xce9b, 0xce9b, 0xce9b, 0xce9b, 0xce9b, 0xce9b, 0xce9b, 0xce9b, 0xce9b, 0xce9b, 0xce9b, 0xce9b, 0xce9b, 0xce9b, 0xce9b, 0xce9b, 0xce9b, 0xce9b, 0xce9b, 0xce9b, 0xce9b, 0xce9b, 0xce9b, 0xce9b, 0xce9b, 0xce9b, 0xce9b, 0xce9b, 0xce9b, 0xce9b, 0xce9b, 0xce9b, 0xce9b, 0xce9b, 0xce9b, 0xce9b, 0xce9b, 0xce9b, 0xce9b, 0xce9b, 0xce9b, 0xce9b, 0xce9b, 0xce9b, 0xce9b, 0xce9b, 0xce9b, 0xce9b, 0xce9b, 0xce9b, 0xce9b, 0xce9b, 0xce9b, 0xce9b, 0xce9b, 0xce9b, 0xce9b, 0xce9b, 0xce9b, 0xce9b, 0xce9b, 0xce9b, 0xce9b, 0xce9b, 0xce9b, 0xce9b, 0xce9b, 0xce9b, 0xce9b, 0xce9b, 0xce9b, 0xce9b, 0xce9b, 0xce9b, 0xce9b, 0xce9b, 0xce9b, 0xce9b, 0xce9b, 0xce9b, 0xce9b, 0xce9b, 0xce9b, 0xce9b, 0xce9b, 0xce9b, 0xce9b, 0xce9b, 0xce9b, 0xce9b, 0xce9b, 0xce9b, 0xce9b, 0xce9b, 0xce9b, 0xce9b, 0xce9b, 0xce9b, 0xce9b, 0xce9b, 0xce9b, 0xce9b, 0xce9b, 0xce9b, 0xce9b, 0xce9b, 0xce9b, 0xce9b, 0xce9b, 0xc659, 0xc659, 0xc659, 0xc639, 0xc639, 0xc639, 0xc639, 0xbe39, 0xbe39, 0xbe39, 0xc63a, 0x4a49, 0x0000, 0x0000, 0x0000, 0x0000, 0x0000, 0x0000, 0x0000, 0x4a6a, 0xad97, 0xa535, 0x9d15, 
  0x94f4, 0x9cf4, 0x9d15, 0x3186, 0x0001, 0x0042, 0x08a4, 0x1905, 0x1926, 0x2146, 0x2167, 0x8c93, 0xc65a, 0xc67a, 0xc67a, 0xc67a, 0xc67a, 0xc67a, 0xc67a, 0xc67a, 0xc67a, 0xc67a, 0xce9a, 0xce9a, 0xce9b, 0xce9b, 0xce9b, 0xce9b, 0xce9b, 0xce9b, 0xce9b, 0xce9b, 0xce9b, 0xce9b, 0xce9b, 0xce9b, 0xce9b, 0xce9b, 0xce9b, 0xce9b, 0xce9b, 0xce9b, 0xce9b, 0xce9b, 0xce9b, 0xce9b, 0xce9b, 0xce9b, 0xce9b, 0xce9b, 0xce9b, 0xce9b, 0xce9b, 0xcebb, 0xce9b, 0xce9b, 0xce9b, 0xcebb, 0xcebb, 0xce9b, 0xce9b, 0xce9b, 0xce9b, 0xce9b, 0xce9b, 0xce9b, 0xce9b, 0xce9b, 0xce9b, 0xce9b, 0xce9b, 0xce9b, 0xce9b, 0xce9b, 0xce9b, 0xce9b, 0xce9b, 0xce9b, 0xce9b, 0xce9b, 0xce9b, 0xce9b, 0xce9b, 0xce9b, 0xce9b, 0xce9b, 0xce9b, 0xce9b, 0xce9b, 0xce9b, 0xce9b, 0xce9b, 0xce9b, 0xce9b, 0xce9b, 0xce9b, 0xce9b, 0xce9b, 0xce9b, 0xce9b, 0xce9b, 0xce9b, 0xce9b, 0xce9b, 0xce9b, 0xce9b, 0xce9b, 0xce9b, 0xce9b, 0xce9b, 0xce9b, 0xce9b, 0xce9b, 0xce9b, 0xce9b, 0xce9b, 0xce9b, 0xce9b, 0xce9b, 0xce9b, 0xce9b, 0xce9b, 0xce9b, 0xce9b, 0xce9b, 0xce9b, 0xce9b, 0xce9b, 0xce9b, 0xce9b, 0xce9b, 0xce9b, 0xce9b, 0xce9b, 0xce9b, 0xce9b, 0xce9b, 0xce9b, 0xce9b, 0xce9b, 0xce9b, 0xce9b, 0xce9b, 0xce9b, 0xce9b, 0xce9b, 0xce9b, 0xce9b, 0xce9b, 0xce9b, 0xce9b, 0xce9b, 0xce9b, 0xce9b, 0xce9b, 0xce9b, 0xce9b, 0xce9b, 0xce9b, 0xce9b, 0xce9b, 0xce9b, 0xce9b, 0xce9b, 0xce9b, 0xce9b, 0xce9b, 0xce9b, 0xce9b, 0xce9b, 0xce9b, 0xce9b, 0xce9b, 0xce9b, 0xce9b, 0xce9b, 0xce9b, 0xce9b, 0xce9b, 0xce9b, 0xce9b, 0xce9b, 0xce9b, 0xce9b, 0xce9b, 0xce9b, 0xce9b, 0xce9b, 0xce9b, 0xce9b, 0xce9b, 0xce9b, 0xce9b, 0xce9b, 0xce9b, 0xce9b, 0xce9b, 0xce9b, 0xce9b, 0xce9b, 0xce9b, 0xce9b, 0xce9b, 0xce9b, 0xce9b, 0xce9b, 0xce9b, 0xce9b, 0xce9b, 0xce9b, 0xce9b, 0xce9b, 0xce9b, 0xce9b, 0xce9b, 0xce9b, 0xce9b, 0xce9b, 0xce9b, 0xc659, 0xc639, 0xc639, 0xc639, 0xc639, 0xc639, 0xbe39, 0xbe39, 0xbe39, 0x6b6e, 0x39e8, 0x2945, 0x10a3, 0x0841, 0x0000, 0x0000, 0x0000, 0x632d, 0xad97, 0xa556, 0x9d15, 
  0x94f5, 0x94f5, 0x9cf5, 0x4209, 0x0021, 0x10a3, 0x2987, 0x4a6b, 0x5b0d, 0x73d0, 0x8c93, 0xb5d8, 0xc67a, 0xc67a, 0xc67a, 0xc67a, 0xc67a, 0xc67a, 0xc67a, 0xc67a, 0xc67a, 0xce9a, 0xce9a, 0xce9a, 0xce9b, 0xce9b, 0xce9b, 0xce9b, 0xce9b, 0xce9b, 0xce9b, 0xce9b, 0xce9b, 0xce9b, 0xce9b, 0xce9b, 0xce9b, 0xce9b, 0xce9b, 0xce9b, 0xce9b, 0xce9b, 0xce9b, 0xce9b, 0xce9b, 0xce9b, 0xce9b, 0xce9b, 0xce9b, 0xce9b, 0xce9b, 0xce9b, 0xce9b, 0xce9b, 0xcebb, 0xce9b, 0xcebb, 0xcebb, 0xce9b, 0xce9b, 0xce9b, 0xce9b, 0xce9b, 0xce9b, 0xce9b, 0xce9b, 0xce9b, 0xce9b, 0xce9b, 0xce9b, 0xce9b, 0xce9b, 0xce9b, 0xce9b, 0xce9b, 0xce9b, 0xce9b, 0xce9b, 0xce9b, 0xce9b, 0xce9b, 0xce9b, 0xce9b, 0xce9b, 0xce9b, 0xce9b, 0xce9b, 0xce9b, 0xce9b, 0xce9b, 0xce9b, 0xce9b, 0xce9b, 0xce9b, 0xce9b, 0xce9b, 0xce9b, 0xce9b, 0xce9b, 0xce9b, 0xce9b, 0xce9b, 0xce9b, 0xce9b, 0xce9b, 0xce9b, 0xce9b, 0xce9b, 0xce9b, 0xce9b, 0xce9b, 0xce9b, 0xce9b, 0xce9b, 0xce9b, 0xce9b, 0xce9b, 0xce9b, 0xce9b, 0xce9b, 0xce9b, 0xce9b, 0xce9b, 0xce9b, 0xce9b, 0xce9b, 0xce9b, 0xce9b, 0xce9b, 0xce9b, 0xce9b, 0xce9b, 0xce9b, 0xce9b, 0xce9b, 0xce9b, 0xce9b, 0xce9b, 0xce9b, 0xce9b, 0xce9b, 0xce9b, 0xce9b, 0xce9b, 0xce9b, 0xce9b, 0xce9b, 0xce9b, 0xce9b, 0xce9b, 0xce9b, 0xce9b, 0xce9b, 0xce9b, 0xce9b, 0xce9b, 0xce9b, 0xce9b, 0xce9b, 0xce9b, 0xce9b, 0xce9b, 0xce9b, 0xce9b, 0xce9b, 0xce9b, 0xce9b, 0xce9b, 0xce9b, 0xce9b, 0xce9b, 0xce9b, 0xce9b, 0xce9b, 0xce9b, 0xce9b, 0xce9b, 0xce9b, 0xce9b, 0xce9b, 0xce9b, 0xce9b, 0xce9b, 0xce9b, 0xce9b, 0xce9b, 0xce9b, 0xce9b, 0xce9b, 0xce9b, 0xce9b, 0xce9b, 0xce9b, 0xce9b, 0xce9b, 0xce9b, 0xce9b, 0xce9b, 0xce9b, 0xce9b, 0xce9b, 0xce9b, 0xce9b, 0xce9b, 0xce9b, 0xce9b, 0xce9b, 0xce9b, 0xce9b, 0xce9b, 0xce9b, 0xce9b, 0xce9b, 0xce9b, 0xce9b, 0xce9b, 0xce9b, 0xce9b, 0xce9b, 0xce9b, 0xce9b, 0xc639, 0xc639, 0xc639, 0xbe39, 0xbe39, 0xbe39, 0xbe19, 0xc639, 0xc63a, 0xc639, 0xbe39, 0xb5f8, 0xad96, 0x9d14, 0x8c72, 0xa535, 0xad96, 0xa535, 0xa535, 
  0x94f5, 0x94f5, 0x94f4, 0x94d4, 0x94f4, 0xad96, 0xbe19, 0xbe3a, 0xc65a, 0xc65a, 0xc65a, 0xc659, 0xc65a, 0xc67a, 0xc67a, 0xc67a, 0xc67a, 0xc67a, 0xc67a, 0xc67a, 0xc67a, 0xce9a, 0xce9a, 0xce9a, 0xce9a, 0xce9a, 0xce9b, 0xce9b, 0xce9b, 0xce9b, 0xce9b, 0xce9b, 0xce9b, 0xce9b, 0xce9b, 0xce9b, 0xce9b, 0xce9b, 0xce9b, 0xce9b, 0xce9b, 0xce9b, 0xce9b, 0xce9b, 0xce9b, 0xce9b, 0xce9b, 0xce9b, 0xce9b, 0xce9b, 0xce9b, 0xce9b, 0xce9b, 0xce9b, 0xce9b, 0xce9b, 0xce9b, 0xce9b, 0xce9b, 0xce9b, 0xce9b, 0xce9b, 0xce9b, 0xce9b, 0xce9b, 0xce9b, 0xce9b, 0xce9b, 0xce9b, 0xce9b, 0xce9b, 0xce9b, 0xce9b, 0xce9b, 0xce9b, 0xce9b, 0xce9b, 0xce9b, 0xce9b, 0xce9b, 0xce9b, 0xce9b, 0xce9b, 0xce9b, 0xce9b, 0xce9b, 0xce9b, 0xce9b, 0xce9b, 0xce9b, 0xce9b, 0xce9b, 0xce9b, 0xce9b, 0xce9b, 0xce9b, 0xce9b, 0xce9b, 0xce9b, 0xce9b, 0xce9b, 0xce9b, 0xce9b, 0xce9b, 0xce9b, 0xce9b, 0xce9b, 0xce9b, 0xce9b, 0xce9b, 0xce9b, 0xce9b, 0xce9b, 0xce9b, 0xce9b, 0xce9b, 0xce9b, 0xce9b, 0xce9b, 0xce9b, 0xce9b, 0xce9b, 0xce9b, 0xce9b, 0xce9b, 0xce9b, 0xce9b, 0xce9b, 0xce9b, 0xce9b, 0xce9b, 0xce9b, 0xce9b, 0xce9b, 0xce9b, 0xce9b, 0xce9b, 0xce9b, 0xce9b, 0xce9b, 0xce9b, 0xce9b, 0xce9b, 0xce9b, 0xce9b, 0xce9b, 0xce9b, 0xce9b, 0xce9b, 0xce9b, 0xce9b, 0xce9b, 0xce9b, 0xce9b, 0xce9b, 0xce9b, 0xce9b, 0xce9b, 0xce9b, 0xce9b, 0xce9b, 0xce9b, 0xce9b, 0xce9b, 0xce9b, 0xce9b, 0xce9b, 0xce9b, 0xce9b, 0xce9b, 0xce9b, 0xce9b, 0xce9b, 0xce9b, 0xce9b, 0xce9b, 0xce9b, 0xce9b, 0xce9b, 0xce9b, 0xce9b, 0xce9b, 0xce9b, 0xce9b, 0xce9b, 0xce9b, 0xce9b, 0xce9b, 0xce9b, 0xce9b, 0xce9b, 0xce9b, 0xce9b, 0xce9b, 0xce9b, 0xce9b, 0xce9b, 0xce9b, 0xce9b, 0xce9b, 0xce9b, 0xce9b, 0xce9b, 0xce9b, 0xce9b, 0xce9b, 0xce9b, 0xce9b, 0xce9b, 0xce9b, 0xce9b, 0xce9b, 0xce9b, 0xce9b, 0xce9b, 0xce9b, 0xce9b, 0xce9b, 0xce9b, 0xce9b, 0xce9b, 0xce9b, 0xc639, 0xc639, 0xbe39, 0xbe39, 0xbe39, 0xbe19, 0xbe39, 0xbe19, 0xbe19, 0xbe19, 0xbe19, 0xbe18, 0xb5f8, 0xb5f8, 0xb5d7, 0xad76, 0x9d15, 0xa535, 
  0x9cf5, 0x9cf5, 0x9cf5, 0x9cf5, 0x9d35, 0xa576, 0xb5d8, 0xbe19, 0xbe39, 0xc65a, 0xc65a, 0xc65a, 0xc67a, 0xc67a, 0xc67a, 0xc67a, 0xc67a, 0xc67a, 0xc67a, 0xc67a, 0xc67a, 0xc67a, 0xc67a, 0xce9a, 0xce9b, 0xce9b, 0xce9b, 0xce9b, 0xce9b, 0xce9b, 0xce9b, 0xce9b, 0xce9b, 0xce9b, 0xce9b, 0xce9b, 0xce9b, 0xce9b, 0xce9b, 0xce9b, 0xce9b, 0xce9b, 0xce9b, 0xce9b, 0xce9b, 0xce9b, 0xce9b, 0xce9b, 0xce9b, 0xce9b, 0xce9b, 0xce9b, 0xce9b, 0xce9b, 0xce9b, 0xce9b, 0xce9b, 0xce9b, 0xce9b, 0xce9b, 0xce9b, 0xce9b, 0xce9b, 0xce9b, 0xce9b, 0xce9b, 0xce9b, 0xce9b, 0xce9b, 0xce9b, 0xce9b, 0xce9b, 0xce9b, 0xce9b, 0xce9b, 0xce9b, 0xce9b, 0xce9b, 0xce9b, 0xce9b, 0xce9b, 0xce9b, 0xce9b, 0xce9b, 0xce9b, 0xce9b, 0xce9b, 0xce9b, 0xce9b, 0xce9b, 0xce9b, 0xce9b, 0xce9b, 0xce9b, 0xce9b, 0xce9b, 0xce9b, 0xce9b, 0xce9b, 0xce9b, 0xce9b, 0xce9b, 0xce9b, 0xce9b, 0xce9b, 0xce9b, 0xce9b, 0xce9b, 0xce9b, 0xce9b, 0xce9b, 0xce9b, 0xce9b, 0xce9b, 0xce9b, 0xce9b, 0xce9b, 0xce9b, 0xce9b, 0xce9b, 0xce9b, 0xce9b, 0xce9b, 0xce9b, 0xce9b, 0xce9b, 0xce9b, 0xce9b, 0xce9b, 0xce9b, 0xce9b, 0xce9b, 0xce9b, 0xce9b, 0xce9b, 0xce9b, 0xce9b, 0xce9b, 0xce9b, 0xce9b, 0xce9b, 0xce9b, 0xce9b, 0xce9b, 0xce9b, 0xce9b, 0xce9b, 0xce9b, 0xce9b, 0xce9b, 0xce9b, 0xce9b, 0xce9b, 0xce9b, 0xce9b, 0xce9b, 0xce9b, 0xce9b, 0xce9b, 0xce9b, 0xce9b, 0xce9b, 0xce9b, 0xce9b, 0xce9b, 0xce9b, 0xce9b, 0xce9b, 0xce9b, 0xce9b, 0xce9b, 0xce9b, 0xce9b, 0xce9b, 0xce9b, 0xce9b, 0xce9b, 0xce9b, 0xce9b, 0xce9b, 0xce9b, 0xce9b, 0xce9b, 0xce9b, 0xce9b, 0xce9b, 0xce9b, 0xce9b, 0xce9b, 0xce9b, 0xce9b, 0xce9b, 0xce9b, 0xce9b, 0xce9b, 0xce9b, 0xce9b, 0xce9b, 0xce9b, 0xce9b, 0xce9b, 0xce9b, 0xce9b, 0xce9b, 0xce9b, 0xce9b, 0xce9b, 0xce9b, 0xce9b, 0xce9b, 0xce9b, 0xce9b, 0xce9b, 0xce9b, 0xce9b, 0xce9b, 0xce9b, 0xce9b, 0xce9b, 0xce9b, 0xce9b, 0xce9b, 0xce9b, 0xbe39, 0xbe39, 0xbe39, 0xbe39, 0xbe39, 0xbe39, 0xbe19, 0xbe19, 0xbe19, 0xbe19, 0xbe19, 0xbe19, 0xb5d8, 0xb5b7, 0xad76, 0x9cf4, 0xa555, 
  0x94f4, 0x94f4, 0x9cf5, 0x9cf5, 0x9d15, 0xa576, 0xb5d8, 0xbe19, 0xbe39, 0xc65a, 0xc65a, 0xc65a, 0xc67a, 0xc67a, 0xc67a, 0xc67a, 0xc67a, 0xc67a, 0xc67a, 0xc67a, 0xce9a, 0xce9a, 0xce9a, 0xce9a, 0xce9b, 0xce9b, 0xce9b, 0xce9b, 0xce9b, 0xce9b, 0xce9b, 0xce9b, 0xce9b, 0xce9b, 0xce9b, 0xce9b, 0xce9b, 0xce9b, 0xce9b, 0xce9b, 0xce9b, 0xce9b, 0xce9b, 0xce9b, 0xce9b, 0xce9b, 0xce9b, 0xce9b, 0xce9b, 0xce9b, 0xce9b, 0xce9b, 0xcebb, 0xcebb, 0xcebb, 0xce9b, 0xce9b, 0xce9b, 0xcebb, 0xcebb, 0xce9b, 0xce9b, 0xce9b, 0xce9b, 0xce9b, 0xce9b, 0xce9b, 0xce9b, 0xce9b, 0xce9b, 0xce9b, 0xce9b, 0xce9b, 0xce9b, 0xce9b, 0xce9b, 0xce9b, 0xce9b, 0xce9b, 0xce9b, 0xce9b, 0xce9b, 0xce9b, 0xce9b, 0xce9b, 0xce9b, 0xce9b, 0xce9b, 0xce9b, 0xce9b, 0xce9b, 0xce9b, 0xce9b, 0xce9b, 0xce9b, 0xce9b, 0xce9b, 0xce9b, 0xce9b, 0xce9b, 0xce9b, 0xce9b, 0xce9b, 0xce9b, 0xce9b, 0xce9b, 0xce9b, 0xce9b, 0xce9b, 0xce9b, 0xce9b, 0xce9b, 0xce9b, 0xce9b, 0xce9b, 0xce9b, 0xce9b, 0xce9b, 0xce9b, 0xce9b, 0xce9b, 0xce9b, 0xce9b, 0xce9b, 0xce9b, 0xce9b, 0xce9b, 0xce9b, 0xce9b, 0xce9b, 0xce9b, 0xce9b, 0xce9b, 0xce9b, 0xce9b, 0xce9b, 0xce9b, 0xce9b, 0xce9b, 0xce9b, 0xce9b, 0xce9b, 0xce9b, 0xce9b, 0xce9b, 0xce9b, 0xce9b, 0xce9b, 0xce9b, 0xce9b, 0xce9b, 0xce9b, 0xce9b, 0xce9b, 0xce9b, 0xce9b, 0xce9b, 0xce9b, 0xce9b, 0xce9b, 0xce9b, 0xce9b, 0xce9b, 0xce9b, 0xce9b, 0xce9b, 0xce9b, 0xce9b, 0xce9b, 0xce9b, 0xce9b, 0xce9b, 0xce9b, 0xce9b, 0xce9b, 0xce9b, 0xce9b, 0xce9b, 0xce9b, 0xce9b, 0xce9b, 0xce9b, 0xce9b, 0xce9b, 0xce9b, 0xce9b, 0xce9b, 0xce9b, 0xce9b, 0xce9b, 0xce9b, 0xce9b, 0xce9b, 0xce9b, 0xce9b, 0xce9b, 0xce9b, 0xce9b, 0xce9b, 0xce9b, 0xce9b, 0xce9b, 0xce9b, 0xce9b, 0xce9b, 0xce9b, 0xce9b, 0xce9b, 0xce9b, 0xce9b, 0xce9b, 0xce9b, 0xce9b, 0xce9b, 0xce9b, 0xce9b, 0xce9b, 0xce9b, 0xce9b, 0xce9b, 0xce9b, 0xce9b, 0xce9b, 0xce9b, 0xc639, 0xbe39, 0xbe39, 0xbe19, 0xbe19, 0xbe19, 0xbe19, 0xbe19, 0xbe19, 0xbe19, 0xbdf8, 0xb5d8, 0xad97, 0xa556, 0x94f4, 0xad76, 
  0x94f4, 0x94f4, 0x9cf5, 0x9d15, 0x9d15, 0xa556, 0xb5b8, 0xbdf9, 0xbe39, 0xc659, 0xc65a, 0xc65a, 0xc65a, 0xc65a, 0xc65a, 0xc67a, 0xce7a, 0xce7a, 0xce7a, 0xce7a, 0xc67a, 0xce9a, 0xce9a, 0xce9a, 0xce9b, 0xce9b, 0xce9b, 0xce9b, 0xce9b, 0xce9b, 0xce9b, 0xce9b, 0xce9b, 0xce9b, 0xce9b, 0xce9b, 0xce9b, 0xce9b, 0xce9b, 0xce9b, 0xce9b, 0xce9b, 0xce9b, 0xce9b, 0xce9b, 0xce9b, 0xce9b, 0xce9b, 0xce9b, 0xce9b, 0xce9b, 0xce9b, 0xce9b, 0xce9b, 0xce9b, 0xce9b, 0xce9b, 0xce9b, 0xce9b, 0xce9b, 0xce9b, 0xce9b, 0xce9b, 0xce9b, 0xce9b, 0xce9b, 0xce9b, 0xce9b, 0xce9b, 0xce9b, 0xce9b, 0xce9b, 0xce9b, 0xce9b, 0xce9b, 0xce9b, 0xce9b, 0xce9b, 0xce9b, 0xce9b, 0xce9b, 0xce9b, 0xce9b, 0xce9b, 0xce9b, 0xce9b, 0xce9b, 0xce9b, 0xce9b, 0xce9b, 0xce9b, 0xce9b, 0xce9b, 0xce9b, 0xce9b, 0xce9b, 0xce9b, 0xce9b, 0xce9b, 0xce9b, 0xce9b, 0xce9b, 0xce9b, 0xce9b, 0xce9b, 0xce9b, 0xce9b, 0xce9b, 0xce9b, 0xce9b, 0xce9b, 0xce9b, 0xce9b, 0xce9b, 0xce9b, 0xce9b, 0xce9b, 0xce9b, 0xce9b, 0xce9b, 0xce9b, 0xce9b, 0xce9b, 0xce9b, 0xce9b, 0xce9b, 0xce9b, 0xce9b, 0xce9b, 0xce9b, 0xce9b, 0xce9b, 0xce9b, 0xce9b, 0xce9b, 0xce9b, 0xce9b, 0xce9b, 0xce9b, 0xce9b, 0xce9b, 0xce9b, 0xce9b, 0xce9b, 0xce9b, 0xce9b, 0xce9b, 0xce9b, 0xce9b, 0xce9b, 0xce9b, 0xce9b, 0xce9b, 0xce9b, 0xce9b, 0xce9b, 0xce9b, 0xce9b, 0xce9b, 0xce9b, 0xce9b, 0xce9b, 0xce9b, 0xce9b, 0xce9b, 0xce9b, 0xce9b, 0xce9b, 0xce9b, 0xce9b, 0xce9b, 0xce9b, 0xce9b, 0xce9b, 0xce9b, 0xce9b, 0xce9b, 0xce9b, 0xce9b, 0xce9b, 0xce9b, 0xce9b, 0xce9b, 0xce9b, 0xce9b, 0xce9b, 0xce9b, 0xce9b, 0xce9b, 0xce9b, 0xce9b, 0xce9b, 0xce9b, 0xce9b, 0xce9b, 0xce9b, 0xce9b, 0xce9b, 0xce9b, 0xce9b, 0xce9b, 0xce9b, 0xce9b, 0xce9b, 0xce9b, 0xce9b, 0xce9b, 0xce9b, 0xce9b, 0xce9b, 0xce9b, 0xce9b, 0xce9b, 0xce9b, 0xce9b, 0xce9b, 0xce9b, 0xce9b, 0xce9b, 0xce9b, 0xce9b, 0xce9b, 0xce9b, 0xce9b, 0xbe39, 0xbe39, 0xbe39, 0xbe19, 0xbe19, 0xbe19, 0xbe19, 0xbe19, 0xbe19, 0xbe19, 0xbdf8, 0xb5d8, 0xad97, 0xa556, 0x94f4, 0xb5b6, 
  0x94f4, 0x94f5, 0x9cf5, 0x9cf5, 0x9d15, 0xa556, 0xb5b7, 0xbdf9, 0xbe39, 0xc659, 0xc65a, 0xc65a, 0xc65a, 0xc65a, 0xc65a, 0xc67a, 0xc67a, 0xce7a, 0xce7a, 0xce7a, 0xc67a, 0xce9a, 0xc69a, 0xce9a, 0xce9a, 0xce9a, 0xce9a, 0xce9a, 0xce9b, 0xce9b, 0xce9b, 0xce9b, 0xce9b, 0xce9b, 0xce9b, 0xce9b, 0xce9b, 0xce9b, 0xce9b, 0xce9b, 0xce9b, 0xce9b, 0xce9b, 0xce9b, 0xce9b, 0xce9b, 0xce9b, 0xce9b, 0xcebb, 0xcebb, 0xce9b, 0xce9b, 0xce9b, 0xce9b, 0xce9b, 0xcebb, 0xcebb, 0xcebb, 0xce9b, 0xce9b, 0xce9b, 0xce9b, 0xce9b, 0xce9b, 0xce9b, 0xce9b, 0xce9b, 0xce9b, 0xce9b, 0xce9b, 0xce9b, 0xce9b, 0xce9b, 0xce9b, 0xce9b, 0xce9b, 0xce9b, 0xce9b, 0xce9b, 0xce9b, 0xce9b, 0xce9b, 0xce9b, 0xce9b, 0xce9b, 0xce9b, 0xce9b, 0xce9b, 0xce9b, 0xce9b, 0xce9b, 0xce9b, 0xce9b, 0xce9b, 0xce9b, 0xce9b, 0xce9b, 0xce9b, 0xce9b, 0xce9b, 0xce9b, 0xce9b, 0xce9b, 0xce9b, 0xce9b, 0xce9b, 0xce9b, 0xce9b, 0xce9b, 0xce9b, 0xce9b, 0xce9b, 0xce9b, 0xce9b, 0xce9b, 0xce9b, 0xce9b, 0xce9b, 0xce9b, 0xce9b, 0xce9b, 0xce9b, 0xce9b, 0xce9b, 0xce9b, 0xce9b, 0xce9b, 0xce9b, 0xce9b, 0xce9b, 0xce9b, 0xce9b, 0xce9b, 0xce9b, 0xce9b, 0xce9b, 0xce9b, 0xce9b, 0xce9b, 0xce9b, 0xce9b, 0xce9b, 0xce9b, 0xce9b, 0xce9b, 0xce9b, 0xce9b, 0xce9b, 0xce9b, 0xce9b, 0xce9b, 0xce9b, 0xce9b, 0xce9b, 0xce9b, 0xce9b, 0xce9b, 0xce9b, 0xce9b, 0xce9b, 0xce9b, 0xce9b, 0xce9b, 0xce9b, 0xce9b, 0xce9b, 0xce9b, 0xce9b, 0xce9b, 0xce9b, 0xce9b, 0xce9b, 0xce9b, 0xce9b, 0xce9b, 0xce9b, 0xce9b, 0xce9b, 0xce9b, 0xce9b, 0xce9b, 0xce9b, 0xce9b, 0xce9b, 0xce9b, 0xce9b, 0xce9b, 0xce9b, 0xce9b, 0xce9b, 0xce9b, 0xce9b, 0xce9b, 0xce9b, 0xce9b, 0xce9b, 0xce9b, 0xce9b, 0xce9b, 0xce9b, 0xce9b, 0xce9b, 0xce9b, 0xce9b, 0xce9b, 0xce9b, 0xce9b, 0xce9b, 0xce9b, 0xce9b, 0xce9b, 0xce9b, 0xce9b, 0xce9b, 0xce9b, 0xce9b, 0xce9b, 0xce9b, 0xce9b, 0xce9b, 0xce9b, 0xce9b, 0xce9b, 0xce9b, 0xbe39, 0xbe19, 0xbe19, 0xbe19, 0xbe19, 0xbe19, 0xbe19, 0xbe19, 0xbe19, 0xbe19, 0xbdf8, 0xb5d8, 0xad76, 0xa535, 0x94f4, 0xb5d6, 
  0x94f5, 0x94f4, 0x9cf5, 0x9d15, 0x9d15, 0xa536, 0xad97, 0xb5f8, 0xbe19, 0xc639, 0xc65a, 0xc65a, 0xc65a, 0xc65a, 0xc67a, 0xc67a, 0xc67a, 0xc67a, 0xc67a, 0xc67a, 0xc67a, 0xce9a, 0xce9a, 0xce9a, 0xce9a, 0xce9a, 0xce9a, 0xce9b, 0xce9b, 0xce9b, 0xce9b, 0xce9b, 0xce9b, 0xce9b, 0xce9b, 0xce9b, 0xce9b, 0xce9b, 0xce9b, 0xce9b, 0xce9b, 0xce9b, 0xce9b, 0xce9b, 0xce9b, 0xce9b, 0xce9b, 0xce9b, 0xce9b, 0xce9b, 0xce9b, 0xce9b, 0xce9b, 0xce9b, 0xce9b, 0xce9b, 0xce9b, 0xce9b, 0xce9b, 0xce9b, 0xce9b, 0xce9b, 0xce9b, 0xce9b, 0xce9b, 0xce9b, 0xce9b, 0xce9b, 0xce9b, 0xce9b, 0xce9b, 0xce9b, 0xce9b, 0xce9b, 0xce9b, 0xce9b, 0xce9b, 0xce9b, 0xce9b, 0xce9b, 0xce9b, 0xce9b, 0xce9b, 0xce9b, 0xce9b, 0xce9b, 0xce9b, 0xce9b, 0xce9b, 0xce9b, 0xce9b, 0xce9b, 0xce9b, 0xce9b, 0xce9b, 0xce9b, 0xce9b, 0xce9b, 0xce9b, 0xce9b, 0xce9b, 0xce9b, 0xce9b, 0xce9b, 0xce9b, 0xce9b, 0xce9b, 0xce9b, 0xce9b, 0xce9b, 0xce9b, 0xce9b, 0xce9b, 0xce9b, 0xce9b, 0xce9b, 0xce9b, 0xce9b, 0xce9b, 0xce9b, 0xce9b, 0xce9b, 0xce9b, 0xce9b, 0xce9b, 0xce9b, 0xce9b, 0xce9b, 0xce9b, 0xce9b, 0xce9b, 0xce9b, 0xce9b, 0xce9b, 0xce9b, 0xce9b, 0xce9b, 0xce9b, 0xce9b, 0xce9b, 0xce9b, 0xce9b, 0xce9b, 0xce9b, 0xce9b, 0xce9b, 0xce9b, 0xce9b, 0xce9b, 0xce9b, 0xce9b, 0xce9b, 0xce9b, 0xce9b, 0xce9b, 0xce9b, 0xce9b, 0xce9b, 0xce9b, 0xce9b, 0xce9b, 0xce9b, 0xce9b, 0xce9b, 0xce9b, 0xce9b, 0xce9b, 0xce9b, 0xce9b, 0xce9b, 0xce9b, 0xce9b, 0xce9b, 0xce9b, 0xce9b, 0xce9b, 0xce9b, 0xce9b, 0xce9b, 0xce9b, 0xce9b, 0xce9b, 0xce9b, 0xce9b, 0xce9b, 0xce9b, 0xce9b, 0xce9b, 0xce9b, 0xce9b, 0xce9b, 0xce9b, 0xce9b, 0xce9b, 0xce9b, 0xce9b, 0xce9b, 0xce9b, 0xce9b, 0xce9b, 0xce9b, 0xce9b, 0xce9b, 0xce9b, 0xce9b, 0xce9b, 0xce9b, 0xce9b, 0xce9b, 0xce9b, 0xce9b, 0xce9b, 0xce9b, 0xce9b, 0xce9b, 0xce9b, 0xce9b, 0xce9b, 0xce9b, 0xce9b, 0xce9b, 0xce9b, 0xce9b, 0xce9b, 0xbe39, 0xbe39, 0xbe39, 0xbe19, 0xbe19, 0xbe19, 0xbe19, 0xbe19, 0xbe19, 0xbdf9, 0xbdf8, 0xb5b7, 0xad76, 0x9d55, 0x9d14, 0xbdf7, 
  0x94d4, 0x9cf5, 0x9cf5, 0x9cf5, 0x9d15, 0xa536, 0xad77, 0xb5d8, 0xbe19, 0xc639, 0xc639, 0xc65a, 0xc67a, 0xc65a, 0xc65a, 0xc67a, 0xc67a, 0xc67a, 0xc67a, 0xc67a, 0xc69a, 0xc67a, 0xce7a, 0xce7a, 0xce9a, 0xce9a, 0xce9a, 0xce9b, 0xce9b, 0xce9b, 0xce9b, 0xce9b, 0xce9b, 0xce9b, 0xce9b, 0xce9b, 0xce9b, 0xce9b, 0xce9b, 0xce9b, 0xce9b, 0xce9b, 0xce9b, 0xce9b, 0xce9b, 0xce9b, 0xce9b, 0xce9b, 0xce9b, 0xce9b, 0xce9b, 0xce9b, 0xce9b, 0xce9b, 0xce9b, 0xce9b, 0xce9b, 0xce9b, 0xce9b, 0xce9b, 0xce9b, 0xce9b, 0xce9b, 0xce9b, 0xce9b, 0xce9b, 0xce9b, 0xce9b, 0xce9b, 0xce9b, 0xce9b, 0xce9b, 0xce9b, 0xce9b, 0xce9b, 0xce9b, 0xce9b, 0xce9b, 0xce9b, 0xce9b, 0xce9b, 0xce9b, 0xce9b, 0xce9b, 0xce9b, 0xce9b, 0xce9b, 0xce9b, 0xce9b, 0xce9b, 0xce9b, 0xce9b, 0xce9b, 0xce9b, 0xce9b, 0xce9b, 0xce9b, 0xce9b, 0xce9b, 0xce9b, 0xce9b, 0xce9b, 0xce9b, 0xce9b, 0xce9b, 0xce9b, 0xce9b, 0xce9b, 0xce9b, 0xce9b, 0xce9b, 0xce9b, 0xce9b, 0xce9b, 0xce9b, 0xce9b, 0xce9b, 0xce9b, 0xce9b, 0xce9b, 0xce9b, 0xce9b, 0xce9b, 0xce9b, 0xce9b, 0xce9b, 0xce9b, 0xce9b, 0xce9b, 0xce9b, 0xce9b, 0xce9b, 0xce9b, 0xce9b, 0xce9b, 0xce9b, 0xce9b, 0xce9b, 0xce9b, 0xce9b, 0xce9b, 0xce9b, 0xce9b, 0xce9b, 0xce9b, 0xce9b, 0xce9b, 0xce9b, 0xce9b, 0xce9b, 0xce9b, 0xce9b, 0xce9b, 0xce9b, 0xce9b, 0xce9b, 0xce9b, 0xce9b, 0xce9b, 0xce9b, 0xce9b, 0xce9b, 0xce9b, 0xce9b, 0xce9b, 0xce9b, 0xce9b, 0xce9b, 0xce9b, 0xce9b, 0xce9b, 0xce9b, 0xce9b, 0xce9b, 0xce9b, 0xce9b, 0xce9b, 0xce9b, 0xce9b, 0xce9b, 0xce9b, 0xce9b, 0xce9b, 0xce9b, 0xce9b, 0xce9b, 0xce9b, 0xce9b, 0xce9b, 0xce9b, 0xce9b, 0xce9b, 0xce9b, 0xce9b, 0xce9b, 0xce9b, 0xce9b, 0xce9b, 0xce9b, 0xce9b, 0xce9b, 0xce9b, 0xce9b, 0xce9b, 0xce9b, 0xce9b, 0xce9b, 0xce9b, 0xce9b, 0xce9b, 0xce9b, 0xce9b, 0xce9b, 0xce9b, 0xce9b, 0xce9b, 0xce9b, 0xce9b, 0xce9b, 0xce9b, 0xce9b, 0xce9b, 0xce9b, 0xce9b, 0xbe39, 0xbe39, 0xbdf8, 0x94b3, 0xad76, 0xbe19, 0xc639, 0xbe19, 0xbdf9, 0xbdf9, 0xb5d8, 0xb5b7, 0xad76, 0x9d35, 0xa555, 0xbe17, 
  0x9cf5, 0x9cf5, 0x9cf5, 0x9cf5, 0x9cf5, 0x9d15, 0xad77, 0xbdf8, 0xbe19, 0xb5b7, 0x94d4, 0x738f, 0x634e, 0xc639, 0xc65a, 0xc67a, 0xc67a, 0xc67a, 0xc67a, 0xc67a, 0xce9a, 0xce7a, 0xce7a, 0xce7a, 0xce7a, 0xce9a, 0xce9a, 0xce9b, 0xce9b, 0xce9b, 0xce9b, 0xce9b, 0xce9b, 0xce9b, 0xce9b, 0xce9b, 0xce9b, 0xce9b, 0xce9b, 0xce9b, 0xce9b, 0xce9b, 0xce9b, 0xce9b, 0xce9b, 0xce9b, 0xce9b, 0xce9b, 0xce9b, 0xce9b, 0xce9b, 0xce9b, 0xce9b, 0xce9b, 0xce9b, 0xce9b, 0xce9b, 0xce9b, 0xce9b, 0xce9b, 0xce9b, 0xce9b, 0xce9b, 0xce9b, 0xce9b, 0xce9b, 0xce9b, 0xce9b, 0xce9b, 0xce9b, 0xce9b, 0xce9b, 0xce9b, 0xce9b, 0xce9b, 0xce9b, 0xce9b, 0xce9b, 0xce9b, 0xce9b, 0xce9b, 0xce9b, 0xce9b, 0xce9b, 0xce9b, 0xce9b, 0xce9b, 0xce9b, 0xce9b, 0xce9b, 0xce9b, 0xce9b, 0xce9b, 0xce9b, 0xce9b, 0xce9b, 0xce9b, 0xce9b, 0xce9b, 0xce9b, 0xce9b, 0xce9b, 0xce9b, 0xce9b, 0xce9b, 0xce9b, 0xce9b, 0xce9b, 0xce9b, 0xce9b, 0xce9b, 0xce9b, 0xce9b, 0xce9b, 0xce9b, 0xce9b, 0xce9b, 0xce9b, 0xce9b, 0xce9b, 0xce9b, 0xce9b, 0xce9b, 0xce9b, 0xce9b, 0xce9b, 0xce9b, 0xce9b, 0xce9b, 0xce9b, 0xce9b, 0xce9b, 0xce9b, 0xce9b, 0xce9b, 0xce9b, 0xce9b, 0xce9b, 0xce9b, 0xce9b, 0xce9b, 0xce9b, 0xce9b, 0xce9b, 0xce9b, 0xce9b, 0xce9b, 0xce9b, 0xce9b, 0xce9b, 0xce9b, 0xce9b, 0xce9b, 0xce9b, 0xce9b, 0xce9b, 0xce9b, 0xce9b, 0xce9b, 0xce9b, 0xce9b, 0xce9b, 0xce9b, 0xce9b, 0xce9b, 0xce9b, 0xce9b, 0xce9b, 0xce9b, 0xce9b, 0xce9b, 0xce9b, 0xce9b, 0xce9b, 0xce9b, 0xce9b, 0xce9b, 0xce9b, 0xce9b, 0xce9b, 0xce9b, 0xce9b, 0xce9b, 0xce9b, 0xce9b, 0xce9b, 0xce9b, 0xce9b, 0xce9b, 0xce9b, 0xce9b, 0xce9b, 0xce9b, 0xce9b, 0xce9b, 0xce9b, 0xce9b, 0xce9b, 0xce9b, 0xce9b, 0xce9b, 0xce9b, 0xce9b, 0xce9b, 0xce9b, 0xce9b, 0xce9b, 0xce9b, 0xce9b, 0xce9b, 0xce9b, 0xce9b, 0xce9b, 0xce9b, 0xce9b, 0xce9b, 0xce9b, 0xce9b, 0xce9b, 0xce9b, 0xce9b, 0xce9b, 0xce9b, 0xce9b, 0xbe39, 0xbe19, 0x9cf4, 0x0861, 0x0000, 0x1083, 0x31a7, 0x5acc, 0x8c52, 0xad56, 0xb5f8, 0xb597, 0xa556, 0x9d35, 0xad96, 0xc638, 
  0x94f4, 0x94f4, 0x9cf5, 0x9cf5, 0x9cf5, 0x7c11, 0x5aed, 0x422a, 0x2987, 0x2146, 0x2106, 0x2946, 0x31a8, 0xb5b7, 0xc659, 0xc67a, 0xc67a, 0xc67a, 0xc67a, 0xc67a, 0xc67a, 0xc67a, 0xce9a, 0xc69a, 0xce9a, 0xce9a, 0xce9a, 0xce9b, 0xce9b, 0xce9b, 0xce9b, 0xce9b, 0xce9b, 0xce9b, 0xce9b, 0xce9b, 0xce9b, 0xce9b, 0xce9b, 0xce9b, 0xce9b, 0xce9b, 0xce9b, 0xce9b, 0xce9b, 0xce9b, 0xce9b, 0xce9b, 0xce9b, 0xce9b, 0xce9b, 0xce9b, 0xce9b, 0xce9b, 0xce9b, 0xce9b, 0xce9b, 0xce9b, 0xce9b, 0xce9b, 0xce9b, 0xce9b, 0xce9b, 0xce9b, 0xce9b, 0xce9b, 0xce9b, 0xce9b, 0xce9b, 0xce9b, 0xce9b, 0xce9b, 0xce9b, 0xce9b, 0xce9b, 0xce9b, 0xce9b, 0xce9b, 0xce9b, 0xce9b, 0xce9b, 0xce9b, 0xce9b, 0xce9b, 0xce9b, 0xce9b, 0xce9b, 0xce9b, 0xce9b, 0xce9b, 0xce9b, 0xce9b, 0xce9b, 0xce9b, 0xce9b, 0xce9b, 0xce9b, 0xce9b, 0xce9b, 0xce9b, 0xce9b, 0xce9b, 0xce9b, 0xce9b, 0xce9b, 0xce9b, 0xce9b, 0xce9b, 0xce9b, 0xce9b, 0xce9b, 0xce9b, 0xce9b, 0xce9b, 0xce9b, 0xce9b, 0xce9b, 0xce9b, 0xce9b, 0xce9b, 0xce9b, 0xce9b, 0xce9b, 0xce9b, 0xce9b, 0xce9b, 0xce9b, 0xce9b, 0xce9b, 0xce9b, 0xce9b, 0xce9b, 0xce9b, 0xce9b, 0xce9b, 0xce9b, 0xce9b, 0xce9b, 0xce9b, 0xce9b, 0xce9b, 0xce9b, 0xce9b, 0xce9b, 0xce9b, 0xce9b, 0xce9b, 0xce9b, 0xce9b, 0xce9b, 0xce9b, 0xce9b, 0xce9b, 0xce9b, 0xce9b, 0xce9b, 0xce9b, 0xce9b, 0xce9b, 0xce9b, 0xce9b, 0xce9b, 0xce9b, 0xce9b, 0xce9b, 0xce9b, 0xce9b, 0xce9b, 0xce9b, 0xce9b, 0xce9b, 0xce9b, 0xce9b, 0xce9b, 0xce9b, 0xce9b, 0xce9b, 0xce9b, 0xce9b, 0xce9b, 0xce9b, 0xce9b, 0xce9b, 0xce9b, 0xce9b, 0xce9b, 0xce9b, 0xce9b, 0xce9b, 0xce9b, 0xce9b, 0xce9b, 0xce9b, 0xce9b, 0xce9b, 0xce9b, 0xce9b, 0xce9b, 0xce9b, 0xce9b, 0xce9b, 0xce9b, 0xce9b, 0xce9b, 0xce9b, 0xce9b, 0xce9b, 0xce9b, 0xce9b, 0xce9b, 0xce9b, 0xce9b, 0xce9b, 0xce9b, 0xce9b, 0xce9b, 0xce9b, 0xce9b, 0xce9b, 0xce9b, 0xce9b, 0xce9b, 0xce9b, 0xce9b, 0xbe39, 0xbe39, 0x73af, 0x0000, 0x0000, 0x0000, 0x0000, 0x0000, 0x0000, 0x0020, 0x2966, 0xad96, 0xa556, 0x9d15, 0xbdf7, 0xce79, 
  0x94f4, 0x9cf5, 0x9cf5, 0x9cf5, 0x94d4, 0x18c3, 0x0022, 0x10c4, 0x1905, 0x1945, 0x2146, 0x2146, 0x2987, 0x94d5, 0xc65a, 0xc67a, 0xc67a, 0xc67a, 0xc67a, 0xc67a, 0xc67a, 0xc67a, 0xc67a, 0xc69a, 0xce9a, 0xce9b, 0xce9b, 0xce9b, 0xce9b, 0xce9b, 0xce9b, 0xce9b, 0xce9b, 0xce9b, 0xce9b, 0xce9b, 0xce9b, 0xce9b, 0xce9b, 0xce9b, 0xce9b, 0xce9b, 0xce9b, 0xce9b, 0xce9b, 0xce9b, 0xce9b, 0xce9b, 0xcebb, 0xce9b, 0xce9b, 0xce9b, 0xce9b, 0xcebb, 0xcebb, 0xcebb, 0xce9b, 0xce9b, 0xce9b, 0xce9b, 0xce9b, 0xce9b, 0xce9b, 0xce9b, 0xce9b, 0xce9b, 0xce9b, 0xce9b, 0xce9b, 0xce9b, 0xce9b, 0xce9b, 0xce9b, 0xce9b, 0xce9b, 0xce9b, 0xce9b, 0xce9b, 0xce9b, 0xce9b, 0xce9b, 0xce9b, 0xce9b, 0xce9b, 0xce9b, 0xce9b, 0xce9b, 0xce9b, 0xce9b, 0xce9b, 0xce9b, 0xce9b, 0xce9b, 0xce9b, 0xce9b, 0xce9b, 0xce9b, 0xce9b, 0xce9b, 0xce9b, 0xce9b, 0xce9b, 0xce9b, 0xce9b, 0xce9b, 0xce9b, 0xce9b, 0xce9b, 0xce9b, 0xce9b, 0xce9b, 0xce9b, 0xce9b, 0xce9b, 0xce9b, 0xce9b, 0xce9b, 0xce9b, 0xce9b, 0xce9b, 0xce9b, 0xce9b, 0xce9b, 0xce9b, 0xce9b, 0xce9b, 0xce9b, 0xce9b, 0xce9b, 0xce9b, 0xce9b, 0xce9b, 0xce9b, 0xce9b, 0xce9b, 0xce9b, 0xce9b, 0xce9b, 0xce9b, 0xce9b, 0xce9b, 0xce9b, 0xce9b, 0xce9b, 0xce9b, 0xce9b, 0xce9b, 0xce9b, 0xce9b, 0xce9b, 0xce9b, 0xce9b, 0xce9b, 0xce9b, 0xce9b, 0xce9b, 0xce9b, 0xce9b, 0xce9b, 0xce9b, 0xce9b, 0xce9b, 0xce9b, 0xce9b, 0xce9b, 0xce9b, 0xce9b, 0xce9b, 0xce9b, 0xce9b, 0xce9b, 0xce9b, 0xce9b, 0xce9b, 0xce9b, 0xce9b, 0xce9b, 0xce9b, 0xce9b, 0xce9b, 0xce9b, 0xce9b, 0xce9b, 0xce9b, 0xce9b, 0xce9b, 0xce9b, 0xce9b, 0xce9b, 0xce9b, 0xce9b, 0xce9b, 0xce9b, 0xce9b, 0xce9b, 0xce9b, 0xce9b, 0xce9b, 0xce9b, 0xce9b, 0xce9b, 0xce9b, 0xce9b, 0xce9b, 0xce9b, 0xce9b, 0xce9b, 0xce9b, 0xce9b, 0xce9b, 0xce9b, 0xce9b, 0xce9b, 0xce9b, 0xce9b, 0xce9b, 0xce9b, 0xce9b, 0xce9b, 0xce9b, 0xce9b, 0xce9b, 0xce9b, 0xbe39, 0xbe39, 0xc659, 0x52ab, 0x0000, 0x0000, 0x0000, 0x0000, 0x0000, 0x0000, 0x0000, 0x31a7, 0xad97, 0xa556, 0x9d15, 0xce79, 0xd6ba, 
  0x9cf4, 0x9cf4, 0x9cf4, 0x9cf4, 0x9cf5, 0x31a7, 0x0001, 0x0883, 0x10e4, 0x1925, 0x1926, 0x2987, 0x426b, 0x94d5, 0xc67a, 0xc67a, 0xc67a, 0xc67a, 0xc67a, 0xc67a, 0xc67a, 0xc67a, 0xc67a, 0xce7a, 0xce7a, 0xce7a, 0xce9a, 0xce9b, 0xce9b, 0xce9b, 0xce9b, 0xce9b, 0xce9b, 0xce9b, 0xce9b, 0xce9b, 0xce9b, 0xce9b, 0xce9b, 0xce9b, 0xce9b, 0xce9b, 0xce9b, 0xce9b, 0xce9b, 0xce9b, 0xce9b, 0xce9b, 0xce9b, 0xce9b, 0xce9b, 0xce9b, 0xce9b, 0xce9b, 0xcebb, 0xcebb, 0xce9b, 0xce9b, 0xce9b, 0xce9b, 0xce9b, 0xce9b, 0xce9b, 0xce9b, 0xce9b, 0xce9b, 0xce9b, 0xce9b, 0xce9b, 0xce9b, 0xce9b, 0xce9b, 0xce9b, 0xce9b, 0xce9b, 0xce9b, 0xce9b, 0xce9b, 0xce9b, 0xce9b, 0xce9b, 0xce9b, 0xce9b, 0xce9b, 0xce9b, 0xce9b, 0xce9b, 0xce9b, 0xce9b, 0xce9b, 0xce9b, 0xce9b, 0xce9b, 0xce9b, 0xce9b, 0xce9b, 0xce9b, 0xce9b, 0xce9b, 0xce9b, 0xce9b, 0xce9b, 0xce9b, 0xce9b, 0xce9b, 0xce9b, 0xce9b, 0xce9b, 0xce9b, 0xce9b, 0xce9b, 0xce9b, 0xce9b, 0xce9b, 0xce9b, 0xce9b, 0xce9b, 0xce9b, 0xce9b, 0xce9b, 0xce9b, 0xce9b, 0xce9b, 0xce9b, 0xce9b, 0xce9b, 0xce9b, 0xce9b, 0xce9b, 0xce9b, 0xce9b, 0xce9b, 0xce9b, 0xce9b, 0xce9b, 0xce9b, 0xce9b, 0xce9b, 0xce9b, 0xce9b, 0xce9b, 0xce9b, 0xce9b, 0xce9b, 0xce9b, 0xce9b, 0xce9b, 0xce9b, 0xce9b, 0xce9b, 0xce9b, 0xce9b, 0xce9b, 0xce9b, 0xce9b, 0xce9b, 0xce9b, 0xce9b, 0xce9b, 0xce9b, 0xce9b, 0xce9b, 0xce9b, 0xce9b, 0xce9b, 0xce9b, 0xce9b, 0xce9b, 0xce9b, 0xce9b, 0xce9b, 0xce9b, 0xce9b, 0xce9b, 0xce9b, 0xce9b, 0xce9b, 0xce9b, 0xce9b, 0xce9b, 0xce9b, 0xce9b, 0xce9b, 0xce9b, 0xce9b, 0xce9b, 0xce9b, 0xce9b, 0xce9b, 0xce9b, 0xce9b, 0xce9b, 0xce9b, 0xce9b, 0xce9b, 0xce9b, 0xce9b, 0xce9b, 0xce9b, 0xce9b, 0xce9b, 0xce9b, 0xce9b, 0xce9b, 0xce9b, 0xce9b, 0xce9b, 0xce9b, 0xce9b, 0xce9b, 0xce9b, 0xce9b, 0xce9b, 0xce9b, 0xce9b, 0xce9b, 0xce9b, 0xce9b, 0xce9b, 0xce9b, 0xce9b, 0xce9b, 0xce9b, 0xbe39, 0xbe39, 0xbe39, 0xbdf8, 0xa535, 0x73cf, 0x4a8a, 0x2125, 0x0841, 0x0000, 0x0000, 0x5aec, 0xad97, 0xa556, 0xa535, 0xd6da, 0xdefb, 
  0x94f4, 0x9cf4, 0x9cf4, 0x9cf5, 0x94f4, 0x5aec, 0x0021, 0x1905, 0x426a, 0x7411, 0xa556, 0xbe39, 0xc67a, 0xc65a, 0xc65a, 0xc67a, 0xc67a, 0xc67a, 0xc67a, 0xc67a, 0xc67a, 0xc67a, 0xce7a, 0xce7a, 0xce7a, 0xce9a, 0xce9a, 0xce9b, 0xce9b, 0xce9b, 0xce9b, 0xce9b, 0xce9b, 0xce9b, 0xce9b, 0xce9b, 0xce9b, 0xce9b, 0xce9b, 0xce9b, 0xce9b, 0xce9b, 0xce9b, 0xce9b, 0xce9b, 0xce9b, 0xce9b, 0xce9b, 0xce9b, 0xce9b, 0xce9b, 0xce9b, 0xce9b, 0xce9b, 0xce9b, 0xcebb, 0xce9b, 0xce9b, 0xce9b, 0xce9b, 0xce9b, 0xce9b, 0xce9b, 0xce9b, 0xce9b, 0xce9b, 0xce9b, 0xce9b, 0xce9b, 0xce9b, 0xce9b, 0xce9b, 0xce9b, 0xce9b, 0xce9b, 0xce9b, 0xce9b, 0xce9b, 0xce9b, 0xce9b, 0xce9b, 0xce9b, 0xce9b, 0xce9b, 0xce9b, 0xce9b, 0xce9b, 0xce9b, 0xce9b, 0xce9b, 0xce9b, 0xce9b, 0xce9b, 0xce9b, 0xce9b, 0xce9b, 0xce9b, 0xce9b, 0xce9b, 0xce9b, 0xce9b, 0xce9b, 0xce9b, 0xce9b, 0xce9b, 0xce9b, 0xce9b, 0xce9b, 0xce9b, 0xce9b, 0xce9b, 0xce9b, 0xce9b, 0xce9b, 0xce9b, 0xce9b, 0xce9b, 0xce9b, 0xce9b, 0xce9b, 0xce9b, 0xce9b, 0xce9b, 0xce9b, 0xce9b, 0xce9b, 0xce9b, 0xce9b, 0xce9b, 0xce9b, 0xce9b, 0xce9b, 0xce9b, 0xce9b, 0xce9b, 0xce9b, 0xce9b, 0xce9b, 0xce9b, 0xce9b, 0xce9b, 0xce9b, 0xce9b, 0xce9b, 0xce9b, 0xce9b, 0xce9b, 0xce9b, 0xce9b, 0xce9b, 0xce9b, 0xce9b, 0xce9b, 0xce9b, 0xce9b, 0xce9b, 0xce9b, 0xce9b, 0xce9b, 0xce9b, 0xce9b, 0xce9b, 0xce9b, 0xce9b, 0xce9b, 0xce9b, 0xce9b, 0xce9b, 0xce9b, 0xce9b, 0xce9b, 0xce9b, 0xce9b, 0xce9b, 0xce9b, 0xce9b, 0xce9b, 0xce9b, 0xce9b, 0xce9b, 0xce9b, 0xce9b, 0xce9b, 0xce9b, 0xce9b, 0xce9b, 0xce9b, 0xce9b, 0xce9b, 0xce9b, 0xce9b, 0xce9b, 0xce9b, 0xce9b, 0xce9b, 0xce9b, 0xce9b, 0xce9b, 0xce9b, 0xce9b, 0xce9b, 0xce9b, 0xce9b, 0xce9b, 0xce9b, 0xce9b, 0xce9b, 0xce9b, 0xce9b, 0xce9b, 0xce9b, 0xce9b, 0xce9b, 0xce9b, 0xce9b, 0xce9b, 0xce9b, 0xce9b, 0xce9b, 0xce9b, 0xce9b, 0xce9b, 0xc639, 0xc639, 0xbe39, 0xbe39, 0xbe39, 0xbe39, 0xbe39, 0xc639, 0xbe39, 0xb5d8, 0x94f4, 0x738e, 0x94f4, 0xad96, 0xa556, 0xad76, 0xdf1b, 0xdf1b, 
  0x94d4, 0x9cf4, 0x9cf4, 0x9cf4, 0x9cf4, 0x94d4, 0x94b3, 0xad77, 0xb5d8, 0xbe19, 0xbe39, 0xbe39, 0xc659, 0xc65a, 0xc65a, 0xc67a, 0xc67a, 0xc67a, 0xc67a, 0xc67a, 0xc67a, 0xc67a, 0xc67a, 0xce7a, 0xce7a, 0xce7a, 0xce7a, 0xce9b, 0xce9b, 0xce9b, 0xce9b, 0xce9b, 0xce9b, 0xce9b, 0xce9b, 0xce9b, 0xce9b, 0xce9b, 0xce9b, 0xce9b, 0xce9b, 0xce9b, 0xce9b, 0xce9b, 0xce9b, 0xce9b, 0xce9b, 0xce9b, 0xce9b, 0xcebb, 0xce9b, 0xce9b, 0xcebb, 0xcebb, 0xcebb, 0xce9b, 0xce9b, 0xce9b, 0xce9b, 0xcebb, 0xcebb, 0xcebb, 0xce9b, 0xce9b, 0xce9b, 0xce9b, 0xce9b, 0xce9b, 0xce9b, 0xce9b, 0xce9b, 0xce9b, 0xce9b, 0xce9b, 0xce9b, 0xce9b, 0xce9b, 0xce9b, 0xce9b, 0xce9b, 0xce9b, 0xce9b, 0xce9b, 0xce9b, 0xce9b, 0xce9b, 0xce9b, 0xce9b, 0xce9b, 0xce9b, 0xce9b, 0xce9b, 0xce9b, 0xce9b, 0xce9b, 0xce9b, 0xce9b, 0xce9b, 0xce9b, 0xce9b, 0xce9b, 0xce9b, 0xce9b, 0xce9b, 0xce9b, 0xce9b, 0xce9b, 0xce9b, 0xce9b, 0xce9b, 0xce9b, 0xce9b, 0xce9b, 0xce9b, 0xce9b, 0xce9b, 0xce9b, 0xce9b, 0xce9b, 0xce9b, 0xce9b, 0xce9b, 0xce9b, 0xce9b, 0xce9b, 0xce9b, 0xce9b, 0xce9b, 0xce9b, 0xce9b, 0xce9b, 0xce9b, 0xce9b, 0xce9b, 0xce9b, 0xce9b, 0xce9b, 0xce9b, 0xce9b, 0xce9b, 0xce9b, 0xce9b, 0xce9b, 0xce9b, 0xce9b, 0xce9b, 0xce9b, 0xce9b, 0xce9b, 0xce9b, 0xce9b, 0xce9b, 0xce9b, 0xce9b, 0xce9b, 0xce9b, 0xce9b, 0xce9b, 0xce9b, 0xce9b, 0xce9b, 0xce9b, 0xce9b, 0xce9b, 0xce9b, 0xce9b, 0xce9b, 0xce9b, 0xce9b, 0xce9b, 0xce9b, 0xce9b, 0xce9b, 0xce9b, 0xce9b, 0xce9b, 0xce9b, 0xce9b, 0xce9b, 0xce9b, 0xce9b, 0xce9b, 0xce9b, 0xce9b, 0xce9b, 0xce9b, 0xce9b, 0xce9b, 0xce9b, 0xce9b, 0xce9b, 0xce9b, 0xce9b, 0xce9b, 0xce9b, 0xce9b, 0xce9b, 0xce9b, 0xce9b, 0xce9b, 0xce9b, 0xce9b, 0xce9b, 0xce9b, 0xce9b, 0xce9b, 0xce9b, 0xce9b, 0xce9b, 0xce9b, 0xce9b, 0xce9b, 0xce9b, 0xce9b, 0xce9b, 0xce9b, 0xce9b, 0xce9b, 0xce9b, 0xce9b, 0xce9b, 0xce9b, 0xbe39, 0xbe39, 0xbe39, 0xbe39, 0xbe39, 0xbe39, 0xbe19, 0xbe19, 0xbe19, 0xbe19, 0xbdf8, 0xbdf8, 0xb5b7, 0xad77, 0xa556, 0xbdd7, 0xe75c, 0xe75c, 
  0x94b4, 0x94d4, 0x94f4, 0x9cf4, 0x9cf5, 0x9cf5, 0x9d15, 0xa556, 0xadb7, 0xbe19, 0xbe39, 0xc659, 0xc659, 0xc65a, 0xc65a, 0xc67a, 0xc67a, 0xc67a, 0xc67a, 0xc67a, 0xc67a, 0xc67a, 0xc67a, 0xc67a, 0xce7a, 0xce7a, 0xce9b, 0xce9b, 0xce9b, 0xce9b, 0xce9b, 0xce9b, 0xce9b, 0xce9b, 0xce9b, 0xce9b, 0xce9b, 0xce9b, 0xce9b, 0xce9b, 0xce9b, 0xce9b, 0xce9b, 0xce9b, 0xce9b, 0xce9b, 0xce9b, 0xce9b, 0xce9b, 0xcebb, 0xcebb, 0xce9b, 0xce9b, 0xce9b, 0xcebb, 0xcebb, 0xce9b, 0xce9b, 0xce9b, 0xce9b, 0xce9b, 0xce9b, 0xce9b, 0xce9b, 0xce9b, 0xce9b, 0xce9b, 0xce9b, 0xce9b, 0xce9b, 0xce9b, 0xce9b, 0xce9b, 0xce9b, 0xce9b, 0xce9b, 0xce9b, 0xce9b, 0xce9b, 0xce9b, 0xce9b, 0xce9b, 0xce9b, 0xce9b, 0xce9b, 0xce9b, 0xce9b, 0xce9b, 0xce9b, 0xce9b, 0xce9b, 0xce9b, 0xce9b, 0xce9b, 0xce9b, 0xce9b, 0xce9b, 0xce9b, 0xce9b, 0xce9b, 0xce9b, 0xce9b, 0xce9b, 0xce9b, 0xce9b, 0xce9b, 0xce9b, 0xce9b, 0xce9b, 0xce9b, 0xce9b, 0xce9b, 0xce9b, 0xce9b, 0xce9b, 0xce9b, 0xce9b, 0xce9b, 0xce9b, 0xce9b, 0xce9b, 0xce9b, 0xce9b, 0xce9b, 0xce9b, 0xce9b, 0xce9b, 0xce9b, 0xce9b, 0xce9b, 0xce9b, 0xce9b, 0xce9b, 0xce9b, 0xce9b, 0xce9b, 0xce9b, 0xce9b, 0xce9b, 0xce9b, 0xce9b, 0xce9b, 0xce9b, 0xce9b, 0xce9b, 0xce9b, 0xce9b, 0xce9b, 0xce9b, 0xce9b, 0xce9b, 0xce9b, 0xce9b, 0xce9b, 0xce9b, 0xce9b, 0xce9b, 0xce9b, 0xce9b, 0xce9b, 0xce9b, 0xce9b, 0xce9b, 0xce9b, 0xce9b, 0xce9b, 0xce9b, 0xce9b, 0xce9b, 0xce9b, 0xce9b, 0xce9b, 0xce9b, 0xce9b, 0xce9b, 0xce9b, 0xce9b, 0xce9b, 0xce9b, 0xce9b, 0xce9b, 0xce9b, 0xce9b, 0xce9b, 0xce9b, 0xce9b, 0xce9b, 0xce9b, 0xce9b, 0xce9b, 0xce9b, 0xce9b, 0xce9b, 0xce9b, 0xce9b, 0xce9b, 0xce9b, 0xce9b, 0xce9b, 0xce9b, 0xce9b, 0xce9b, 0xce9b, 0xce9b, 0xce9b, 0xce9b, 0xce9b, 0xce9b, 0xce9b, 0xce9b, 0xce9b, 0xce9b, 0xce9b, 0xce9b, 0xce9b, 0xce9b, 0xce9b, 0xce9b, 0xce9b, 0xce9b, 0xce9b, 0xc639, 0xbe39, 0xbe39, 0xbe39, 0xbe39, 0xbe39, 0xbe39, 0xbe39, 0xbe19, 0xbe19, 0xbe19, 0xbe19, 0xbdf8, 0xb5b7, 0xad76, 0xa536, 0xce7a, 0xe75c, 0xef5c, 
  0x8c92, 0x94d4, 0x9cf5, 0x9cf5, 0x9cf5, 0x9cf5, 0x9d15, 0xa556, 0xad97, 0xbdf8, 0xbe19, 0xc639, 0xc639, 0xc65a, 0xc65a, 0xc65a, 0xc65a, 0xc67a, 0xc67a, 0xc67a, 0xc67a, 0xc67a, 0xce7a, 0xce7a, 0xce7a, 0xce7a, 0xce9b, 0xce9b, 0xce9b, 0xce9b, 0xce9b, 0xce9b, 0xce9b, 0xce9b, 0xce9b, 0xce9b, 0xce9b, 0xce9b, 0xce9b, 0xce9b, 0xce9b, 0xce9b, 0xce9b, 0xce9b, 0xce9b, 0xce9b, 0xce9b, 0xce9b, 0xce9b, 0xce9b, 0xce9b, 0xce9b, 0xcebb, 0xce9b, 0xce9b, 0xcebb, 0xcebb, 0xcebb, 0xcebb, 0xcebb, 0xcebb, 0xce9b, 0xce9b, 0xce9b, 0xce9b, 0xce9b, 0xce9b, 0xce9b, 0xce9b, 0xce9b, 0xce9b, 0xce9b, 0xce9b, 0xce9b, 0xce9b, 0xce9b, 0xce9b, 0xce9b, 0xce9b, 0xce9b, 0xce9b, 0xce9b, 0xce9b, 0xce9b, 0xce9b, 0xce9b, 0xce9b, 0xce9b, 0xce9b, 0xce9b, 0xce9b, 0xce9b, 0xce9b, 0xce9b, 0xce9b, 0xce9b, 0xce9b, 0xce9b, 0xce9b, 0xce9b, 0xce9b, 0xce9b, 0xce9b, 0xce9b, 0xce9b, 0xce9b, 0xce9b, 0xce9b, 0xce9b, 0xce9b, 0xce9b, 0xce9b, 0xce9b, 0xce9b, 0xce9b, 0xce9b, 0xce9b, 0xce9b, 0xce9b, 0xce9b, 0xce9b, 0xce9b, 0xce9b, 0xce9b, 0xce9b, 0xce9b, 0xce9b, 0xce9b, 0xce9b, 0xce9b, 0xce9b, 0xce9b, 0xce9b, 0xce9b, 0xce9b, 0xce9b, 0xce9b, 0xce9b, 0xce9b, 0xce9b, 0xce9b, 0xce9b, 0xce9b, 0xce9b, 0xce9b, 0xce9b, 0xce9b, 0xce9b, 0xce9b, 0xce9b, 0xce9b, 0xce9b, 0xce9b, 0xce9b, 0xce9b, 0xce9b, 0xce9b, 0xce9b, 0xce9b, 0xce9b, 0xce9b, 0xce9b, 0xce9b, 0xce9b, 0xce9b, 0xce9b, 0xce9b, 0xce9b, 0xce9b, 0xce9b, 0xce9b, 0xce9b, 0xce9b, 0xce9b, 0xce9b, 0xce9b, 0xce9b, 0xce9b, 0xce9b, 0xce9b, 0xce9b, 0xce9b, 0xce9b, 0xce9b, 0xce9b, 0xce9b, 0xce9b, 0xce9b, 0xce9b, 0xce9b, 0xce9b, 0xce9b, 0xce9b, 0xce9b, 0xce9b, 0xce9b, 0xce9b, 0xce9b, 0xce9b, 0xce9b, 0xce9b, 0xce9b, 0xce9b, 0xce9b, 0xce9b, 0xce9b, 0xce9b, 0xce9b, 0xce9b, 0xce9b, 0xce9b, 0xce9b, 0xce9b, 0xce9b, 0xce9b, 0xce9b, 0xce9b, 0xce9b, 0xce9b, 0xce9b, 0xc639, 0xc639, 0xbe39, 0xbe39, 0xbe39, 0xbe39, 0xbe39, 0xbe39, 0xbe39, 0xbe39, 0xbe19, 0xbe19, 0xbdf8, 0xb5d8, 0xb5b7, 0xad76, 0xa535, 0xdf1b, 0xef7d, 0xe75c, 
  0x8cb3, 0x94d4, 0x94f4, 0x94f4, 0x9cf5, 0x9cf5, 0x9d15, 0x9d36, 0xad97, 0xb5d8, 0xbe19, 0xc639, 0xc639, 0xc65a, 0xc65a, 0xc65a, 0xc65a, 0xc67a, 0xc67a, 0xc67a, 0xc67a, 0xc67a, 0xce7a, 0xce7a, 0xce7a, 0xce7a, 0xce9b, 0xce9b, 0xce9b, 0xce9b, 0xce9b, 0xce9b, 0xce9b, 0xce9b, 0xce9b, 0xce9b, 0xce9b, 0xce9b, 0xce9b, 0xce9b, 0xce9b, 0xce9b, 0xce9b, 0xce9b, 0xce9b, 0xce9b, 0xce9b, 0xce9b, 0xce9b, 0xce9b, 0xce9b, 0xce9b, 0xce9b, 0xce9b, 0xce9b, 0xce9b, 0xce9b, 0xcebb, 0xcebb, 0xcebb, 0xce9b, 0xcebb, 0xcebb, 0xce9b, 0xce9b, 0xce9b, 0xce9b, 0xce9b, 0xce9b, 0xce9b, 0xce9b, 0xce9b, 0xce9b, 0xce9b, 0xce9b, 0xce9b, 0xce9b, 0xce9b, 0xce9b, 0xce9b, 0xce9b, 0xce9b, 0xce9b, 0xce9b, 0xce9b, 0xce9b, 0xce9b, 0xce9b, 0xce9b, 0xce9b, 0xce9b, 0xce9b, 0xce9b, 0xce9b, 0xce9b, 0xce9b, 0xce9b, 0xce9b, 0xce9b, 0xce9b, 0xce9b, 0xce9b, 0xce9b, 0xce9b, 0xce9b, 0xce9b, 0xce9b, 0xce9b, 0xce9b, 0xce9b, 0xce9b, 0xce9b, 0xce9b, 0xce9b, 0xce9b, 0xce9b, 0xce9b, 0xce9b, 0xce9b, 0xce9b, 0xce9b, 0xce9b, 0xce9b, 0xce9b, 0xce9b, 0xce9b, 0xce9b, 0xce9b, 0xce9b, 0xce9b, 0xce9b, 0xce9b, 0xce9b, 0xce9b, 0xce9b, 0xce9b, 0xce9b, 0xce9b, 0xce9b, 0xce9b, 0xce9b, 0xce9b, 0xce9b, 0xce9b, 0xce9b, 0xce9b, 0xce9b, 0xce9b, 0xce9b, 0xce9b, 0xce9b, 0xce9b, 0xce9b, 0xce9b, 0xce9b, 0xce9b, 0xce9b, 0xce9b, 0xce9b, 0xce9b, 0xce9b, 0xce9b, 0xce9b, 0xce9b, 0xce9b, 0xce9b, 0xce9b, 0xce9b, 0xce9b, 0xce9b, 0xce9b, 0xce9b, 0xce9b, 0xce9b, 0xce9b, 0xce9b, 0xce9b, 0xce9b, 0xce9b, 0xce9b, 0xce9b, 0xce9b, 0xce9b, 0xce9b, 0xce9b, 0xce9b, 0xce9b, 0xce9b, 0xce9b, 0xce9b, 0xce9b, 0xce9b, 0xce9b, 0xce9b, 0xce9b, 0xce9b, 0xce9b, 0xce9b, 0xce9b, 0xce9b, 0xce9b, 0xce9b, 0xce9b, 0xce9b, 0xce9b, 0xce9b, 0xce9b, 0xce9b, 0xce9b, 0xce9b, 0xce9b, 0xce9b, 0xce9b, 0xce9b, 0xce9b, 0xce9b, 0xce9b, 0xce9b, 0xce9b, 0xc639, 0xc639, 0xc639, 0xbe39, 0xbe39, 0xbe39, 0xbe39, 0xbe39, 0xbe39, 0xbe39, 0xbe39, 0xbe19, 0xbe19, 0xbdf8, 0xb5d8, 0xb5b7, 0xad76, 0xa556, 0xef7d, 0xef9d, 0xe75c, 
  0x94d3, 0x94d4, 0x94f4, 0x94f4, 0x94f4, 0x9cf5, 0x9d15, 0x9d35, 0xad76, 0xb5d8, 0xbe19, 0xbe39, 0xc639, 0xc65a, 0xc65a, 0xc65a, 0xc65a, 0xc65a, 0xc67a, 0xc67a, 0xc67a, 0xc67a, 0xc67a, 0xc67a, 0xc67a, 0xce9a, 0xce9a, 0xce9b, 0xce9b, 0xce9b, 0xce9b, 0xce9b, 0xce9b, 0xce9b, 0xce9b, 0xce9b, 0xce9b, 0xce9b, 0xce9b, 0xce9b, 0xce9b, 0xce9b, 0xce9b, 0xce9b, 0xce9b, 0xce9b, 0xce9b, 0xce9b, 0xce9b, 0xce9b, 0xce9b, 0xcebb, 0xce9b, 0xce9b, 0xce9b, 0xce9b, 0xce9b, 0xce9b, 0xce9b, 0xcebb, 0xcebb, 0xcebb, 0xce9b, 0xce9b, 0xce9b, 0xce9b, 0xce9b, 0xce9b, 0xce9b, 0xce9b, 0xce9b, 0xce9b, 0xce9b, 0xce9b, 0xce9b, 0xce9b, 0xce9b, 0xce9b, 0xce9b, 0xce9b, 0xce9b, 0xce9b, 0xce9b, 0xce9b, 0xce9b, 0xce9b, 0xce9b, 0xce9b, 0xce9b, 0xce9b, 0xce9b, 0xce9b, 0xce9b, 0xce9b, 0xce9b, 0xce9b, 0xce9b, 0xce9b, 0xce9b, 0xce9b, 0xce9b, 0xce9b, 0xce9b, 0xce9b, 0xce9b, 0xce9b, 0xce9b, 0xce9b, 0xce9b, 0xce9b, 0xce9b, 0xce9b, 0xce9b, 0xce9b, 0xce9b, 0xce9b, 0xce9b, 0xce9b, 0xce9b, 0xce9b, 0xce9b, 0xce9b, 0xce9b, 0xce9b, 0xce9b, 0xce9b, 0xce9b, 0xce9b, 0xce9b, 0xce9b, 0xce9b, 0xce9b, 0xce9b, 0xce9b, 0xce9b, 0xce9b, 0xce9b, 0xce9b, 0xce9b, 0xce9b, 0xce9b, 0xce9b, 0xce9b, 0xce9b, 0xce9b, 0xce9b, 0xce9b, 0xce9b, 0xce9b, 0xce9b, 0xce9b, 0xce9b, 0xce9b, 0xce9b, 0xce9b, 0xce9b, 0xce9b, 0xce9b, 0xce9b, 0xce9b, 0xce9b, 0xce9b, 0xce9b, 0xce9b, 0xce9b, 0xce9b, 0xce9b, 0xce9b, 0xce9b, 0xce9b, 0xce9b, 0xce9b, 0xce9b, 0xce9b, 0xce9b, 0xce9b, 0xce9b, 0xce9b, 0xce9b, 0xce9b, 0xce9b, 0xce9b, 0xce9b, 0xce9b, 0xce9b, 0xce9b, 0xce9b, 0xce9b, 0xce9b, 0xce9b, 0xce9b, 0xce9b, 0xce9b, 0xce9b, 0xce9b, 0xce9b, 0xce9b, 0xce9b, 0xce9b, 0xce9b, 0xce9b, 0xce9b, 0xce9b, 0xce9b, 0xce9b, 0xce9b, 0xce9b, 0xce9b, 0xce9b, 0xce9b, 0xce9b, 0xce9b, 0xce9b, 0xce9b, 0xce9b, 0xce9b, 0xce9b, 0xce9b, 0xc639, 0xc639, 0xc639, 0xc639, 0xc639, 0xbe39, 0xbe39, 0xbe39, 0xbe39, 0xbe39, 0xbe19, 0xbe19, 0xbe19, 0xbe19, 0xb5f8, 0xb5d8, 0xad97, 0xa556, 0xb5d7, 0xf79d, 0xef9d, 0xef7c, 
  0x9cf3, 0x9493, 0x94d4, 0x94d4, 0x94f4, 0x9cf5, 0x9cf5, 0x9d15, 0xa556, 0xb5b7, 0xbdf8, 0xbe39, 0xbe39, 0xc639, 0xc639, 0xc65a, 0xc65a, 0xc65a, 0xc67a, 0xc67a, 0xc67a, 0xc67a, 0xc67a, 0xc67a, 0xc67a, 0xc67a, 0xce7a, 0xce9a, 0xce7a, 0xce9b, 0xce9b, 0xce9b, 0xce9b, 0xce9b, 0xce9b, 0xce9b, 0xce9b, 0xce9b, 0xce9b, 0xce9b, 0xce9b, 0xce9b, 0xce9b, 0xce9b, 0xce9b, 0xce9b, 0xce9b, 0xce9b, 0xce9b, 0xce9b, 0xce9b, 0xce9b, 0xce9b, 0xce9b, 0xce9b, 0xce9b, 0xce9b, 0xce9b, 0xce9b, 0xce9b, 0xce9b, 0xce9b, 0xce9b, 0xce9b, 0xce9b, 0xce9b, 0xce9b, 0xce9b, 0xce9b, 0xce9b, 0xce9b, 0xce9b, 0xce9b, 0xce9b, 0xce9b, 0xce9b, 0xce9b, 0xce9b, 0xce9b, 0xce9b, 0xce9b, 0xce9b, 0xce9b, 0xce9b, 0xce9b, 0xce9b, 0xce9b, 0xce9b, 0xce9b, 0xce9b, 0xce9b, 0xce9b, 0xce9b, 0xce9b, 0xce9b, 0xce9b, 0xce9b, 0xce9b, 0xce9b, 0xce9b, 0xce9b, 0xce9b, 0xce9b, 0xce9b, 0xce9b, 0xce9b, 0xce9b, 0xce9b, 0xce9b, 0xce9b, 0xce9b, 0xce9b, 0xce9b, 0xce9b, 0xce9b, 0xce9b, 0xce9b, 0xce9b, 0xce9b, 0xce9b, 0xce9b, 0xce9b, 0xce9b, 0xce9b, 0xce9b, 0xce9b, 0xce9b, 0xce9b, 0xce9b, 0xce9b, 0xce9b, 0xce9b, 0xce9b, 0xce9b, 0xce9b, 0xce9b, 0xce9b, 0xce9b, 0xce9b, 0xce9b, 0xce9b, 0xce9b, 0xce9b, 0xce9b, 0xce9b, 0xce9b, 0xce9b, 0xce9b, 0xce9b, 0xce9b, 0xce9b, 0xce9b, 0xce9b, 0xce9b, 0xce9b, 0xce9b, 0xce9b, 0xce9b, 0xce9b, 0xce9b, 0xce9b, 0xce9b, 0xce9b, 0xce9b, 0xce9b, 0xce9b, 0xce9b, 0xce9b, 0xce9b, 0xce9b, 0xce9b, 0xce9b, 0xce9b, 0xce9b, 0xce9b, 0xce9b, 0xce9b, 0xce9b, 0xce9b, 0xce9b, 0xce9b, 0xce9b, 0xce9b, 0xce9b, 0xce9b, 0xce9b, 0xce9b, 0xce9b, 0xce9b, 0xce9b, 0xce9b, 0xce9b, 0xce9b, 0xce9b, 0xce9b, 0xce9b, 0xce9b, 0xce9b, 0xce9b, 0xce9b, 0xce9b, 0xce9b, 0xce9b, 0xce9b, 0xce9b, 0xce9b, 0xce9b, 0xce9b, 0xce9b, 0xce9b, 0xce9b, 0xce9b, 0xce9b, 0xce9b, 0xce9b, 0xce9b, 0xce9b, 0xc639, 0xc639, 0xc639, 0xc639, 0xc639, 0xc639, 0xbe39, 0xb5d8, 0xbe39, 0xbe39, 0xbe19, 0xbe19, 0xbe19, 0xbe19, 0xbe19, 0xb5f8, 0xb5d8, 0xad97, 0xa556, 0xce9a, 0xf7be, 0xef9d, 0xef7d, 
  0xa534, 0x8c72, 0x94d4, 0x94d4, 0x94d4, 0x9cf5, 0x9cf5, 0x9d15, 0xa556, 0xad97, 0xb5d8, 0xbe18, 0xc659, 0xbdf8, 0x94b3, 0x7bd0, 0xc63a, 0xc65a, 0xc67a, 0xc67a, 0xc65a, 0xc67a, 0xc67a, 0xc67a, 0xce7a, 0xce7a, 0xce9a, 0xce9b, 0xce9b, 0xce7b, 0xce9b, 0xce9b, 0xce9b, 0xce9b, 0xce9b, 0xce9b, 0xce9b, 0xce9b, 0xce9b, 0xce9b, 0xce9b, 0xce9a, 0xce9a, 0xce9b, 0xce9b, 0xce9b, 0xce9b, 0xce9b, 0xce9b, 0xce9b, 0xce9b, 0xce9b, 0xce9b, 0xce9b, 0xce9b, 0xce9b, 0xce9b, 0xce9b, 0xce9b, 0xce9b, 0xce9b, 0xce9b, 0xce9b, 0xce9b, 0xce9b, 0xce9b, 0xce9b, 0xce9b, 0xce9b, 0xce9b, 0xce9b, 0xce9b, 0xce9b, 0xce9b, 0xce9b, 0xce9b, 0xce9b, 0xce9b, 0xce9b, 0xce9b, 0xce9b, 0xce9b, 0xce9b, 0xce9b, 0xce9b, 0xce9b, 0xce9b, 0xce9b, 0xce9b, 0xce9b, 0xce9b, 0xce9b, 0xce9b, 0xce9b, 0xce9b, 0xce9b, 0xce9b, 0xce9b, 0xce9b, 0xce9b, 0xce9b, 0xce9b, 0xce9b, 0xce9b, 0xce9b, 0xce9b, 0xce9b, 0xce9b, 0xce9b, 0xce9b, 0xce9b, 0xce9b, 0xce9b, 0xce9b, 0xce9b, 0xce9b, 0xce9b, 0xce9b, 0xce9b, 0xce9b, 0xce9b, 0xce9b, 0xce9b, 0xce9b, 0xce9b, 0xce9b, 0xce9b, 0xce9b, 0xce9b, 0xce9b, 0xce9b, 0xce9b, 0xce9b, 0xce9b, 0xce9b, 0xce9b, 0xce9b, 0xce9b, 0xce9b, 0xce9b, 0xce9b, 0xce9b, 0xce9b, 0xce9b, 0xce9b, 0xce9b, 0xce9b, 0xce9b, 0xce9b, 0xce9b, 0xce9b, 0xce9b, 0xce9b, 0xce9b, 0xce9b, 0xce9b, 0xce9b, 0xce9b, 0xce9b, 0xce9b, 0xce9b, 0xce9b, 0xce9b, 0xce9b, 0xce9b, 0xce9b, 0xce9b, 0xce9b, 0xce9b, 0xce9b, 0xce9b, 0xce9b, 0xce9b, 0xce9b, 0xce9b, 0xce9b, 0xce9b, 0xce9b, 0xce9b, 0xce9b, 0xce9b, 0xce9b, 0xce9b, 0xce9b, 0xce9b, 0xce9b, 0xce9b, 0xce9b, 0xce9b, 0xce9b, 0xce9b, 0xce9b, 0xce9b, 0xce9b, 0xce9b, 0xce9b, 0xce9b, 0xce9b, 0xce9b, 0xce9b, 0xce9b, 0xce9b, 0xce9b, 0xce9b, 0xce9b, 0xce9b, 0xce9b, 0xce9b, 0xce9b, 0xce9b, 0xce9b, 0xce9b, 0xce9b, 0xce9b, 0xce9b, 0xc639, 0xc639, 0xc639, 0xc639, 0xc639, 0xc639, 0xc639, 0xc639, 0xb5b7, 0x39c9, 0x31c9, 0x632e, 0x9d15, 0xbdf8, 0xbe19, 0xbe18, 0xbdf8, 0xb5f8, 0xb5b8, 0xad77, 0xa556, 0xe73c, 0xf7be, 0xef9d, 0xef9d, 
  0xa514, 0x9492, 0x94d4, 0x94d4, 0x94d4, 0x94f4, 0x9cf4, 0x9cf5, 0x9d35, 0xad97, 0xad76, 0x8431, 0x528b, 0x2146, 0x18e5, 0x2946, 0xad77, 0xc65a, 0xc67a, 0xc67a, 0xc67a, 0xc67a, 0xc67a, 0xce7a, 0xce7a, 0xce7a, 0xce7a, 0xce7a, 0xce7b, 0xce9b, 0xce9b, 0xce9b, 0xce9b, 0xce9b, 0xce9b, 0xce9b, 0xce9b, 0xce9b, 0xce9b, 0xce9b, 0xce9b, 0xce9b, 0xce9a, 0xce9a, 0xce9a, 0xce9a, 0xce9b, 0xce9b, 0xce9b, 0xce9b, 0xce9b, 0xce9b, 0xce9b, 0xce9b, 0xce9b, 0xce9b, 0xce9b, 0xce9b, 0xce9b, 0xce9b, 0xce9b, 0xce9b, 0xce9b, 0xce9b, 0xce9b, 0xce9b, 0xce9b, 0xce9b, 0xce9b, 0xce9b, 0xce9b, 0xce9b, 0xce9b, 0xce9b, 0xce9b, 0xce9b, 0xce9b, 0xce9b, 0xce9b, 0xce9b, 0xce9b, 0xce9b, 0xce9b, 0xce9b, 0xce9b, 0xce9b, 0xce9b, 0xce9b, 0xce9b, 0xce9b, 0xce9b, 0xce9b, 0xce9b, 0xce9b, 0xce9b, 0xce9b, 0xce9b, 0xce9b, 0xce9b, 0xce9b, 0xce9b, 0xce9b, 0xce9b, 0xce9b, 0xce9b, 0xce9b, 0xce9b, 0xce9b, 0xce9b, 0xce9b, 0xce9b, 0xce9b, 0xce9b, 0xce9b, 0xce9b, 0xce9b, 0xce9b, 0xce9b, 0xce9b, 0xce9b, 0xce9b, 0xce9b, 0xce9b, 0xce9b, 0xce9b, 0xce9b, 0xce9b, 0xce9b, 0xce9b, 0xce9b, 0xce9b, 0xce9b, 0xce9b, 0xce9b, 0xce9b, 0xce9b, 0xce9b, 0xce9b, 0xce9b, 0xce9b, 0xce9b, 0xce9b, 0xce9b, 0xce9b, 0xce9b, 0xce9b, 0xce9b, 0xce9b, 0xce9b, 0xce9b, 0xce9b, 0xce9b, 0xce9b, 0xce9b, 0xce9b, 0xce9b, 0xce9b, 0xce9b, 0xce9b, 0xce9b, 0xce9b, 0xce9b, 0xce9b, 0xce9b, 0xce9b, 0xce9b, 0xce9b, 0xce9b, 0xce9b, 0xce9b, 0xce9b, 0xce9b, 0xce9b, 0xce9b, 0xce9b, 0xce9b, 0xce9b, 0xce9b, 0xce9b, 0xce9b, 0xce9b, 0xce9b, 0xce9b, 0xce9b, 0xce9b, 0xce9b, 0xce9b, 0xce9b, 0xce9b, 0xce9b, 0xce9b, 0xce9b, 0xce9b, 0xce9b, 0xce9b, 0xce9b, 0xce9b, 0xce9b, 0xce9b, 0xce9b, 0xce9b, 0xce9b, 0xce9b, 0xce9b, 0xce9b, 0xce9b, 0xce9b, 0xce9b, 0xce9b, 0xce9b, 0xce9b, 0xce9b, 0xce9b, 0xc65a, 0xc65a, 0xc65a, 0xc65a, 0xc65a, 0xc65a, 0xc659, 0xc639, 0xc639, 0xc639, 0x9493, 0x1926, 0x08a4, 0x0043, 0x0043, 0x1906, 0x528c, 0x8c93, 0xb5d8, 0xb5d8, 0xb5b7, 0xad76, 0xad96, 0xef9d, 0xf7bd, 0xef9d, 0xef9d, 
  0x9cf3, 0x9cd3, 0x94b4, 0x94d4, 0x94d4, 0x94d4, 0x94f4, 0x9cf4, 0x6b6f, 0x3187, 0x0862, 0x0863, 0x18c4, 0x10a4, 0x10a4, 0x18c4, 0x7bd1, 0xc67a, 0xc67a, 0xc67a, 0xc67a, 0xc67a, 0xce7a, 0xce7a, 0xce7a, 0xce7a, 0xce7a, 0xce7a, 0xce9b, 0xce9b, 0xce9b, 0xce9b, 0xce9b, 0xce9b, 0xce9b, 0xce9b, 0xce9b, 0xce9b, 0xce9b, 0xce9b, 0xce9b, 0xce9b, 0xce9a, 0xce9a, 0xce9a, 0xce9a, 0xce9b, 0xce9b, 0xce9b, 0xce9b, 0xce9b, 0xce9b, 0xce9b, 0xce9b, 0xce9b, 0xce9b, 0xce9b, 0xce9b, 0xce9b, 0xce9b, 0xce9b, 0xce9b, 0xce9b, 0xce9b, 0xce9b, 0xce9b, 0xce9b, 0xce9b, 0xce9b, 0xce9b, 0xce9b, 0xce9b, 0xce9b, 0xce9b, 0xce9b, 0xce9b, 0xce9b, 0xce9b, 0xce9b, 0xce9b, 0xce9b, 0xce9b, 0xce9b, 0xce9b, 0xce9b, 0xce9b, 0xce9b, 0xce9b, 0xce9b, 0xce9b, 0xce9b, 0xce9b, 0xce9b, 0xce9b, 0xce9b, 0xce9b, 0xce9b, 0xce9b, 0xce9b, 0xce9b, 0xce9b, 0xce9b, 0xce9b, 0xce9b, 0xce9b, 0xce9b, 0xce9b, 0xce9b, 0xce9b, 0xce9b, 0xce9b, 0xce9b, 0xce9b, 0xce9b, 0xce9b, 0xce9b, 0xce9b, 0xce9b, 0xce9b, 0xce9b, 0xce9b, 0xce9b, 0xce9b, 0xce9b, 0xce9b, 0xce9b, 0xce9b, 0xce9b, 0xce9b, 0xce9b, 0xce9b, 0xce9b, 0xce9b, 0xce9b, 0xce9b, 0xce9b, 0xce9b, 0xce9b, 0xce9b, 0xce9b, 0xce9b, 0xce9b, 0xce9b, 0xce9b, 0xce9b, 0xce9b, 0xce9b, 0xce9b, 0xce9b, 0xce9b, 0xce9b, 0xce9b, 0xce9b, 0xce9b, 0xce9b, 0xce9b, 0xce9b, 0xce9b, 0xce9b, 0xce9b, 0xce9b, 0xce9b, 0xce9b, 0xce9b, 0xce9b, 0xce9b, 0xce9b, 0xce9b, 0xce9b, 0xce9b, 0xce9b, 0xce9b, 0xce9b, 0xce9b, 0xce9b, 0xce9b, 0xce9b, 0xce9b, 0xce9b, 0xce9b, 0xce9b, 0xce9b, 0xce9b, 0xce9b, 0xce9b, 0xce9b, 0xce9b, 0xce9b, 0xce9b, 0xce9b, 0xce9b, 0xce9b, 0xce9b, 0xce9b, 0xce9b, 0xce9b, 0xce9b, 0xce9b, 0xce9b, 0xce9b, 0xce9b, 0xce9b, 0xce9b, 0xce9b, 0xce9b, 0xce9b, 0xce9b, 0xce9b, 0xce9b, 0xce9b, 0xce9b, 0xce9b, 0xc65a, 0xc65a, 0xc65a, 0xc65a, 0xc63a, 0xc65a, 0xc65a, 0xc659, 0xc639, 0xc639, 0xc639, 0x632e, 0x1105, 0x0884, 0x0023, 0x0002, 0x0022, 0x0001, 0x0021, 0x2967, 0xb5b7, 0xad97, 0xad76, 0xbe18, 0xf7be, 0xf7bd, 0xf79d, 0xef7d, 
  0x9cf3, 0x9d13, 0x8c72, 0x94d4, 0x94d4, 0x94d4, 0x94f4, 0x94d4, 0x39c7, 0x0000, 0x0000, 0x0022, 0x0883, 0x10a4, 0x10a4, 0x2125, 0x6b90, 0xc65a, 0xc67a, 0xc67a, 0xc67a, 0xce7a, 0xce7a, 0xce7a, 0xce7a, 0xce7a, 0xce7a, 0xce7a, 0xce7a, 0xce7a, 0xce9b, 0xce9a, 0xce9b, 0xce9b, 0xce9b, 0xce9b, 0xce9b, 0xce9b, 0xce9b, 0xce9b, 0xce9b, 0xce9b, 0xce9b, 0xce9b, 0xce9b, 0xce9b, 0xce9b, 0xce9b, 0xce9b, 0xce9b, 0xce9b, 0xce9b, 0xce9b, 0xce9b, 0xce9b, 0xce9b, 0xce9b, 0xce9b, 0xce9b, 0xce9b, 0xce9b, 0xcebb, 0xce9b, 0xce9b, 0xce9b, 0xce9b, 0xce9b, 0xce9b, 0xce9b, 0xce9b, 0xce9b, 0xce9b, 0xce9b, 0xce9b, 0xce9b, 0xce9b, 0xce9b, 0xce9b, 0xce9b, 0xce9b, 0xce9b, 0xce9b, 0xce9b, 0xce9b, 0xce9b, 0xce9b, 0xce9b, 0xce9b, 0xce9b, 0xce9b, 0xce9b, 0xce9b, 0xce9b, 0xce9b, 0xce9b, 0xce9b, 0xce9b, 0xce9b, 0xce9b, 0xce9b, 0xce9b, 0xce9b, 0xce9b, 0xce9b, 0xce9b, 0xce9b, 0xce9b, 0xce9b, 0xce9b, 0xce9b, 0xce9b, 0xce9b, 0xce9b, 0xce9b, 0xce9b, 0xce9b, 0xce9b, 0xce9b, 0xce9b, 0xce9b, 0xce9b, 0xce9b, 0xce9b, 0xce9b, 0xce9b, 0xce9b, 0xce9b, 0xce9b, 0xce9b, 0xce9b, 0xce9b, 0xce9b, 0xce9b, 0xce9b, 0xce9b, 0xce9b, 0xce9b, 0xce9b, 0xce9b, 0xce9b, 0xce9b, 0xce9b, 0xce9b, 0xce9b, 0xce9b, 0xce9b, 0xce9b, 0xce9b, 0xce9b, 0xce9b, 0xce9b, 0xce9b, 0xce9b, 0xce9b, 0xce9b, 0xce9b, 0xce9b, 0xce9b, 0xce9b, 0xce9b, 0xce9b, 0xce9b, 0xce9b, 0xce9b, 0xce9b, 0xce9b, 0xce9b, 0xce9b, 0xce9b, 0xce9b, 0xce9b, 0xce9b, 0xce9b, 0xce9b, 0xce9b, 0xce9b, 0xce9b, 0xce9b, 0xce9b, 0xce9b, 0xce9b, 0xce9b, 0xce9b, 0xce9b, 0xce9b, 0xce9b, 0xce9b, 0xce9b, 0xce9b, 0xce9b, 0xce9b, 0xce9b, 0xce9b, 0xce9b, 0xce9b, 0xce9b, 0xce9b, 0xce9b, 0xce9b, 0xce9b, 0xce9b, 0xce9b, 0xce9b, 0xce9b, 0xce9b, 0xce9b, 0xce9b, 0xce9b, 0xce9b, 0xce9b, 0xc65a, 0xc65a, 0xc65a, 0xc65a, 0xc65a, 0xc659, 0xc65a, 0xc65a, 0xc65a, 0xc65a, 0xc659, 0xc639, 0xbe39, 0xad97, 0x7c11, 0x3a29, 0x10c4, 0x0043, 0x0043, 0x0022, 0x0042, 0x52ec, 0xb5d8, 0xad97, 0xa556, 0xd6db, 0xf7bd, 0xf7bd, 0xf7bd, 0xef7d, 
  0x9cf3, 0xa514, 0x8c72, 0x94d4, 0x94d4, 0x94d4, 0x94f4, 0x94f4, 0x6b6e, 0x0000, 0x0000, 0x0021, 0x18e4, 0x52ab, 0x94d4, 0xbe39, 0xc67a, 0xc65a, 0xc65a, 0xc65a, 0xc67a, 0xc67a, 0xce7a, 0xc67a, 0xce7a, 0xce7a, 0xce7a, 0xce7a, 0xce7a, 0xce9b, 0xce9b, 0xce9b, 0xce9b, 0xce9b, 0xce9b, 0xce9b, 0xce9b, 0xce9b, 0xce9b, 0xce9b, 0xce9b, 0xce9b, 0xce9b, 0xce9b, 0xce9b, 0xce9b, 0xce9b, 0xce9b, 0xce9b, 0xce9b, 0xce9b, 0xce9b, 0xce9b, 0xce9b, 0xce9b, 0xce9b, 0xce9b, 0xce9b, 0xce9b, 0xce9b, 0xce9b, 0xce9b, 0xce9b, 0xce9b, 0xce9b, 0xce9b, 0xce9b, 0xce9b, 0xce9b, 0xce9b, 0xce9b, 0xce9b, 0xce9b, 0xce9b, 0xce9b, 0xce9b, 0xce9b, 0xce9b, 0xce9b, 0xce9b, 0xce9b, 0xce9b, 0xce9b, 0xce9b, 0xce9b, 0xce9b, 0xce9b, 0xce9b, 0xce9b, 0xce9b, 0xce9b, 0xce9b, 0xce9b, 0xce9b, 0xce9b, 0xce9b, 0xce9b, 0xce9b, 0xce9b, 0xce9b, 0xce9b, 0xce9b, 0xce9b, 0xce9b, 0xce9b, 0xce9b, 0xce9b, 0xce9b, 0xce9b, 0xce9b, 0xce9b, 0xce9b, 0xce9b, 0xce9b, 0xce9b, 0xce9b, 0xce9b, 0xce9b, 0xce9b, 0xce9b, 0xce9b, 0xce9b, 0xce9b, 0xce9b, 0xce9b, 0xce9b, 0xce9b, 0xce9b, 0xce9b, 0xce9b, 0xce9b, 0xce9b, 0xce9b, 0xce9b, 0xce9b, 0xce9b, 0xce9b, 0xce9b, 0xce9b, 0xce9b, 0xce9b, 0xce9b, 0xce9b, 0xce9b, 0xce9b, 0xce9b, 0xce9b, 0xce9b, 0xce9b, 0xce9b, 0xce9b, 0xce9b, 0xce9b, 0xce9b, 0xce9b, 0xce9b, 0xce9b, 0xce9b, 0xce9b, 0xce9b, 0xce9b, 0xce9b, 0xce9b, 0xce9b, 0xce9b, 0xce9b, 0xce9b, 0xce9b, 0xce9b, 0xce9b, 0xce9b, 0xce9b, 0xce9b, 0xce9b, 0xce9b, 0xce9b, 0xce9b, 0xce9b, 0xce9b, 0xce9b, 0xce9b, 0xce9b, 0xce9b, 0xce9b, 0xce9b, 0xce9b, 0xce9b, 0xce9b, 0xce9b, 0xce9b, 0xce9b, 0xce9b, 0xce9b, 0xce9b, 0xce9b, 0xce9b, 0xce9b, 0xce9b, 0xce9b, 0xce9b, 0xce9b, 0xce9b, 0xce9b, 0xce9b, 0xce9b, 0xce9b, 0xce9b, 0xce9b, 0xc65a, 0xc65a, 0xc65a, 0xc65a, 0xc65a, 0xc65a, 0xc65a, 0xc659, 0xc65a, 0xc65a, 0xc65a, 0xc65a, 0xc659, 0xbe39, 0xc639, 0xc639, 0xbe39, 0xc639, 0xadb7, 0x7c11, 0x3a2a, 0x10e5, 0x00a4, 0x8cb3, 0xb5b7, 0xad97, 0xad76, 0xef7c, 0xf7bd, 0xf7be, 0xf7bd, 0xef7d, 
  0x9cf3, 0x9cf3, 0x9493, 0x94b4, 0x94d4, 0x94f4, 0x94f4, 0x94f4, 0x8c93, 0x2104, 0x4229, 0x8472, 0xb5d7, 0xbe39, 0xbe39, 0xc659, 0xc65a, 0xc65a, 0xc65a, 0xc67a, 0xc67a, 0xc67a, 0xc67a, 0xc67a, 0xce7a, 0xce7a, 0xce7a, 0xce7a, 0xce9a, 0xce9a, 0xce9b, 0xce9b, 0xce9b, 0xce9b, 0xce9b, 0xce9b, 0xce9b, 0xce9b, 0xce9b, 0xce9b, 0xce9b, 0xce9b, 0xce9b, 0xce9b, 0xce9b, 0xce9b, 0xce9b, 0xce9b, 0xce9b, 0xce9b, 0xce9b, 0xce9b, 0xce9b, 0xce9b, 0xce9b, 0xce9b, 0xce9b, 0xcebb, 0xcebb, 0xcebb, 0xcebb, 0xcebb, 0xce9b, 0xce9b, 0xce9b, 0xce9b, 0xce9b, 0xce9b, 0xce9b, 0xce9b, 0xce9b, 0xce9b, 0xce9b, 0xce9b, 0xce9b, 0xce9b, 0xce9b, 0xce9b, 0xce9b, 0xce9b, 0xce9b, 0xce9b, 0xce9b, 0xce9b, 0xce9b, 0xce9b, 0xce9b, 0xce9b, 0xce9b, 0xce9b, 0xce9b, 0xce9b, 0xce9b, 0xce9b, 0xce9b, 0xce9b, 0xce9b, 0xce9b, 0xce9b, 0xce9b, 0xce9b, 0xce9b, 0xce9b, 0xce9b, 0xce9b, 0xce9b, 0xce9b, 0xce9b, 0xce9b, 0xce9b, 0xce9b, 0xce9b, 0xce9b, 0xce9b, 0xce9b, 0xce9b, 0xce9b, 0xce9b, 0xce9b, 0xce9b, 0xce9b, 0xce9b, 0xce9b, 0xce9b, 0xce9b, 0xce9b, 0xce9b, 0xce9b, 0xce9b, 0xce9b, 0xce9b, 0xce9b, 0xce9b, 0xce9b, 0xce9b, 0xce9b, 0xce9b, 0xce9b, 0xce9b, 0xce9b, 0xce9b, 0xce9b, 0xce9b, 0xce9b, 0xce9b, 0xce9b, 0xce9b, 0xce9b, 0xce9b, 0xce9b, 0xce9b, 0xce9b, 0xce9b, 0xce9b, 0xce9b, 0xce9b, 0xce9b, 0xce9b, 0xce9b, 0xce9b, 0xce9b, 0xce9b, 0xce9b, 0xce9b, 0xce9b, 0xce9b, 0xce9b, 0xce9b, 0xce9b, 0xce9b, 0xce9b, 0xce9b, 0xce9b, 0xce9b, 0xce9b, 0xce9b, 0xce9b, 0xce9b, 0xce9b, 0xce9b, 0xce9b, 0xce9b, 0xce9b, 0xce9b, 0xce9b, 0xce9b, 0xce9b, 0xce9b, 0xce9b, 0xce9b, 0xce9b, 0xce9b, 0xce9b, 0xce9b, 0xce9b, 0xce9b, 0xce9b, 0xce9b, 0xce9b, 0xce9b, 0xce9b, 0xce9b, 0xce9b, 0xce9b, 0xce9b, 0xce9b, 0xc65a, 0xc65a, 0xc65a, 0xc65a, 0xc65a, 0xc65a, 0xc65a, 0xc65a, 0xc65a, 0xc639, 0xc659, 0xc65a, 0xc65a, 0xc65a, 0xc639, 0xc639, 0xc639, 0xc639, 0xc639, 0xbe39, 0xbe19, 0xbe19, 0xbe19, 0xadb7, 0x8cb3, 0xb5b7, 0xb5b7, 0xad96, 0xbdd7, 0xf7be, 0xf7be, 0xf7be, 0xf79d, 0xef7d, 
  0x9cf3, 0x9cf3, 0x9cf3, 0x8c72, 0x94d4, 0x94d4, 0x94d4, 0x94f4, 0x94f4, 0x9d15, 0xa556, 0xad97, 0xb5f8, 0xbe19, 0xbe39, 0xc659, 0xc65a, 0xc65a, 0xc65a, 0xc65a, 0xc67a, 0xc67a, 0xc67a, 0xc67a, 0xce7a, 0xce7a, 0xce7a, 0xce7a, 0xce7a, 0xce9b, 0xce9b, 0xce9b, 0xce9b, 0xce9b, 0xce9b, 0xce9b, 0xce9b, 0xce9b, 0xce9b, 0xce9b, 0xce9b, 0xce9b, 0xce9b, 0xce9b, 0xce9b, 0xce9b, 0xce9b, 0xce9b, 0xce9b, 0xce9b, 0xce9b, 0xce9b, 0xcebb, 0xcebb, 0xce9b, 0xce9b, 0xce9b, 0xce9b, 0xce9b, 0xce9b, 0xce9b, 0xce9b, 0xcebb, 0xcebb, 0xce9b, 0xce9b, 0xce9b, 0xce9b, 0xce9b, 0xce9b, 0xce9b, 0xce9b, 0xce9b, 0xce9b, 0xce9b, 0xce9b, 0xce9b, 0xce9b, 0xce9b, 0xce9b, 0xce9b, 0xce9b, 0xce9b, 0xce9b, 0xce9b, 0xce9b, 0xce9b, 0xce9b, 0xce9b, 0xce9b, 0xce9b, 0xce9b, 0xce9b, 0xce9b, 0xce9b, 0xce9b, 0xce9b, 0xce9b, 0xce9b, 0xce9b, 0xce9b, 0xce9b, 0xce9b, 0xce9b, 0xce9b, 0xce9b, 0xce9b, 0xce9b, 0xce9b, 0xce9b, 0xce9b, 0xce9b, 0xce9b, 0xce9b, 0xce9b, 0xce9b, 0xce9b, 0xce9b, 0xce9b, 0xce9b, 0xce9b, 0xce9b, 0xce9b, 0xce9b, 0xce9b, 0xce9b, 0xce9b, 0xce9b, 0xce9b, 0xce9b, 0xce9b, 0xce9b, 0xce9b, 0xce9b, 0xce9b, 0xce9b, 0xce9b, 0xce9b, 0xce9b, 0xce9b, 0xce9b, 0xce9b, 0xce9b, 0xce9b, 0xce9b, 0xce9b, 0xce9b, 0xce9b, 0xce9b, 0xce9b, 0xce9b, 0xce9b, 0xce9b, 0xce9b, 0xce9b, 0xce9b, 0xce9b, 0xce9b, 0xce9b, 0xce9b, 0xce9b, 0xce9b, 0xce9b, 0xce9b, 0xce9b, 0xce9b, 0xce9b, 0xce9b, 0xce9b, 0xce9b, 0xce9b, 0xce9b, 0xce9b, 0xce9b, 0xce9b, 0xce9b, 0xce9b, 0xce9b, 0xce9b, 0xce9b, 0xce9b, 0xce9b, 0xce9b, 0xce9b, 0xce9b, 0xce9b, 0xce9b, 0xce9b, 0xce9b, 0xce9b, 0xce9b, 0xce9b, 0xce9b, 0xce9b, 0xce9b, 0xce9b, 0xce9b, 0xce9b, 0xce9b, 0xce9b, 0xce9b, 0xce9b, 0xc65a, 0xc65a, 0xc65a, 0xc65a, 0xc65a, 0xc65a, 0xc65a, 0xc65a, 0xc65a, 0xc65a, 0xc65a, 0xc65a, 0xc65a, 0xc65a, 0xc65a, 0xc65a, 0xc63a, 0xc63a, 0xc639, 0xc639, 0xc639, 0xc639, 0xc639, 0xc639, 0xbe39, 0xbe19, 0xbe19, 0xbdf8, 0xbdf8, 0xb5d8, 0xadb7, 0xad76, 0xce9a, 0xf7be, 0xf7be, 0xf7be, 0xef7d, 0xef7d, 
  0xa514, 0x9cf3, 0xa513, 0x8c52, 0x94d4, 0x94d4, 0x94d4, 0x94f4, 0x94f5, 0x9cf5, 0x9d35, 0xad76, 0xb5b8, 0xbe19, 0xbe39, 0xbe39, 0xc659, 0xc65a, 0xc65a, 0xc65a, 0xc65a, 0xc67a, 0xc67a, 0xc67a, 0xc67a, 0xc67a, 0xc67a, 0xce7a, 0xce9a, 0xce9a, 0xce9a, 0xce9b, 0xce9b, 0xce9b, 0xce9b, 0xce9b, 0xce9b, 0xce9b, 0xce9b, 0xce9b, 0xce9b, 0xce9b, 0xce9b, 0xce9b, 0xce9b, 0xce9b, 0xce9b, 0xce9b, 0xce9b, 0xce9b, 0xce9b, 0xce9b, 0xce9b, 0xce9b, 0xce9b, 0xce9b, 0xce9b, 0xce9b, 0xce9b, 0xce9b, 0xce9b, 0xce9b, 0xce9b, 0xce9b, 0xcebb, 0xce9b, 0xce9b, 0xce9b, 0xce9b, 0xce9b, 0xce9b, 0xce9b, 0xce9b, 0xce9b, 0xce9b, 0xce9b, 0xce9b, 0xce9b, 0xce9b, 0xce9b, 0xce9b, 0xce9b, 0xce9b, 0xce9b, 0xce9b, 0xce9b, 0xce9b, 0xce9b, 0xce9b, 0xce9b, 0xce9b, 0xce9b, 0xce9b, 0xce9b, 0xce9b, 0xce9b, 0xce9b, 0xce9b, 0xce9b, 0xce9b, 0xce9b, 0xce9b, 0xce9b, 0xce9b, 0xce9b, 0xce9b, 0xce9b, 0xce9b, 0xce9b, 0xce9b, 0xce9b, 0xce9b, 0xce9b, 0xce9b, 0xce9b, 0xce9b, 0xce9b, 0xce9b, 0xce9b, 0xce9b, 0xce9b, 0xce9b, 0xce9b, 0xce9b, 0xce9b, 0xce9b, 0xce9b, 0xce9b, 0xce9b, 0xce9b, 0xce9b, 0xce9b, 0xce9b, 0xce9b, 0xce9b, 0xce9b, 0xce9b, 0xce9b, 0xce9b, 0xce9b, 0xce9b, 0xce9b, 0xce9b, 0xce9b, 0xce9b, 0xce9b, 0xce9b, 0xce9b, 0xce9b, 0xce9b, 0xce9b, 0xce9b, 0xce9b, 0xce9b, 0xce9b, 0xce9b, 0xce9b, 0xce9b, 0xce9b, 0xce9b, 0xce9b, 0xce9b, 0xce9b, 0xce9b, 0xce9b, 0xce9b, 0xce9b, 0xce9b, 0xce9b, 0xce9b, 0xce9b, 0xce9b, 0xce9b, 0xce9b, 0xce9b, 0xce9b, 0xce9b, 0xce9b, 0xce9b, 0xce9b, 0xce9b, 0xce9b, 0xce9b, 0xce9b, 0xce9b, 0xce9b, 0xce9b, 0xce9b, 0xce9b, 0xce9b, 0xce9b, 0xce9b, 0xce9b, 0xce9b, 0xce9b, 0xc65a, 0xc65a, 0xc67a, 0xc67a, 0xc65a, 0xc65a, 0xc65a, 0xc65a, 0xc65a, 0xc65a, 0xc65a, 0xc65a, 0xc65a, 0xc65a, 0xc65a, 0xc65a, 0xc65a, 0xc65a, 0xc65a, 0xc65a, 0xc639, 0xc639, 0xc639, 0xc63a, 0xc639, 0xc639, 0xc639, 0xc639, 0xc639, 0xc639, 0xbe39, 0xbe39, 0xbe19, 0xbe19, 0xbe19, 0xbdf8, 0xb5d8, 0xadb7, 0xad76, 0xe73c, 0xf7be, 0xf7de, 0xf7be, 0xef9d, 0xef7d, 
  0xa534, 0x9cf3, 0x9cf3, 0x9492, 0x94b4, 0x94d4, 0x94d4, 0x94d4, 0x94d4, 0x9cf5, 0x9d15, 0xa556, 0xb5b7, 0xb5f8, 0xbe19, 0xbe39, 0xbe39, 0xc659, 0xc65a, 0xc65a, 0xc65a, 0xc67a, 0xc67a, 0xc67a, 0xc67a, 0xc67a, 0xc67a, 0xc67a, 0xce9a, 0xce9a, 0xce9a, 0xce9b, 0xce9b, 0xce9b, 0xce9b, 0xce9b, 0xce9b, 0xce9b, 0xce9b, 0xce9b, 0xce9b, 0xce9b, 0xce9b, 0xce9b, 0xce9b, 0xce9b, 0xce9b, 0xce9b, 0xce9b, 0xce9b, 0xce9b, 0xce9b, 0xce9b, 0xce9b, 0xce9b, 0xce9b, 0xce9b, 0xce9b, 0xce9b, 0xce9b, 0xce9b, 0xcebb, 0xcebb, 0xcebb, 0xcebb, 0xce9b, 0xce9b, 0xce9b, 0xce9b, 0xce9b, 0xce9b, 0xce9b, 0xce9b, 0xce9b, 0xce9b, 0xce9b, 0xce9b, 0xce9b, 0xce9b, 0xce9b, 0xce9b, 0xce9b, 0xce9b, 0xce9b, 0xce9b, 0xce9b, 0xce9b, 0xce9b, 0xce9b, 0xce9b, 0xce9b, 0xce9b, 0xce9b, 0xce9b, 0xce9b, 0xce9b, 0xce9b, 0xce9b, 0xce9b, 0xce9b, 0xce9b, 0xce9b, 0xce9b, 0xce9b, 0xce9b, 0xce9b, 0xce9b, 0xce9b, 0xce9b, 0xce9b, 0xce9b, 0xce9b, 0xce9b, 0xce9b, 0xce9b, 0xce9b, 0xce9b, 0xce9b, 0xce9b, 0xce9b, 0xce9b, 0xce9b, 0xce9b, 0xce9b, 0xce9b, 0xce9b, 0xce9b, 0xce9b, 0xce9b, 0xce9b, 0xce9b, 0xce9b, 0xce9b, 0xce9b, 0xce9b, 0xce9b, 0xce9b, 0xce9b, 0xce9b, 0xce9b, 0xce9b, 0xce9b, 0xce9b, 0xce9b, 0xce9b, 0xce9b, 0xce9b, 0xce9b, 0xce9b, 0xce9b, 0xce9b, 0xce9b, 0xce9b, 0xce9b, 0xce9b, 0xce9b, 0xce9b, 0xce9b, 0xce9b, 0xce9b, 0xce9b, 0xce9b, 0xce9b, 0xce9b, 0xce9b, 0xce9b, 0xce9b, 0xce9b, 0xce9b, 0xce9b, 0xce9b, 0xce9b, 0xce9b, 0xce9b, 0xce9b, 0xce9b, 0xce9b, 0xce9b, 0xce9b, 0xce9b, 0xce9b, 0xce9b, 0xce9b, 0xce9b, 0xce9b, 0xce9b, 0xce9b, 0xce9b, 0xce9b, 0xce9b, 0xce9b, 0xce9b, 0xc67a, 0xc65a, 0xc65a, 0xc65a, 0xc65a, 0xc65a, 0xc67a, 0xc65a, 0xc65a, 0xc65a, 0xc65a, 0xc65a, 0xc65a, 0xc65a, 0xc65a, 0xc65a, 0xc65a, 0xc65a, 0xc65a, 0xc65a, 0xc65a, 0xc65a, 0xc65a, 0xc65a, 0xc639, 0xc639, 0xc639, 0xc639, 0xc639, 0xc639, 0xc639, 0xc639, 0xbe39, 0xbe19, 0xbe19, 0xbe19, 0xbe19, 0xbdf8, 0xbdf8, 0xb5d8, 0xad97, 0xb5d7, 0xef7d, 0xf7bd, 0xf7de, 0xf79d, 0xef9d, 0xef7d, 
  0xa534, 0xa513, 0x9cf3, 0x9cf3, 0x8c72, 0x94b4, 0x94d4, 0x94d4, 0x94d4, 0x9cf5, 0x9cf5, 0xa536, 0xad97, 0xb5d8, 0xbe19, 0xbe39, 0xbe39, 0xbe59, 0xc65a, 0xc65a, 0xc65a, 0xc65a, 0xc67a, 0xc67a, 0xc67a, 0xc67a, 0xc67a, 0xc67a, 0xce9a, 0xce9a, 0xce9a, 0xce9b, 0xce9b, 0xce9b, 0xce9b, 0xce9b, 0xce9b, 0xce9b, 0xce9a, 0xce9b, 0xce9b, 0xce9b, 0xce9b, 0xce9b, 0xce9b, 0xce9b, 0xce9b, 0xce9b, 0xce9b, 0xce9b, 0xce9b, 0xce9b, 0xce9b, 0xcebb, 0xcebb, 0xce9b, 0xce9b, 0xce9b, 0xce9b, 0xce9b, 0xce9b, 0xce9b, 0xce9b, 0xce9b, 0xce9b, 0xce9b, 0xce9b, 0xce9b, 0xce9b, 0xce9b, 0xce9b, 0xce9b, 0xce9b, 0xce9b, 0xce9b, 0xce9b, 0xce9b, 0xce9b, 0xce9b, 0xce9b, 0xce9b, 0xce9b, 0xce9b, 0xce9b, 0xce9b, 0xce9b, 0xce9b, 0xce9b, 0xce9b, 0xce9b, 0xce9b, 0xce9b, 0xce9b, 0xce9b, 0xce9b, 0xce9b, 0xce9b, 0xce9b, 0xce9b, 0xce9b, 0xce9b, 0xce9b, 0xce9b, 0xce9b, 0xce9b, 0xce9b, 0xce9b, 0xce9b, 0xce9b, 0xce9b, 0xce9b, 0xce9b, 0xce9b, 0xce9b, 0xce9b, 0xce9b, 0xce9b, 0xce9b, 0xce9b, 0xce9b, 0xce9b, 0xce9b, 0xce9b, 0xce9b, 0xce9b, 0xce9b, 0xce9b, 0xce9b, 0xce9b, 0xce9b, 0xce9b, 0xce9b, 0xce9b, 0xce9b, 0xce9b, 0xce9b, 0xce9b, 0xce9b, 0xce9b, 0xce9b, 0xce9b, 0xce9b, 0xce9b, 0xce9b, 0xce9b, 0xce9b, 0xce9b, 0xce9b, 0xce9b, 0xce9b, 0xce9b, 0xce9b, 0xce9b, 0xce9b, 0xce9b, 0xce9b, 0xce9b, 0xce9b, 0xce9b, 0xce9b, 0xce9b, 0xce9b, 0xce9b, 0xce9b, 0xce9b, 0xce9b, 0xce9b, 0xce9b, 0xce9b, 0xce9b, 0xce9b, 0xce9b, 0xce9b, 0xce9b, 0xce9b, 0xce9b, 0xce9b, 0xce9b, 0xce9b, 0xce9b, 0xce9b, 0xce9b, 0xce9b, 0xce9b, 0xce9b, 0xce9b, 0xce9b, 0xce9b, 0xce9b, 0xce9b, 0xc67a, 0xc67a, 0xc67a, 0xc65a, 0xc65a, 0xc65a, 0xc65a, 0xc65a, 0xc65a, 0xc65a, 0xc65a, 0xc65a, 0xc65a, 0xc65a, 0xc65a, 0xc65a, 0xc65a, 0xc65a, 0xc65a, 0xc65a, 0xc65a, 0xc65a, 0xc65a, 0xc65a, 0xc639, 0xc639, 0xc639, 0xc639, 0xc639, 0xc639, 0xbe19, 0xbe39, 0xbe39, 0xbe39, 0xbe39, 0xbe19, 0xbe19, 0xbe19, 0xbe19, 0xbdf8, 0xb5d8, 0xb5b7, 0xad76, 0xce79, 0xf7bd, 0xf7bd, 0xf7bd, 0xef7d, 0xf79d, 0xef9d, 
  0xa534, 0xad54, 0xa513, 0xa513, 0x8c72, 0x94d4, 0x94d4, 0x94d4, 0x94d4, 0x94f4, 0x94f5, 0x9d35, 0xad76, 0xb5d8, 0xbdf8, 0xbe39, 0xbe39, 0xbe39, 0xc65a, 0xc65a, 0xc65a, 0xc65a, 0xc67a, 0xc67a, 0xc67a, 0xc67a, 0xc67a, 0xce9a, 0xc67a, 0xc67a, 0xce9a, 0xce7b, 0xce9b, 0xce9b, 0xce9b, 0xce9b, 0xce9b, 0xce9b, 0xce9b, 0xce9b, 0xce9b, 0xce9b, 0xce9b, 0xce9b, 0xce9b, 0xce9b, 0xce9b, 0xce9b, 0xce9b, 0xce9b, 0xce9b, 0xce9b, 0xce9b, 0xce9b, 0xcebb, 0xcebb, 0xcebb, 0xcebb, 0xcebb, 0xcebb, 0xcebb, 0xcebb, 0xcebb, 0xcebb, 0xcebb, 0xcebb, 0xce9b, 0xce9b, 0xce9b, 0xce9b, 0xce9b, 0xce9b, 0xce9b, 0xce9b, 0xce9b, 0xce9b, 0xce9b, 0xce9b, 0xce9b, 0xce9b, 0xce9b, 0xce9b, 0xce9b, 0xce9b, 0xce9b, 0xce9b, 0xce9b, 0xce9b, 0xce9b, 0xce9b, 0xce9b, 0xce9b, 0xce9b, 0xce9b, 0xce9b, 0xce9b, 0xce9b, 0xce9b, 0xce9b, 0xce9b, 0xce9b, 0xce9b, 0xce9b, 0xce9b, 0xce9b, 0xce9b, 0xce9b, 0xce9b, 0xce9b, 0xce9b, 0xce9b, 0xce9b, 0xce9b, 0xce9b, 0xce9b, 0xce9b, 0xce9b, 0xce9b, 0xce9b, 0xce9b, 0xce9b, 0xce9b, 0xce9b, 0xce9b, 0xce9b, 0xce9b, 0xce9b, 0xce9b, 0xce9b, 0xce9b, 0xce9b, 0xce9b, 0xce9b, 0xce9b, 0xce9b, 0xce9b, 0xce9b, 0xce9b, 0xce9b, 0xce9b, 0xce9b, 0xce9b, 0xce9b, 0xce9b, 0xce9b, 0xce9b, 0xce9b, 0xce9b, 0xce9b, 0xce9b, 0xce9b, 0xce9b, 0xce9b, 0xce9b, 0xce9b, 0xce9b, 0xce9b, 0xce9b, 0xce9b, 0xce9b, 0xce9b, 0xce9b, 0xce9b, 0xce9b, 0xce9b, 0xce9b, 0xce9b, 0xce9b, 0xce9b, 0xce9b, 0xce9b, 0xce9b, 0xce9b, 0xce9b, 0xce9b, 0xce9b, 0xce9b, 0xce9b, 0xce9b, 0xce9b, 0xce9b, 0xce9b, 0xce9b, 0xce9b, 0xce9b, 0xce9b, 0xce9b, 0xc67a, 0xc67a, 0xc67a, 0xc67a, 0xc67a, 0xc65a, 0xc67a, 0xc67a, 0xc65a, 0xc65a, 0xc65a, 0xc65a, 0xc65a, 0xc65a, 0xb597, 0xbdf8, 0xc65a, 0xc65a, 0xc65a, 0xc65a, 0xc65a, 0xc65a, 0xc65a, 0xc65a, 0xc65a, 0xc65a, 0xc65a, 0xc65a, 0xc65a, 0xc639, 0xbe39, 0xbe39, 0xbe39, 0xad56, 0xbdf8, 0xbe19, 0xbe19, 0xbe19, 0xbe19, 0xbe19, 0xbe19, 0xbe19, 0xbdf8, 0xb5d8, 0xad97, 0xad76, 0xe71b, 0xef9d, 0xf7be, 0xf7bd, 0xef9d, 0xef7d, 0xef9d, 
  0xad54, 0xad75, 0xa534, 0x9cf3, 0x94d2, 0x8c93, 0x94d4, 0x94d4, 0x94d4, 0x94f4, 0x94f4, 0x9d15, 0xa556, 0xb5b7, 0xb5f8, 0xbe19, 0xc659, 0xb5d8, 0x73af, 0x4209, 0xb5d8, 0xc65a, 0xc65a, 0xc67a, 0xc67a, 0xc67a, 0xc67a, 0xc67a, 0xc67a, 0xc67a, 0xce9a, 0xce9a, 0xce9a, 0xce9a, 0xce7a, 0xce9b, 0xa535, 0x39c8, 0x8c32, 0xce9b, 0xce9b, 0xce9b, 0xce9b, 0xce9b, 0xce9b, 0xce9b, 0xce9b, 0xce9b, 0xce9b, 0xce9b, 0xce9b, 0xce9b, 0xce9b, 0xce9b, 0xcebb, 0xcebb, 0xce9b, 0xce9b, 0xce9b, 0xce9b, 0xce9b, 0xce9b, 0xce9b, 0xce9b, 0xce9b, 0xce9b, 0xce9b, 0xce9b, 0xce9b, 0xce9b, 0xce9b, 0xce9b, 0xce9b, 0xce9b, 0xce9b, 0xce9b, 0xce9b, 0xce9b, 0xce9b, 0xce9b, 0xce9b, 0xce9b, 0xce9b, 0xce9b, 0xce9b, 0xce9b, 0xce9b, 0xce9b, 0xce9b, 0xce9b, 0xce9b, 0xce9b, 0xce9b, 0xce9b, 0xce9b, 0xce9b, 0xce9b, 0xce9b, 0xce9b, 0xce9b, 0xce9b, 0xce9b, 0xce9b, 0xce9b, 0xce9b, 0xce9b, 0xce9b, 0xce9b, 0xce9b, 0xce9b, 0xce9b, 0xce9b, 0xce9b, 0xce9b, 0xce9b, 0xce9b, 0xce9b, 0xce9b, 0xce9b, 0xce9b, 0xce9b, 0xce9b, 0xce9b, 0xce9b, 0xce9b, 0xce9b, 0xce9b, 0xce9b, 0xce9b, 0xce9b, 0xce9b, 0xce9b, 0xce9b, 0xce9b, 0xce9b, 0xce9b, 0xce9b, 0xce9b, 0xce9b, 0xce9b, 0xce9b, 0xce9b, 0xce9b, 0xce9b, 0xce9b, 0xce9b, 0xce9b, 0xce9b, 0xce9b, 0xce9b, 0xce9b, 0xce9b, 0xce9b, 0xce9b, 0xce9b, 0xce9b, 0xce9b, 0xce9b, 0xce9b, 0xce9b, 0xce9b, 0xce9b, 0xce9b, 0xce9b, 0xce9b, 0xce9b, 0xce9b, 0xce9b, 0xce9b, 0xce9b, 0xce9b, 0xce9b, 0xce9b, 0xce9b, 0xce9b, 0xce9b, 0xce9b, 0xce9b, 0xce9b, 0xce9b, 0xce9b, 0xce9b, 0xce9b, 0xce9b, 0xc67a, 0xc67a, 0xc67a, 0xc67a, 0xc67a, 0xc67a, 0xc67a, 0xc65a, 0xc67a, 0xc67a, 0xc67a, 0xc65a, 0xc65a, 0xc65a, 0xc65a, 0xc65a, 0xc639, 0x3186, 0x10a3, 0x738f, 0xc639, 0xc65a, 0xc65a, 0xc65a, 0xc65a, 0xc65a, 0xc65a, 0xc65a, 0xc65a, 0xc65a, 0xc639, 0xc639, 0xc639, 0xc639, 0xbe39, 0xad76, 0x39c9, 0x31a9, 0x73b0, 0xb598, 0xbe19, 0xbe19, 0xbe19, 0xbe19, 0xbdf8, 0xb5f8, 0xb5b7, 0xad97, 0xb5d7, 0xef5c, 0xef9d, 0xf7be, 0xf7bd, 0xef7d, 0xef7d, 0xef9d, 
  0xad75, 0xad55, 0xad75, 0x9cf3, 0x9d14, 0x8c72, 0x94d4, 0x94d4, 0x94d4, 0x94d4, 0x94f4, 0x9cf5, 0xa536, 0xad76, 0xb5f8, 0xad56, 0x5acc, 0x18c4, 0x0863, 0x08a4, 0x7bd1, 0xc65a, 0xc65a, 0xc67a, 0xc67a, 0xc67a, 0xc67a, 0xc67a, 0xc67a, 0xc67a, 0xce7a, 0xce7a, 0xce7a, 0xce9a, 0xb5d8, 0x52ab, 0x1083, 0x1082, 0x2126, 0xbe19, 0xce9b, 0xce9b, 0xce9b, 0xce9b, 0xce9b, 0xce9b, 0xce9b, 0xce9b, 0xce9b, 0xce9b, 0xce9b, 0xce9b, 0xcebb, 0xcebb, 0xcebb, 0xcebb, 0xcebb, 0xcebb, 0xce9b, 0xce9b, 0xce9b, 0xce9b, 0xce9b, 0xcebb, 0xcebb, 0xcebb, 0xce9b, 0xce9b, 0xce9b, 0xce9b, 0xce9b, 0xce9b, 0xce9b, 0xce9b, 0xce9b, 0xce9b, 0xce9b, 0xce9b, 0xce9b, 0xce9b, 0xce9b, 0xce9b, 0xce9b, 0xce9b, 0xce9b, 0xce9b, 0xce9b, 0xce9b, 0xce9b, 0xce9b, 0xce9b, 0xce9b, 0xce9b, 0xce9b, 0xce9b, 0xce9b, 0xce9b, 0xce9b, 0xce9b, 0xce9b, 0xce9b, 0xce9b, 0xce9b, 0xce9b, 0xce9b, 0xce9b, 0xce9b, 0xce9b, 0xce9b, 0xce9b, 0xce9b, 0xce9b, 0xce9b, 0xce9b, 0xce9b, 0xce9b, 0xce9b, 0xce9b, 0xce9b, 0xce9b, 0xce9b, 0xce9b, 0xce9b, 0xce9b, 0xce9b, 0xce9b, 0xce9b, 0xce9b, 0xce9b, 0xce9b, 0xce9b, 0xce9b, 0xce9b, 0xce9b, 0xce9b, 0xce9b, 0xce9b, 0xce9b, 0xce9b, 0xce9b, 0xce9b, 0xce9b, 0xce9b, 0xce9b, 0xce9b, 0xce9b, 0xce9b, 0xce9b, 0xce9b, 0xce9b, 0xce9b, 0xce9b, 0xce9b, 0xce9b, 0xce9b, 0xce9b, 0xce9b, 0xce9b, 0xce9b, 0xce9b, 0xce9b, 0xce9b, 0xce9b, 0xce9b, 0xce9b, 0xce9b, 0xce9b, 0xce9b, 0xce9b, 0xce9b, 0xce9b, 0xce9b, 0xce9b, 0xce9b, 0xce9b, 0xce9b, 0xce9b, 0xce9b, 0xce9b, 0xce9b, 0xce9b, 0xc67a, 0xc67a, 0xc67a, 0xc67a, 0xc67a, 0xc67a, 0xc67a, 0xc67a, 0xc67a, 0xc67a, 0xc67a, 0xc67a, 0xc67a, 0xc67a, 0xc67a, 0xc65a, 0xc65a, 0xc65a, 0xc65a, 0x8410, 0x0000, 0x0000, 0x0000, 0x2104, 0x8c72, 0xc65a, 0xc65a, 0xc65a, 0xc65a, 0xc65a, 0xc65a, 0xc65a, 0xc65a, 0xc65a, 0xc65a, 0xc639, 0xc63a, 0xc639, 0x6b90, 0x1906, 0x10c5, 0x08a4, 0x2127, 0x5aed, 0x9d15, 0xbe19, 0xbdf8, 0xbdf8, 0xb5d8, 0xadb7, 0xad76, 0xce59, 0xef5c, 0xf79d, 0xf7be, 0xef9d, 0xef9d, 0xef5c, 0xef7d, 
  0xb575, 0xad75, 0xb595, 0xa514, 0x9cf3, 0x8c72, 0x94b4, 0x94d4, 0x94d4, 0x94d4, 0x94d4, 0x9cf5, 0x9d15, 0x8432, 0x4208, 0x0842, 0x0842, 0x0842, 0x0842, 0x0883, 0x3188, 0xbdf9, 0xc65a, 0xc67a, 0xc67a, 0xc67a, 0xc67a, 0xc67a, 0xc67a, 0xc67a, 0xce7a, 0xce7a, 0xc65a, 0x73af, 0x18e3, 0x0861, 0x0861, 0x0841, 0x0862, 0x632e, 0xce9b, 0xce9a, 0xce9b, 0xce9b, 0xce9b, 0xce9b, 0xce9b, 0xce9b, 0xce9b, 0xce9b, 0xce9b, 0xce9b, 0xce9b, 0xce9b, 0xce9b, 0xce9b, 0xcebb, 0xcebb, 0xce9b, 0xce9b, 0xcebb, 0xcebb, 0xcebb, 0xcebb, 0xcebb, 0xcebb, 0xce9b, 0xce9b, 0xce9b, 0xce9b, 0xce9b, 0xce9b, 0xce9b, 0xce9b, 0xce9b, 0xce9b, 0xce9b, 0xce9b, 0xce9b, 0xce9b, 0xce9b, 0xce9b, 0xce9b, 0xce9b, 0xce9b, 0xce9b, 0xce9b, 0xce9b, 0xce9b, 0xce9b, 0xce9b, 0xce9b, 0xce9b, 0xce9b, 0xce9b, 0xce9b, 0xce9b, 0xce9b, 0xce9b, 0xce9b, 0xce9b, 0xce9b, 0xce9b, 0xce9b, 0xce9b, 0xce9b, 0xce9b, 0xce9b, 0xce9b, 0xce9b, 0xce9b, 0xce9b, 0xce9b, 0xce9b, 0xce9b, 0xce9b, 0xce9b, 0xce9b, 0xce9b, 0xce9b, 0xce9b, 0xce9b, 0xce9b, 0xce9b, 0xce9b, 0xce9b, 0xce9b, 0xce9b, 0xce9b, 0xce9b, 0xce9b, 0xce9b, 0xce9b, 0xce9b, 0xce9b, 0xce9b, 0xce9b, 0xce9b, 0xce9b, 0xce9b, 0xce9b, 0xce9b, 0xce9b, 0xce9b, 0xce9b, 0xce9b, 0xce9b, 0xce9b, 0xce9b, 0xce9b, 0xce9b, 0xce9b, 0xce9b, 0xce9b, 0xce9b, 0xce9b, 0xce9b, 0xce9b, 0xce9b, 0xce9b, 0xce9b, 0xce9b, 0xce9b, 0xce9b, 0xce9b, 0xce9b, 0xce9b, 0xce9b, 0xce9b, 0xce9b, 0xce9b, 0xce9b, 0xce9b, 0xce9b, 0xce9b, 0xce9b, 0xce9b, 0xce9b, 0xce9b, 0xce9b, 0xce9b, 0xc67a, 0xc67a, 0xc67a, 0xc67a, 0xc67a, 0xc67a, 0xc67a, 0xc67a, 0xc67a, 0xc67a, 0xc67a, 0xc67a, 0xc67a, 0xc67a, 0xc67a, 0xc65a, 0xc65a, 0xc65a, 0xbdf8, 0x18c3, 0x0000, 0x0000, 0x0000, 0x0000, 0x0020, 0x39c7, 0xa535, 0xc65a, 0xc639, 0xc65a, 0xc65a, 0xc65a, 0xc65a, 0xc65a, 0xc639, 0xc639, 0xc639, 0xbdf8, 0x424b, 0x1906, 0x08a4, 0x0063, 0x0063, 0x0863, 0x1084, 0x422a, 0x94b3, 0xb5d8, 0xb5d8, 0xad97, 0xad96, 0xdf1b, 0xef5c, 0xf7bd, 0xf7be, 0xef9d, 0xef9d, 0xef7d, 0xef7d, 
  0xb595, 0xb595, 0xb595, 0xad54, 0x9cf3, 0x9cd3, 0x8c72, 0x94b4, 0x94b4, 0x94d4, 0x94d4, 0x9cd4, 0x6b4d, 0x0020, 0x0000, 0x0000, 0x0842, 0x0042, 0x0042, 0x2146, 0x7bf1, 0xbe39, 0xc65a, 0xc67a, 0xc67a, 0xc67a, 0xc67a, 0xc67a, 0xc67a, 0xc67a, 0xce9a, 0x94b3, 0x2945, 0x0842, 0x0862, 0x0041, 0x0041, 0x0021, 0x0041, 0x1084, 0xad57, 0xce9a, 0xce9b, 0xce9b, 0xce9b, 0xce9b, 0xce9b, 0xce9b, 0xce9b, 0xce9b, 0xce9b, 0xce9b, 0xce9b, 0xcebb, 0xcebb, 0xcebb, 0xcebb, 0xcebb, 0xcebb, 0xcebb, 0xce9b, 0xce9b, 0xcebb, 0xcebb, 0xcebb, 0xcebb, 0xce9b, 0xce9b, 0xce9b, 0xce9b, 0xce9b, 0xce9b, 0xce9b, 0xce9b, 0xce9b, 0xce9b, 0xce9b, 0xce9b, 0xce9b, 0xce9b, 0xce9b, 0xce9b, 0xce9b, 0xce9b, 0xce9b, 0xce9b, 0xce9b, 0xce9b, 0xce9b, 0xce9b, 0xce9b, 0xce9b, 0xce9b, 0xce9b, 0xce9b, 0xce9b, 0xce9b, 0xce9b, 0xce9b, 0xce9b, 0xce9b, 0xce9b, 0xce9b, 0xce9b, 0xce9b, 0xce9b, 0xce9b, 0xce9b, 0xce9b, 0xce9b, 0xce9b, 0xce9b, 0xce9b, 0xce9b, 0xce9b, 0xce9b, 0xce9b, 0xce9b, 0xce9b, 0xce9b, 0xce9b, 0xce9b, 0xce9b, 0xce9b, 0xce9b, 0xce9b, 0xce9b, 0xce9b, 0xce9b, 0xce9b, 0xce9b, 0xce9b, 0xce9b, 0xce9b, 0xce9b, 0xce9b, 0xce9b, 0xce9b, 0xce9b, 0xce9b, 0xce9b, 0xce9b, 0xce9b, 0xce9b, 0xce9b, 0xce9b, 0xce9b, 0xce9b, 0xce9b, 0xce9b, 0xce9b, 0xce9b, 0xce9b, 0xce9b, 0xce9b, 0xce9b, 0xce9b, 0xce9b, 0xce9b, 0xce9b, 0xce9b, 0xce9b, 0xce9b, 0xce9b, 0xce9b, 0xce9b, 0xce9b, 0xce9b, 0xce9b, 0xce9b, 0xce9b, 0xce9b, 0xce9b, 0xce9b, 0xce9b, 0xce9b, 0xce9b, 0xce9b, 0xce9b, 0xce9b, 0xce9b, 0xce9b, 0xc67a, 0xc67a, 0xce7a, 0xce7a, 0xc67a, 0xc67a, 0xc67a, 0xc67a, 0xc67a, 0xc67a, 0xc67a, 0xc67a, 0xc67a, 0xc67a, 0xc67a, 0xc67a, 0xc67a, 0x632d, 0x0000, 0x0000, 0x0000, 0x0000, 0x0000, 0x0000, 0x0000, 0x0821, 0x528b, 0xb5b8, 0xc65a, 0xc639, 0xc65a, 0xc65a, 0xc65a, 0xc659, 0xc639, 0xc639, 0xc639, 0xb5f8, 0x7c32, 0x3209, 0x08a4, 0x0863, 0x0022, 0x0001, 0x0863, 0x6b8f, 0xb5d8, 0xb5b7, 0xad97, 0xbe17, 0xef3c, 0xef5c, 0xf7bd, 0xf7bd, 0xef9d, 0xef7d, 0xef5c, 0xef7d, 
  0xb5b6, 0xb5b6, 0xb595, 0xb595, 0x9d13, 0x9d13, 0x8c72, 0x94b4, 0x94b4, 0x94d4, 0x94d4, 0x94d4, 0x8c72, 0x10a2, 0x0000, 0x0000, 0x0021, 0x3187, 0x8472, 0xbe39, 0xc65a, 0xc65a, 0xc65a, 0xc65a, 0xc67a, 0xc67a, 0xc67a, 0xc67a, 0xce7a, 0xad97, 0x4209, 0x0841, 0x0061, 0x0061, 0x0041, 0x0041, 0x0021, 0x0021, 0x0021, 0x0862, 0x420a, 0xce7a, 0xce9b, 0xce9b, 0xce9b, 0xce9b, 0xce9b, 0xce9b, 0xce9b, 0xce9b, 0xce9b, 0xce9b, 0xce9b, 0xce9b, 0xce9b, 0xcebb, 0xce9b, 0xce9b, 0xce9b, 0xce9b, 0xce9b, 0xce9b, 0xcebb, 0xcebb, 0xcebb, 0xcebb, 0xce9b, 0xce9b, 0xce9b, 0xce9b, 0xce9b, 0xce9b, 0xce9b, 0xce9b, 0xce9b, 0xce9b, 0xce9b, 0xce9b, 0xce9b, 0xce9b, 0xce9b, 0xce9b, 0xce9b, 0xce9b, 0xce9b, 0xce9b, 0xce9b, 0xce9b, 0xce9b, 0xce9b, 0xce9b, 0xce9b, 0xce9b, 0xce9b, 0xce9b, 0xce9b, 0xce9b, 0xce9b, 0xce9b, 0xce9b, 0xce9b, 0xce9b, 0xce9b, 0xce9b, 0xce9b, 0xce9b, 0xce9b, 0xce9b, 0xce9b, 0xce9b, 0xce9b, 0xce9b, 0xce9b, 0xce9b, 0xce9b, 0xce9b, 0xce9b, 0xce9b, 0xce9b, 0xce9b, 0xce9b, 0xce9b, 0xce9b, 0xce9b, 0xce9b, 0xce9b, 0xce9b, 0xce9b, 0xce9b, 0xce9b, 0xce9b, 0xce9b, 0xce9b, 0xce9b, 0xce9b, 0xce9b, 0xce9b, 0xce9b, 0xce9b, 0xce9b, 0xce9b, 0xce9b, 0xce9b, 0xce9b, 0xce9b, 0xce9b, 0xce9b, 0xce9b, 0xce9b, 0xce9b, 0xce9b, 0xce9b, 0xce9b, 0xce9b, 0xce9b, 0xce9b, 0xce9b, 0xce9b, 0xce9b, 0xce9b, 0xce9b, 0xce9b, 0xce9b, 0xce9b, 0xce9b, 0xce9b, 0xce9b, 0xce9b, 0xce9b, 0xce9b, 0xce9b, 0xce9b, 0xce9b, 0xce9b, 0xce9b, 0xce9b, 0xce9b, 0xce9b, 0xce9b, 0xce9b, 0xce9b, 0xce9b, 0xc67a, 0xc67a, 0xc67a, 0xce7a, 0xc67a, 0xc67a, 0xc67a, 0xc67a, 0xc67a, 0xc67a, 0xc67a, 0xc67a, 0xc67a, 0xc67a, 0xc67a, 0xc65a, 0xad96, 0x0861, 0x0000, 0x0000, 0x0000, 0x0000, 0x0000, 0x0000, 0x0000, 0x0000, 0x0000, 0x1082, 0x6b8e, 0xbe19, 0xc65a, 0xc659, 0xc659, 0xc639, 0xc639, 0xc639, 0xc639, 0xbe39, 0xbe39, 0xbe19, 0x8cb3, 0x428a, 0x10e4, 0x0042, 0x1925, 0xa556, 0xb5d8, 0xb5b7, 0xad76, 0xd69a, 0xef3c, 0xef7d, 0xf7bd, 0xf79d, 0xef7d, 0xef5c, 0xef7d, 0xe75c, 
  0xb5b6, 0xb5b6, 0xb5b6, 0xb5b6, 0xa534, 0x9cf3, 0x94b3, 0x8c93, 0x94d4, 0x94b4, 0x94d4, 0x94d4, 0x94d4, 0x4a69, 0x0021, 0x39e7, 0x94b3, 0xbe19, 0xbe39, 0xbe39, 0xc659, 0xc65a, 0xc65a, 0xc65a, 0xc67a, 0xc67a, 0xc67a, 0xbe19, 0x630d, 0x1083, 0x0841, 0x0841, 0x0041, 0x0041, 0x0041, 0x0020, 0x0020, 0x0021, 0x0021, 0x0842, 0x0862, 0x9494, 0xce9b, 0xce9b, 0xce9b, 0xce9b, 0xce9b, 0xce9b, 0xce9b, 0xce9b, 0xce9b, 0xce9b, 0xcebb, 0xce9b, 0xce9b, 0xce9b, 0xcebb, 0xcebb, 0xcebb, 0xcebb, 0xcebb, 0xcebb, 0xcebb, 0xcebb, 0xcebb, 0xcebb, 0xcebb, 0xce9b, 0xce9b, 0xce9b, 0xce9b, 0xce9b, 0xce9b, 0xce9b, 0xce9b, 0xce9b, 0xce9b, 0xce9b, 0xce9b, 0xce9b, 0xce9b, 0xce9b, 0xce9b, 0xce9b, 0xce9b, 0xce9b, 0xce9b, 0xce9b, 0xce9b, 0xce9b, 0xce9b, 0xce9b, 0xce9b, 0xce9b, 0xce9b, 0xce9b, 0xce9b, 0xce9b, 0xce9b, 0xce9b, 0xce9b, 0xce9b, 0xce9b, 0xce9b, 0xce9b, 0xce9b, 0xce9b, 0xce9b, 0xce9b, 0xce9b, 0xce9b, 0xce9b, 0xce9b, 0xce9b, 0xce9b, 0xce9b, 0xce9b, 0xce9b, 0xce9b, 0xce9b, 0xce9b, 0xce9b, 0xce9b, 0xce9b, 0xce9b, 0xce9b, 0xce9b, 0xce9b, 0xce9b, 0xce9b, 0xce9b, 0xce9b, 0xce9b, 0xce9b, 0xce9b, 0xce9b, 0xce9b, 0xce9b, 0xce9b, 0xce9b, 0xce9b, 0xce9b, 0xce9b, 0xce9b, 0xce9b, 0xce9b, 0xce9b, 0xce9b, 0xce9b, 0xce9b, 0xce9b, 0xce9b, 0xce9b, 0xce9b, 0xce9b, 0xce9b, 0xce9b, 0xce9b, 0xce9b, 0xce9b, 0xce9b, 0xce9b, 0xce9b, 0xce9b, 0xce9b, 0xce9b, 0xce9b, 0xce9b, 0xce9b, 0xce9b, 0xce9b, 0xce9b, 0xce9b, 0xce9b, 0xce9b, 0xce9b, 0xce9b, 0xce9b, 0xce9b, 0xce9b, 0xce9b, 0xce9b, 0xce7a, 0xce7a, 0xc67a, 0xc67a, 0xc67a, 0xc67a, 0xc67a, 0xc67a, 0xc67a, 0xc67a, 0xc67a, 0xc67a, 0xc67a, 0xc65a, 0xc65a, 0xc67a, 0x4a49, 0x0000, 0x0000, 0x0000, 0x0000, 0x0000, 0x0000, 0x0000, 0x0000, 0x0000, 0x0000, 0x0000, 0x0000, 0x2104, 0x8c52, 0xc63a, 0xc639, 0xc63a, 0xc63a, 0xbe39, 0xbe39, 0xbe39, 0xbe19, 0xbe19, 0xbe19, 0xbe19, 0x9d35, 0x52ec, 0x636e, 0xb5d8, 0xb5b7, 0xad97, 0xb5b7, 0xdefb, 0xef7c, 0xf79d, 0xf7bd, 0xef9d, 0xef7d, 0xef7d, 0xef7d, 0xdf1b, 
  0xbdd6, 0xbdd6, 0xb5b6, 0xb5b6, 0xb595, 0x9cf3, 0x9cf3, 0x8c72, 0x94d4, 0x94b4, 0x94b4, 0x94d4, 0x94d4, 0x8c93, 0x8c92, 0xad76, 0xb5b7, 0xbdf8, 0xbe19, 0xbe39, 0xc659, 0xc65a, 0xc65a, 0xc65a, 0xc65a, 0xc65a, 0x8411, 0x1904, 0x0861, 0x0061, 0x0041, 0x0020, 0x0021, 0x0020, 0x0020, 0x0020, 0x0021, 0x0021, 0x0022, 0x0042, 0x0863, 0x31a8, 0xc67a, 0xce9a, 0xce9b, 0xce9b, 0xce9b, 0xce9b, 0xce9b, 0xce9b, 0xce9b, 0xce9b, 0xce9b, 0xce9b, 0xce9b, 0xcebb, 0xcebb, 0xcebb, 0xcebb, 0xcebb, 0xcebb, 0xcebb, 0xcebb, 0xcebb, 0xcebb, 0xcebb, 0xcebb, 0xce9b, 0xce9b, 0xce9b, 0xce9b, 0xce9b, 0xce9b, 0xce9b, 0xce9b, 0xce9b, 0xce9b, 0xce9b, 0xce9b, 0xce9b, 0xce9b, 0xce9b, 0xce9b, 0xce9b, 0xce9b, 0xce9b, 0xce9b, 0xce9b, 0xce9b, 0xce9b, 0xce9b, 0xce9b, 0xce9b, 0xce9b, 0xce9b, 0xce9b, 0xce9b, 0xce9b, 0xce9b, 0xce9b, 0xce9b, 0xce9b, 0xce9b, 0xce9b, 0xce9b, 0xce9b, 0xce9b, 0xce9b, 0xce9b, 0xce9b, 0xce9b, 0xce9b, 0xce9b, 0xce9b, 0xce9b, 0xce9b, 0xce9b, 0xce9b, 0xce9b, 0xce9b, 0xce9b, 0xce9b, 0xce9b, 0xce9b, 0xce9b, 0xce9b, 0xce9b, 0xce9b, 0xce9b, 0xce9b, 0xce9b, 0xce9b, 0xce9b, 0xce9b, 0xce9b, 0xce9b, 0xce9b, 0xce9b, 0xce9b, 0xce9b, 0xce9b, 0xce9b, 0xce9b, 0xce9b, 0xce9b, 0xce9b, 0xce9b, 0xce9b, 0xce9b, 0xce9b, 0xce9b, 0xce9b, 0xce9b, 0xce9b, 0xce9b, 0xce9b, 0xce9b, 0xce9b, 0xce9b, 0xce9b, 0xce9b, 0xce9b, 0xce9b, 0xce9b, 0xce9b, 0xce9b, 0xce9b, 0xce9b, 0xce9b, 0xce9b, 0xce9b, 0xce9b, 0xce9b, 0xce9b, 0xce9b, 0xce9b, 0xce9b, 0xce9b, 0xce9b, 0xce9b, 0xce9b, 0xce9b, 0xce7a, 0xce7a, 0xc67a, 0xc67a, 0xc67a, 0xc67a, 0xc67a, 0xc67a, 0xc67a, 0xc67a, 0xc65a, 0xc67a, 0xc67a, 0xc65a, 0xc65a, 0xbdf8, 0x2124, 0x0000, 0x0000, 0x0000, 0x0000, 0x0000, 0x0000, 0x0000, 0x0000, 0x0000, 0x0000, 0x0000, 0x0000, 0x0000, 0x0000, 0x31a7, 0x9d15, 0xc65a, 0xc639, 0xbe39, 0xbe39, 0xbe39, 0xbe19, 0xbe19, 0xbe19, 0xbe19, 0xbdf9, 0xbe19, 0xb5f8, 0xb5d8, 0xadb7, 0xad96, 0xc638, 0xe73c, 0xef9d, 0xf7bd, 0xf7bd, 0xef9d, 0xef7d, 0xef9d, 0xef7d, 0xdedb, 
  0xbdf6, 0xbdf6, 0xbdd6, 0xbdd6, 0xb5b6, 0xa513, 0x9cf3, 0x9492, 0x94b3, 0x94d4, 0x94b4, 0x94b4, 0x94d4, 0x94f4, 0x9cf5, 0xa556, 0xad97, 0xb5f8, 0xbe19, 0xbe39, 0xc639, 0xc65a, 0xc65a, 0xc67a, 0x9d15, 0x39a7, 0x0841, 0x0861, 0x0041, 0x0021, 0x0020, 0x0020, 0x0021, 0x0021, 0x0021, 0x0021, 0x0021, 0x0041, 0x0062, 0x0062, 0x4a8b, 0xb5f8, 0xce9b, 0xce9b, 0xce9b, 0xce9b, 0xce9b, 0xce9b, 0xce9b, 0xce9b, 0xce9b, 0xce9b, 0xce9b, 0xce9b, 0xce9b, 0xce9b, 0xce9b, 0xce9b, 0xcebb, 0xcebb, 0xcebb, 0xcebb, 0xcebb, 0xcebb, 0xcebb, 0xce9b, 0xce9b, 0xce9b, 0xce9b, 0xce9b, 0xce9b, 0xce9b, 0xce9b, 0xce9b, 0xce9b, 0xce9b, 0xce9b, 0xce9b, 0xce9b, 0xce9b, 0xce9b, 0xce9b, 0xce9b, 0xce9b, 0xce9b, 0xce9b, 0xce9b, 0xce9b, 0xce9b, 0xce9b, 0xce9b, 0xce9b, 0xce9b, 0xce9b, 0xce9b, 0xce9b, 0xce9b, 0xce9b, 0xce9b, 0xce9b, 0xce9b, 0xce9b, 0xce9b, 0xce9b, 0xce9b, 0xce9b, 0xce9b, 0xce9b, 0xce9b, 0xce9b, 0xce9b, 0xce9b, 0xce9b, 0xce9b, 0xce9b, 0xce9b, 0xce9b, 0xce9b, 0xce9b, 0xce9b, 0xce9b, 0xce9b, 0xce9b, 0xce9b, 0xce9b, 0xce9b, 0xce9b, 0xce9b, 0xce9b, 0xce9b, 0xce9b, 0xce9b, 0xce9b, 0xce9b, 0xce9b, 0xce9b, 0xce9b, 0xce9b, 0xce9b, 0xce9b, 0xce9b, 0xce9b, 0xce9b, 0xce9b, 0xce9b, 0xce9b, 0xce9b, 0xce9b, 0xce9b, 0xce9b, 0xce9b, 0xce9b, 0xce9b, 0xce9b, 0xce9b, 0xce9b, 0xce9b, 0xce9b, 0xce9b, 0xce9b, 0xce9b, 0xce9b, 0xce9b, 0xce9b, 0xce9b, 0xce9b, 0xce9b, 0xce9b, 0xce9b, 0xce9b, 0xce9b, 0xce9b, 0xce9b, 0xce9b, 0xce9b, 0xce9b, 0xce9b, 0xce9b, 0xce9b, 0xce9b, 0xce9b, 0xce9b, 0xc67a, 0xc67a, 0xc67a, 0xc67a, 0xc67a, 0xc67a, 0xc67a, 0xc67a, 0xc67a, 0xc67a, 0xc67a, 0xc67a, 0xc67a, 0xc67a, 0xc67a, 0xc67a, 0xc659, 0x73af, 0x1082, 0x0000, 0x0000, 0x0000, 0x0000, 0x0000, 0x0000, 0x0000, 0x0000, 0x0000, 0x0000, 0x0000, 0x0000, 0x0000, 0x0841, 0x4a6a, 0xb597, 0xc639, 0xbe39, 0xbe39, 0xbe39, 0xbe39, 0xbe19, 0xbe19, 0xbe19, 0xb619, 0xb5f8, 0xb5d8, 0xadb7, 0xad96, 0xdeda, 0xef5c, 0xf79d, 0xf7bd, 0xf7bd, 0xef9d, 0xef9d, 0xf79d, 0xe73c, 0xc638, 
  0xbdf6, 0xbdf7, 0xbdf7, 0xbdd6, 0xb5b6, 0xad75, 0x9cf3, 0x9cf3, 0x8c72, 0x94b4, 0x94b4, 0x94b4, 0x94d4, 0x94d4, 0x94f4, 0x9d35, 0xad76, 0xb5d8, 0xb5f8, 0xbe19, 0xbe39, 0xc63a, 0xb5b7, 0x528b, 0x0862, 0x0841, 0x0020, 0x0020, 0x0020, 0x0020, 0x0000, 0x0020, 0x0020, 0x0001, 0x0021, 0x0021, 0x0062, 0x0882, 0x29a7, 0x9d35, 0xce9b, 0xce9b, 0xce9b, 0xce9b, 0xce9b, 0xce9b, 0xce9b, 0xce9b, 0xce9b, 0xce9b, 0xce9b, 0xce9b, 0xce9b, 0xce9b, 0xce9b, 0xce9b, 0xce9b, 0xce9b, 0xcebb, 0xcebb, 0xcebb, 0xcebb, 0xcebb, 0xcebb, 0xce9b, 0xce9b, 0xcebb, 0xce9b, 0xce9b, 0xce9b, 0xce9b, 0xce9b, 0xce9b, 0xce9b, 0xce9b, 0xce9b, 0xce9b, 0xce9b, 0xce9b, 0xce9b, 0xce9b, 0xce9b, 0xce9b, 0xce9b, 0xce9b, 0xce9b, 0xce9b, 0xce9b, 0xce9b, 0xce9b, 0xce9b, 0xce9b, 0xce9b, 0xce9b, 0xce9b, 0xce9b, 0xce9b, 0xce9b, 0xce9b, 0xce9b, 0xce9b, 0xce9b, 0xce9b, 0xce9b, 0xce9b, 0xce9b, 0xce9b, 0xce9b, 0xce9b, 0xce9b, 0xce9b, 0xce9b, 0xce9b, 0xce9b, 0xce9b, 0xce9b, 0xce9b, 0xce9b, 0xce9b, 0xce9b, 0xce9b, 0xce9b, 0xce9b, 0xce9b, 0xce9b, 0xce9b, 0xce9b, 0xce9b, 0xce9b, 0xce9b, 0xce9b, 0xce9b, 0xce9b, 0xce9b, 0xce9b, 0xce9b, 0xce9b, 0xce9b, 0xce9b, 0xce9b, 0xce9b, 0xce9b, 0xce9b, 0xce9b, 0xce9b, 0xce9b, 0xce9b, 0xce9b, 0xce9b, 0xce9b, 0xce9b, 0xce9b, 0xce9b, 0xce9b, 0xce9b, 0xce9b, 0xce9b, 0xce9b, 0xce9b, 0xce9b, 0xce9b, 0xce9b, 0xce9b, 0xce9b, 0xce9b, 0xce9b, 0xce9b, 0xce9b, 0xce9b, 0xce9b, 0xce9b, 0xce9b, 0xce9b, 0xce9b, 0xce9b, 0xce9b, 0xce9b, 0xce9b, 0xce9b, 0xce9b, 0xce9b, 0xce9b, 0xc67a, 0xc67a, 0xc67a, 0xc67a, 0xc67a, 0xc67a, 0xc67a, 0xc67a, 0xc67a, 0xc67a, 0xc67a, 0xc67a, 0xc67a, 0xc67a, 0xc67a, 0xc65a, 0xc65a, 0xc65a, 0xb5d8, 0x52cb, 0x0841, 0x0000, 0x0000, 0x0000, 0x0000, 0x0000, 0x0000, 0x0000, 0x0000, 0x0000, 0x0000, 0x0000, 0x0000, 0x0000, 0x1062, 0x6b4d, 0xbdf8, 0xbe19, 0xbe19, 0xbe19, 0xbe19, 0xbe19, 0xbe19, 0xbe19, 0xb5f8, 0xb5b8, 0xad97, 0xbdf7, 0xe71b, 0xef5c, 0xf79d, 0xf79d, 0xf79d, 0xef9d, 0xef9d, 0xef7d, 0xe71b, 0x9cd3, 
  0xbdd6, 0xbdf7, 0xbdf7, 0xbdd7, 0xbdd6, 0xb5b6, 0x9cf3, 0x9cf3, 0x8c92, 0x94b4, 0x94b4, 0x94b4, 0x94b4, 0x94d4, 0x94d4, 0x9d15, 0xa556, 0xad97, 0xb5f8, 0xbe18, 0xbe18, 0x6b8f, 0x18a3, 0x0821, 0x0041, 0x0020, 0x0020, 0x0020, 0x0020, 0x0020, 0x0000, 0x0000, 0x0021, 0x0021, 0x0021, 0x0842, 0x18e4, 0x7c11, 0xce7a, 0xce9a, 0xce9b, 0xce9b, 0xce9b, 0xce9b, 0xce9b, 0xce9b, 0xce9b, 0xce9b, 0xce9b, 0xce9b, 0xce9b, 0xce9b, 0xce9b, 0xce9b, 0xce9b, 0xce9b, 0xcebb, 0xce9b, 0xce9b, 0xce9b, 0xcebb, 0xcebb, 0xcebb, 0xcebb, 0xcebb, 0xce9b, 0xcebb, 0xce9b, 0xce9b, 0xce9b, 0xce9b, 0xce9b, 0xce9b, 0xce9b, 0xce9b, 0xce9b, 0xce9b, 0xce9b, 0xce9b, 0xce9b, 0xce9b, 0xce9b, 0xce9b, 0xce9b, 0xce9b, 0xce9b, 0xce9b, 0xce9b, 0xce9b, 0xce9b, 0xce9b, 0xce9b, 0xce9b, 0xce9b, 0xce9b, 0xce9b, 0xce9b, 0xce9b, 0xce9b, 0xce9b, 0xce9b, 0xce9b, 0xce9b, 0xce9b, 0xce9b, 0xce9b, 0xce9b, 0xce9b, 0xce9b, 0xce9b, 0xce9b, 0xce9b, 0xce9b, 0xce9b, 0xce9b, 0xce9b, 0xce9b, 0xce9b, 0xce9b, 0xce9b, 0xce9b, 0xce9b, 0xce9b, 0xce9b, 0xce9b, 0xce9b, 0xce9b, 0xce9b, 0xce9b, 0xce9b, 0xce9b, 0xce9b, 0xce9b, 0xce9b, 0xce9b, 0xce9b, 0xce9b, 0xce9b, 0xce9b, 0xce9b, 0xce9b, 0xce9b, 0xce9b, 0xce9b, 0xce9b, 0xce9b, 0xce9b, 0xce9b, 0xce9b, 0xce9b, 0xce9b, 0xce9b, 0xce9b, 0xce9b, 0xce9b, 0xce9b, 0xce9b, 0xce9b, 0xce9b, 0xce9b, 0xce9b, 0xce9b, 0xce9b, 0xce9b, 0xce9b, 0xce9b, 0xce9b, 0xce9b, 0xce9b, 0xce9b, 0xce9b, 0xce9b, 0xce9b, 0xce9b, 0xce9b, 0xce9b, 0xce9b, 0xce9b, 0xce9b, 0xce9b, 0xce9b, 0xce9b, 0xc67a, 0xc67a, 0xc67a, 0xc67a, 0xc67a, 0xc67a, 0xc67a, 0xc67a, 0xc67a, 0xc67a, 0xc67a, 0xc67a, 0xc67a, 0xc67a, 0xc67a, 0xc67a, 0xc65a, 0xc65a, 0xc65a, 0xc67a, 0xa555, 0x39e7, 0x0000, 0x0000, 0x0000, 0x0000, 0x0000, 0x0000, 0x0000, 0x0000, 0x0000, 0x0000, 0x0000, 0x0000, 0x0000, 0x0000, 0x20e4, 0x8411, 0xbe19, 0xbe19, 0xbe19, 0xbdf9, 0xbe19, 0xbdf8, 0xb5d8, 0xadb7, 0xad97, 0xd699, 0xef5c, 0xef9d, 0xf79d, 0xef9d, 0xef9d, 0xef9d, 0xef9d, 0xef5c, 0xd6ba, 0x94b2, 
  0xbdf7, 0xbdf7, 0xbdf7, 0xbdd7, 0xb5b6, 0xbdd6, 0xad75, 0x9cf3, 0x9cf3, 0x8c72, 0x94b4, 0x94b4, 0x94b4, 0x94b4, 0x94d4, 0x94f4, 0x9d35, 0xad76, 0xb5d7, 0x8451, 0x2105, 0x0021, 0x0021, 0x0001, 0x0001, 0x0001, 0x0020, 0x0000, 0x0000, 0x0000, 0x0000, 0x0021, 0x0021, 0x0842, 0x0863, 0x5aed, 0xbe19, 0xce7a, 0xce7a, 0xce9b, 0xce9b, 0xce9b, 0xce9b, 0xce9b, 0xce9b, 0xce9b, 0xce9b, 0xce9b, 0xce9b, 0xce9b, 0xce9b, 0xce9b, 0xce9b, 0xce9b, 0xce9b, 0xce9b, 0xce9b, 0xce9b, 0xcebb, 0xcebb, 0xcebb, 0xcebb, 0xcebb, 0xcebb, 0xcebb, 0xce9b, 0xce9b, 0xce9b, 0xce9b, 0xce9b, 0xce9b, 0xce9b, 0xce9b, 0xce9b, 0xce9b, 0xce9b, 0xce9b, 0xce9b, 0xce9b, 0xce9b, 0xce9b, 0xce9b, 0xce9b, 0xce9b, 0xce9b, 0xce9b, 0xce9b, 0xce9b, 0xce9b, 0xce9b, 0xce9b, 0xce9b, 0xce9b, 0xce9b, 0xce9b, 0xce9b, 0xce9b, 0xce9b, 0xce9b, 0xce9b, 0xce9b, 0xce9b, 0xce9b, 0xce9b, 0xce9b, 0xce9b, 0xce9b, 0xce9b, 0xce9b, 0xce9b, 0xce9b, 0xce9b, 0xce9b, 0xce9b, 0xce9b, 0xce9b, 0xce9b, 0xce9b, 0xce9b, 0xce9b, 0xce9b, 0xce9b, 0xce9b, 0xce9b, 0xce9b, 0xce9b, 0xce9b, 0xce9b, 0xce9b, 0xce9b, 0xce9b, 0xce9b, 0xce9b, 0xce9b, 0xce9b, 0xce9b, 0xce9b, 0xce9b, 0xce9b, 0xce9b, 0xce9b, 0xce9b, 0xce9b, 0xce9b, 0xce9b, 0xce9b, 0xce9b, 0xce9b, 0xce9b, 0xce9b, 0xce9b, 0xce9b, 0xce9b, 0xce9b, 0xce9b, 0xce9b, 0xce9b, 0xce9b, 0xce9b, 0xce9b, 0xce9b, 0xce9b, 0xce9b, 0xce9b, 0xce9b, 0xce9b, 0xce9b, 0xce9b, 0xce9b, 0xce9b, 0xce9b, 0xce9b, 0xce9b, 0xce9b, 0xce9b, 0xce9b, 0xce9b, 0xce9b, 0xce9b, 0xce9b, 0xce9b, 0xce9b, 0xc67a, 0xc67a, 0xc67a, 0xc67a, 0xc67a, 0xc67a, 0xc67a, 0xc67a, 0xc67a, 0xc67a, 0xc67a, 0xc67a, 0xc67a, 0xc67a, 0xc67a, 0xc67a, 0xc65a, 0xc65a, 0xc65a, 0xc65a, 0xc65a, 0xc659, 0x8c92, 0x2124, 0x0000, 0x0000, 0x0000, 0x0000, 0x0000, 0x0000, 0x0000, 0x0000, 0x0000, 0x0000, 0x0000, 0x0000, 0x0000, 0x0000, 0x31a7, 0x94d4, 0xbe18, 0xbe18, 0xbdf8, 0xb5f8, 0xb5b7, 0xad97, 0xbdf8, 0xdefa, 0xef5c, 0xf79d, 0xf7bd, 0xf7bd, 0xf79d, 0xf7bd, 0xef9d, 0xe73b, 0xb596, 0xc638, 
  0xbdf7, 0xbdd7, 0xbe17, 0xbdf7, 0xb5b6, 0xb5d6, 0xb5b6, 0xa514, 0x9cf3, 0x8c92, 0x8cb4, 0x94b4, 0x94b4, 0x94b4, 0x94b4, 0x94d4, 0x9d15, 0x8c72, 0x39a7, 0x0000, 0x0000, 0x0000, 0x0000, 0x0001, 0x0001, 0x0001, 0x0001, 0x0001, 0x0001, 0x0001, 0x0001, 0x0822, 0x0843, 0x39c8, 0xa576, 0xce9b, 0xce7b, 0xce7b, 0xce9b, 0xce9b, 0xce9b, 0xce9b, 0xce9b, 0xce9b, 0xce9b, 0xce9b, 0xcebb, 0xcebb, 0xce9b, 0xce9b, 0xce9b, 0xce9b, 0xcebb, 0xce9b, 0xce9b, 0xce9b, 0xce9b, 0xce9b, 0xcebb, 0xcebb, 0xcebb, 0xcebb, 0xcebb, 0xcebb, 0xcebb, 0xce9b, 0xcebb, 0xce9b, 0xce9b, 0xce9b, 0xce9b, 0xce9b, 0xce9b, 0xce9b, 0xce9b, 0xce9b, 0xce9b, 0xce9b, 0xce9b, 0xce9b, 0xce9b, 0xce9b, 0xce9b, 0xce9b, 0xce9b, 0xce9b, 0xce9b, 0xce9b, 0xce9b, 0xce9b, 0xce9b, 0xce9b, 0xce9b, 0xce9b, 0xce9b, 0xce9b, 0xce9b, 0xce9b, 0xce9b, 0xce9b, 0xce9b, 0xce9b, 0xce9b, 0xce9b, 0xce9b, 0xce9b, 0xce9b, 0xce9b, 0xce9b, 0xce9b, 0xce9b, 0xce9b, 0xce9b, 0xce9b, 0xce9b, 0xce9b, 0xce9b, 0xce9b, 0xce9b, 0xce9b, 0xce9b, 0xce9b, 0xce9b, 0xce9b, 0xce9b, 0xce9b, 0xce9b, 0xce9b, 0xce9b, 0xce9b, 0xce9b, 0xce9b, 0xce9b, 0xce9b, 0xce9b, 0xce9b, 0xce9b, 0xce9b, 0xce9b, 0xce9b, 0xce9b, 0xce9b, 0xce9b, 0xce9b, 0xce9b, 0xce9b, 0xce9b, 0xce9b, 0xce9b, 0xce9b, 0xce9b, 0xce9b, 0xce9b, 0xce9b, 0xce9b, 0xce9b, 0xce9b, 0xce9b, 0xce9b, 0xce9b, 0xce9b, 0xce9b, 0xce9b, 0xce9b, 0xce9b, 0xce9b, 0xce9b, 0xce9b, 0xce9b, 0xce9b, 0xce9b, 0xce9b, 0xce9b, 0xce9b, 0xce9b, 0xce9b, 0xce9b, 0xce9b, 0xce9b, 0xce9b, 0xce9b, 0xce9b, 0xc67a, 0xc67a, 0xc67a, 0xc67a, 0xc67a, 0xc67a, 0xc67a, 0xc67a, 0xc67a, 0xc67a, 0xc67a, 0xc67a, 0xc67a, 0xc67a, 0xc67a, 0xc67a, 0xc65a, 0xc65a, 0xc65a, 0xc65a, 0xc65a, 0xc65a, 0xc65a, 0xbe39, 0x738e, 0x1082, 0x0000, 0x0000, 0x0000, 0x0000, 0x0000, 0x0000, 0x0000, 0x0000, 0x0000, 0x0000, 0x0000, 0x0000, 0x0000, 0x0842, 0x52ac, 0xad77, 0xbdf8, 0xb5d8, 0xb5b7, 0xad97, 0xd699, 0xe73b, 0xf79d, 0xf7bd, 0xf7bd, 0xf7bd, 0xf79d, 0xf79d, 0xef5c, 0xdefb, 0x9471, 0xf7be, 
  0xbdf7, 0xbdf7, 0xbdf7, 0xbdf7, 0xb5b6, 0xbdd6, 0xb5b6, 0xad55, 0x9cf3, 0x9cf4, 0x8c93, 0x94b4, 0x94b4, 0x94b4, 0x8cb4, 0x94d4, 0x8c72, 0x10a3, 0x0000, 0x0000, 0x0000, 0x0000, 0x0000, 0x0000, 0x0000, 0x0000, 0x0001, 0x0001, 0x0001, 0x0022, 0x0022, 0x2105, 0x8c72, 0xc67b, 0xc67a, 0xce9a, 0xce9a, 0xce9a, 0xce9b, 0xce9b, 0xce9b, 0xce9b, 0xce9b, 0xce9b, 0xce9b, 0xce9b, 0xcebb, 0xcebb, 0xcebb, 0xcebb, 0xcebb, 0xcebb, 0xcebb, 0xcebb, 0xcebb, 0xce9b, 0xce9b, 0xce9b, 0xcebb, 0xcebb, 0xcebb, 0xcebb, 0xce9b, 0xcebb, 0xcebb, 0xce9b, 0xcebb, 0xce9b, 0xce9b, 0xce9b, 0xce9b, 0xce9b, 0xce9b, 0xce9b, 0xce9b, 0xce9b, 0xce9b, 0xce9b, 0xce9b, 0xce9b, 0xce9b, 0xce9b, 0xce9b, 0xce9b, 0xce9b, 0xce9b, 0xce9b, 0xce9b, 0xce9b, 0xce9b, 0xce9b, 0xce9b, 0xce9b, 0xce9b, 0xce9b, 0xce9b, 0xce9b, 0xce9b, 0xce9b, 0xce9b, 0xce9b, 0xce9b, 0xce9b, 0xce9b, 0xce9b, 0xce9b, 0xce9b, 0xce9b, 0xce9b, 0xce9b, 0xce9b, 0xce9b, 0xce9b, 0xce9b, 0xce9b, 0xce9b, 0xce9b, 0xce9b, 0xce9b, 0xce9b, 0xce9b, 0xce9b, 0xce9b, 0xce9b, 0xce9b, 0xce9b, 0xce9b, 0xce9b, 0xce9b, 0xce9b, 0xce9b, 0xce9b, 0xce9b, 0xce9b, 0xce9b, 0xce9b, 0xce9b, 0xce9b, 0xce9b, 0xce9b, 0xce9b, 0xce9b, 0xce9b, 0xce9b, 0xce9b, 0xce9b, 0xce9b, 0xce9b, 0xce9b, 0xce9b, 0xce9b, 0xce9b, 0xce9b, 0xce9b, 0xce9b, 0xce9b, 0xce9b, 0xce9b, 0xce9b, 0xce9b, 0xce9b, 0xce9b, 0xce9b, 0xce9b, 0xce9b, 0xce9b, 0xce9b, 0xce9b, 0xce9b, 0xce9b, 0xce9b, 0xce9b, 0xce9b, 0xce9b, 0xce9b, 0xce9b, 0xce9b, 0xce9b, 0xce9b, 0xce9b, 0xce9b, 0xce9b, 0xc67a, 0xc67a, 0xc67a, 0xc67a, 0xc67a, 0xc67a, 0xc67a, 0xc67a, 0xc67a, 0xc67a, 0xc67a, 0xc67a, 0xc67a, 0xc67a, 0xc67a, 0xc67a, 0xc67a, 0xc67a, 0xc67a, 0xc67a, 0xc65a, 0xc65a, 0xc65a, 0xc65a, 0xc65a, 0xb5d7, 0x52ab, 0x0841, 0x0000, 0x0000, 0x0000, 0x0000, 0x0000, 0x0000, 0x0000, 0x0000, 0x0000, 0x0000, 0x0000, 0x0000, 0x0863, 0x94b3, 0xb5d8, 0xb5d8, 0xadb7, 0xbdf7, 0xe71b, 0xef7c, 0xf7bd, 0xf7be, 0xf7bd, 0xf7bd, 0xf7be, 0xef7d, 0xe73c, 0xc637, 0xb595, 0xffff, 
  0xb595, 0xbdd7, 0xbdd6, 0xbdf7, 0xbdd6, 0xbdd6, 0xbdd6, 0xb596, 0xa513, 0x9cf3, 0x8c72, 0x94b3, 0x94b4, 0x94b4, 0x94b4, 0x94d4, 0x94d3, 0x528a, 0x0000, 0x0000, 0x0000, 0x0000, 0x0000, 0x0000, 0x0000, 0x0000, 0x0001, 0x0001, 0x0021, 0x0883, 0x634e, 0xbe39, 0xc67a, 0xc67a, 0xc67a, 0xce9a, 0xce9a, 0xce9a, 0xce9b, 0xce9b, 0xce9b, 0xce9b, 0xce9b, 0xcebb, 0xcebb, 0xce9b, 0xce9b, 0xcebb, 0xce9b, 0xce9b, 0xcebb, 0xcebb, 0xcebb, 0xce9b, 0xce9b, 0xcebb, 0xce9b, 0xce9b, 0xcebb, 0xcebb, 0xcebb, 0xcebb, 0xcebb, 0xcebb, 0xcebb, 0xcebb, 0xcebb, 0xce9b, 0xce9b, 0xce9b, 0xce9b, 0xce9b, 0xce9b, 0xce9b, 0xce9b, 0xce9b, 0xce9b, 0xce9b, 0xce9b, 0xce9b, 0xce9b, 0xce9b, 0xce9b, 0xce9b, 0xce9b, 0xce9b, 0xce9b, 0xce9b, 0xce9b, 0xce9b, 0xce9b, 0xce9b, 0xce9b, 0xce9b, 0xce9b, 0xce9b, 0xce9b, 0xce9b, 0xce9b, 0xce9b, 0xce9b, 0xce9b, 0xce9b, 0xce9b, 0xce9b, 0xce9b, 0xce9b, 0xce9b, 0xce9b, 0xce9b, 0xce9b, 0xce9b, 0xce9b, 0xce9b, 0xce9b, 0xce9b, 0xce9b, 0xce9b, 0xce9b, 0xce9b, 0xce9b, 0xce9b, 0xce9b, 0xce9b, 0xce9b, 0xce9b, 0xce9b, 0xce9b, 0xce9b, 0xce9b, 0xce9b, 0xce9b, 0xce9b, 0xce9b, 0xce9b, 0xce9b, 0xce9b, 0xce9b, 0xce9b, 0xce9b, 0xce9b, 0xce9b, 0xce9b, 0xce9b, 0xce9b, 0xce9b, 0xce9b, 0xce9b, 0xce9b, 0xce9b, 0xce9b, 0xce9b, 0xce9b, 0xce9b, 0xce9b, 0xce9b, 0xce9b, 0xce9b, 0xce9b, 0xce9b, 0xce9b, 0xce9b, 0xce9b, 0xce9b, 0xce9b, 0xce9b, 0xce9b, 0xce9b, 0xce9b, 0xce9b, 0xce9b, 0xce9b, 0xce9b, 0xce9b, 0xce9b, 0xce9b, 0xce9b, 0xce9b, 0xce9b, 0xce9b, 0xce9b, 0xce9b, 0xc67a, 0xc67a, 0xc67a, 0xc67a, 0xc67a, 0xc67a, 0xc67a, 0xc67a, 0xc67a, 0xc67a, 0xc67a, 0xc67a, 0xc67a, 0xc67a, 0xc67a, 0xc67a, 0xc67a, 0xc65a, 0xc65a, 0xc65a, 0xc65a, 0xc65a, 0xc65a, 0xc65a, 0xc65a, 0xc65a, 0xc659, 0xa535, 0x39c7, 0x0020, 0x0000, 0x0000, 0x0000, 0x0000, 0x0000, 0x0000, 0x0000, 0x0000, 0x0000, 0x0000, 0x4a8b, 0xb5d8, 0xb5d8, 0xb5b7, 0xad97, 0xd699, 0xef5c, 0xf79d, 0xf7be, 0xf7bd, 0xf7be, 0xef9d, 0xf79d, 0xef5c, 0xdefa, 0x94b2, 0xe75c, 0xffff, 
  0xb595, 0xbdf7, 0xbdd6, 0xbdf7, 0xbdf7, 0xb5d6, 0xbdd6, 0xbdf7, 0xad75, 0x9cd3, 0x9492, 0x8452, 0x94b4, 0x94b4, 0x94b4, 0x94b4, 0x94b4, 0x8c92, 0x18e4, 0x0000, 0x0000, 0x0000, 0x0000, 0x0000, 0x0821, 0x0001, 0x0022, 0x0842, 0x424a, 0xad97, 0xc67a, 0xc67a, 0xc67a, 0xc67a, 0xc67a, 0xc67a, 0xce9a, 0xce9a, 0xce9b, 0xce9b, 0xce9b, 0xce9b, 0xce9b, 0xce9b, 0xce9b, 0xcebb, 0xcebb, 0xcebb, 0xce9b, 0xce9b, 0xce9b, 0xce9b, 0xce9b, 0xcebb, 0xcebb, 0xcebb, 0xcebb, 0xcebb, 0xcebb, 0xcebb, 0xce9b, 0xcebb, 0xcebb, 0xcebb, 0xcebb, 0xcebb, 0xcebb, 0xce9b, 0xce9b, 0xce9b, 0xce9b, 0xce9b, 0xce9b, 0xce9b, 0xce9b, 0xce9b, 0xce9b, 0xce9b, 0xce9b, 0xce9b, 0xce9b, 0xce9b, 0xce9b, 0xce9b, 0xce9b, 0xce9b, 0xce9b, 0xce9b, 0xce9b, 0xce9b, 0xce9b, 0xce9b, 0xce9b, 0xce9b, 0xce9b, 0xce9b, 0xce9b, 0xce9b, 0xce9b, 0xce9b, 0xce9b, 0xce9b, 0xce9b, 0xce9b, 0xce9b, 0xce9b, 0xce9b, 0xce9b, 0xce9b, 0xce9b, 0xce9b, 0xce9b, 0xce9b, 0xce9b, 0xce9b, 0xce9b, 0xce9b, 0xce9b, 0xce9b, 0xce9b, 0xce9b, 0xce9b, 0xce9b, 0xce9b, 0xce9b, 0xce9b, 0xce9b, 0xce9b, 0xce9b, 0xce9b, 0xce9b, 0xce9b, 0xce9b, 0xce9b, 0xce9b, 0xce9b, 0xce9b, 0xce9b, 0xce9b, 0xce9b, 0xce9b, 0xce9b, 0xce9b, 0xce9b, 0xce9b, 0xce9b, 0xce9b, 0xce9b, 0xce9b, 0xce9b, 0xce9b, 0xce9b, 0xce9b, 0xce9b, 0xce9b, 0xce9b, 0xce9b, 0xce9b, 0xce9b, 0xce9b, 0xce9b, 0xce9b, 0xce9b, 0xce9b, 0xce9b, 0xce9b, 0xce9b, 0xce9b, 0xce9b, 0xce9b, 0xce9b, 0xce9b, 0xce9b, 0xce9b, 0xce9b, 0xce9b, 0xce9b, 0xce9b, 0xce9b, 0xce9b, 0xce9b, 0xc67a, 0xc67a, 0xc67a, 0xc67a, 0xc67a, 0xc67a, 0xc67a, 0xc67a, 0xc67a, 0xc67a, 0xc67a, 0xc67a, 0xc67a, 0xc67a, 0xc67a, 0xc67a, 0xc67a, 0xc67a, 0xc67a, 0xc67a, 0xc67a, 0xc65a, 0xc65a, 0xc65a, 0xc65a, 0xc65a, 0xc65a, 0xc65a, 0xc659, 0xc659, 0x8c92, 0x2124, 0x0000, 0x0000, 0x0000, 0x0000, 0x0000, 0x0000, 0x0000, 0x0000, 0x10a3, 0x9d35, 0xb5f8, 0xb5d8, 0xb5b7, 0xb5d7, 0xe6fb, 0xf77d, 0xf7bd, 0xf7bd, 0xf7be, 0xf7bd, 0xf7be, 0xef7d, 0xe73c, 0xc638, 0xa514, 0xffdf, 0xffff, 
  0xd6ba, 0xb595, 0xbdd7, 0xb5d6, 0xbdf7, 0xbdf7, 0xbdd6, 0xb5d6, 0xb5d6, 0xa514, 0x94b2, 0x8c51, 0x9493, 0x94b4, 0x94b4, 0x94b4, 0x94b4, 0x94d4, 0x6b6d, 0x0020, 0x0000, 0x0000, 0x0000, 0x0000, 0x0021, 0x0021, 0x2946, 0x94b3, 0xc65a, 0xc65a, 0xc65a, 0xc67a, 0xc67a, 0xc67a, 0xc67a, 0xce9a, 0xce9a, 0xce9a, 0xce9b, 0xce9b, 0xce9b, 0xce9b, 0xce9b, 0xce9b, 0xcebb, 0xcebb, 0xcebb, 0xcebb, 0xcebb, 0xcebb, 0xce9b, 0xce9b, 0xce9b, 0xce9b, 0xce9b, 0xcebb, 0xcebb, 0xcebb, 0xcebb, 0xcebb, 0xcebb, 0xcebb, 0xcebb, 0xcebb, 0xcebb, 0xcebb, 0xcebb, 0xce9b, 0xce9b, 0xce9b, 0xce9b, 0xce9b, 0xce9b, 0xce9b, 0xce9b, 0xce9b, 0xce9b, 0xce9b, 0xce9b, 0xce9b, 0xce9b, 0xce9b, 0xce9b, 0xce9b, 0xce9b, 0xce9b, 0xce9b, 0xce9b, 0xce9b, 0xce9b, 0xce9b, 0xce9b, 0xce9b, 0xce9b, 0xce9b, 0xce9b, 0xce9b, 0xce9b, 0xce9b, 0xce9b, 0xce9b, 0xce9b, 0xce9b, 0xce9b, 0xce9b, 0xce9b, 0xce9b, 0xce9b, 0xce9b, 0xce9b, 0xce9b, 0xce9b, 0xce9b, 0xce9b, 0xce9b, 0xce9b, 0xce9b, 0xce9b, 0xce9b, 0xce9b, 0xce9b, 0xce9b, 0xce9b, 0xce9b, 0xce9b, 0xce9b, 0xce9b, 0xce9b, 0xce9b, 0xce9b, 0xce9b, 0xce9b, 0xce9b, 0xce9b, 0xce9b, 0xce9b, 0xce9b, 0xce9b, 0xce9b, 0xce9b, 0xce9b, 0xce9b, 0xce9b, 0xce9b, 0xce9b, 0xce9b, 0xce9b, 0xce9b, 0xce9b, 0xce9b, 0xce9b, 0xce9b, 0xce9b, 0xce9b, 0xce9b, 0xce9b, 0xce9b, 0xce9b, 0xce9b, 0xce9b, 0xce9b, 0xce9b, 0xce9b, 0xce9b, 0xce9b, 0xce9b, 0xce9b, 0xce9b, 0xce9b, 0xce9b, 0xce9b, 0xce9b, 0xce9b, 0xce9b, 0xce9b, 0xce9b, 0xce9b, 0xce9b, 0xce9b, 0xce9b, 0xce9b, 0xc67a, 0xc67a, 0xc67a, 0xc67a, 0xc67a, 0xc67a, 0xce7a, 0xce7a, 0xc67a, 0xc67a, 0xc67a, 0xc67a, 0xc67a, 0xc67a, 0xc67a, 0xc67a, 0xc67a, 0xc67a, 0xc65a, 0xc67a, 0xc65a, 0xc65a, 0xc65a, 0xc65a, 0xc65a, 0xc65a, 0xc65a, 0xc659, 0xc659, 0xc659, 0xbe39, 0xbe18, 0x738e, 0x1082, 0x0000, 0x0000, 0x0000, 0x0000, 0x0000, 0x0000, 0x634d, 0xbdf8, 0xb5d8, 0xb5b7, 0xb597, 0xce59, 0xef3b, 0xf79d, 0xf7bd, 0xf7bd, 0xf7be, 0xf7be, 0xf7bd, 0xef7d, 0xe71b, 0x94b2, 0xdefb, 0xffff, 0xffff, 
  0xffdf, 0xad75, 0xbdd6, 0xb5b6, 0xbdf7, 0xbdf7, 0xbdd7, 0xbdd6, 0xbdf7, 0xad75, 0x9cd2, 0x9492, 0x8432, 0x94b4, 0x94b4, 0x94b4, 0x94b4, 0x94b4, 0x94b3, 0x3186, 0x0000, 0x0000, 0x0000, 0x0000, 0x1083, 0x73af, 0xbe39, 0xc65a, 0xc65a, 0xc65a, 0xc67a, 0xc67a, 0xc67a, 0xc67a, 0xc67a, 0xce9a, 0xce9a, 0xce9b, 0xce9b, 0xce9b, 0xce9b, 0xce9b, 0xce9b, 0xce9b, 0xce9b, 0xce9b, 0xce9b, 0xce9b, 0xce9b, 0xcebb, 0xce9b, 0xce9b, 0xce9b, 0xce9b, 0xcebb, 0xcebb, 0xce9b, 0xcebb, 0xcebb, 0xcebb, 0xcebb, 0xcebb, 0xcebb, 0xcebb, 0xcebb, 0xcebb, 0xcebb, 0xce9b, 0xce9b, 0xce9b, 0xce9b, 0xce9b, 0xce9b, 0xce9b, 0xce9b, 0xce9b, 0xce9b, 0xce9b, 0xce9b, 0xce9b, 0xce9b, 0xce9b, 0xce9b, 0xce9b, 0xce9b, 0xce9b, 0xce9b, 0xce9b, 0xce9b, 0xce9b, 0xce9b, 0xce9b, 0xce9b, 0xce9b, 0xce9b, 0xce9b, 0xce9b, 0xce9b, 0xce9b, 0xce9b, 0xce9b, 0xce9b, 0xce9b, 0xce9b, 0xce9b, 0xce9b, 0xce9b, 0xce9b, 0xce9b, 0xce9b, 0xce9b, 0xce9b, 0xce9b, 0xce9b, 0xce9b, 0xce9b, 0xce9b, 0xce9b, 0xce9b, 0xce9b, 0xce9b, 0xce9b, 0xce9b, 0xce9b, 0xce9b, 0xce9b, 0xce9b, 0xce9b, 0xce9b, 0xce9b, 0xce9b, 0xce9b, 0xce9b, 0xce9b, 0xce9b, 0xce9b, 0xce9b, 0xce9b, 0xce9b, 0xce9b, 0xce9b, 0xce9b, 0xce9b, 0xce9b, 0xce9b, 0xce9b, 0xce9b, 0xce9b, 0xce9b, 0xce9b, 0xce9b, 0xce9b, 0xce9b, 0xce9b, 0xce9b, 0xce9b, 0xce9b, 0xce9b, 0xce9b, 0xce9b, 0xce9b, 0xce9b, 0xce9b, 0xce9b, 0xce9b, 0xce9b, 0xce9b, 0xce9b, 0xce9b, 0xce9b, 0xce9b, 0xce9b, 0xce9b, 0xce9b, 0xce9b, 0xce9b, 0xce9b, 0xce9b, 0xce9b, 0xce9b, 0xc67a, 0xc67a, 0xc67a, 0xc67a, 0xc67a, 0xc67a, 0xc67a, 0xc67a, 0xc67a, 0xc67a, 0xc67a, 0xc67a, 0xc67a, 0xc67a, 0xc67a, 0xc67a, 0xc67a, 0xc67a, 0xc67a, 0xc65a, 0xc65a, 0xc65a, 0xc65a, 0xc65a, 0xc65a, 0xc65a, 0xc65a, 0xc65a, 0xc65a, 0xc65a, 0xc659, 0xc659, 0xc639, 0xc639, 0xb5d7, 0x52ab, 0x0841, 0x0000, 0x0000, 0x0000, 0x2125, 0xadb7, 0xb5f8, 0xb5d8, 0xadb7, 0xbdf7, 0xdeda, 0xef5c, 0xf79d, 0xf7be, 0xf7bd, 0xf7de, 0xf79d, 0xef7d, 0xe75c, 0xce79, 0x9cd3, 0xffdf, 0xffff, 0xffff, 
  0xffff, 0xd6da, 0xad75, 0xbdd7, 0xb5d6, 0xbdd7, 0xbdf7, 0xbdd6, 0xbdd7, 0xb5d6, 0xa514, 0x94b2, 0x8c51, 0x8c73, 0x94b4, 0x94b4, 0x94b4, 0x94b4, 0x94b4, 0x7bf0, 0x0861, 0x0000, 0x0821, 0x4a6a, 0xad97, 0xc639, 0xbe3a, 0xc65a, 0xc65a, 0xc65a, 0xc67a, 0xc67a, 0xc67a, 0xc67a, 0xc67a, 0xc67a, 0xce9a, 0xce9a, 0xce9b, 0xce9b, 0xce9b, 0xce9b, 0xce9b, 0xce9b, 0xce9b, 0xce9b, 0xce9b, 0xce9b, 0xce9b, 0xce9b, 0xce9b, 0xcebb, 0xcebb, 0xcebb, 0xcebb, 0xcebb, 0xcebb, 0xcebb, 0xcebb, 0xcebb, 0xcebb, 0xcebb, 0xcebb, 0xcebb, 0xcebb, 0xcebb, 0xcebb, 0xce9b, 0xce9b, 0xce9b, 0xce9b, 0xce9b, 0xce9b, 0xce9b, 0xce9b, 0xce9b, 0xce9b, 0xce9b, 0xce9b, 0xce9b, 0xce9b, 0xce9b, 0xce9b, 0xce9b, 0xce9b, 0xce9b, 0xce9b, 0xce9b, 0xce9b, 0xce9b, 0xce9b, 0xce9b, 0xce9b, 0xce9b, 0xce9b, 0xce9b, 0xce9b, 0xce9b, 0xce9b, 0xce9b, 0xce9b, 0xce9b, 0xce9b, 0xce9b, 0xce9b, 0xce9b, 0xce9b, 0xce9b, 0xce9b, 0xce9b, 0xce9b, 0xce9b, 0xce9b, 0xce9b, 0xce9b, 0xce9b, 0xce9b, 0xce9b, 0xce9b, 0xce9b, 0xce9b, 0xce9b, 0xce9b, 0xce9b, 0xce9b, 0xce9b, 0xce9b, 0xce9b, 0xce9b, 0xce9b, 0xce9b, 0xce9b, 0xce9b, 0xce9b, 0xce9b, 0xce9b, 0xce9b, 0xce9b, 0xce9b, 0xce9b, 0xce9b, 0xce9b, 0xce9b, 0xce9b, 0xce9b, 0xce9b, 0xce9b, 0xce9b, 0xce9b, 0xce9b, 0xce9b, 0xce9b, 0xce9b, 0xce9b, 0xce9b, 0xce9b, 0xce9b, 0xce9b, 0xce9b, 0xce9b, 0xce9b, 0xce9b, 0xce9b, 0xce9b, 0xce9b, 0xce9b, 0xce9b, 0xce9b, 0xce9b, 0xce9b, 0xce9b, 0xce9b, 0xce9b, 0xce9b, 0xce9b, 0xce9b, 0xce9b, 0xce9b, 0xce9b, 0xc67a, 0xc67a, 0xc67a, 0xc67a, 0xc67a, 0xc67a, 0xc67a, 0xc67a, 0xc67a, 0xc67a, 0xc67a, 0xc67a, 0xc67a, 0xc67a, 0xc67a, 0xc67a, 0xc67a, 0xc67a, 0xc67a, 0xc67a, 0xc65a, 0xc65a, 0xc65a, 0xc65a, 0xc65a, 0xc65a, 0xc65a, 0xc65a, 0xc65a, 0xc659, 0xc659, 0xc659, 0xc659, 0xc639, 0xc639, 0xbe39, 0xbe39, 0x9d35, 0x39e7, 0x0020, 0x0821, 0x8431, 0xb5f8, 0xb5d8, 0xb5b7, 0xadb7, 0xce79, 0xe71b, 0xef5c, 0xf7be, 0xf7de, 0xf7be, 0xf79d, 0xf79d, 0xef7d, 0xe71b, 0xa513, 0xdedb, 0xffff, 0xffff, 0xffff, 
  0xffff, 0xffdf, 0xb595, 0xbdf7, 0xbdd6, 0xbdf7, 0xbdf7, 0xbdd6, 0xbdd6, 0xbdd6, 0xb595, 0x9cf3, 0x94b2, 0x8411, 0x94b4, 0x94b4, 0x94b4, 0x94b3, 0x94b4, 0x94d3, 0x4a69, 0x2945, 0x8c72, 0xb5f8, 0xbdf9, 0xbe19, 0xbe39, 0xc65a, 0xc65a, 0xc65a, 0xc67a, 0xc67a, 0xc67a, 0xc67a, 0xc67a, 0xc67a, 0xce9a, 0xce9b, 0xce9b, 0xce9b, 0xce9b, 0xce9b, 0xce9b, 0xce9b, 0xce9b, 0xce9b, 0xce9b, 0xce9b, 0xce9b, 0xce9b, 0xce9b, 0xcebb, 0xcebb, 0xce9b, 0xcebb, 0xcebb, 0xcebb, 0xcebb, 0xcebb, 0xcebb, 0xcebb, 0xcebb, 0xcebb, 0xcebb, 0xcebb, 0xcebb, 0xcebb, 0xce9b, 0xce9b, 0xce9b, 0xce9b, 0xce9b, 0xce9b, 0xce9b, 0xce9b, 0xce9b, 0xce9b, 0xce9b, 0xce9b, 0xce9b, 0xce9b, 0xce9b, 0xce9b, 0xce9b, 0xce9b, 0xce9b, 0xce9b, 0xce9b, 0xce9b, 0xce9b, 0xce9b, 0xce9b, 0xce9b, 0xce9b, 0xce9b, 0xce9b, 0xce9b, 0xce9b, 0xce9b, 0xce9b, 0xce9b, 0xce9b, 0xce9b, 0xce9b, 0xce9b, 0xce9b, 0xce9b, 0xce9b, 0xce9b, 0xce9b, 0xce9b, 0xce9b, 0xce9b, 0xce9b, 0xce9b, 0xce9b, 0xce9b, 0xce9b, 0xce9b, 0xce9b, 0xce9b, 0xce9b, 0xce9b, 0xce9b, 0xce9b, 0xce9b, 0xce9b, 0xce9b, 0xce9b, 0xce9b, 0xce9b, 0xce9b, 0xce9b, 0xce9b, 0xce9b, 0xce9b, 0xce9b, 0xce9b, 0xce9b, 0xce9b, 0xce9b, 0xce9b, 0xce9b, 0xce9b, 0xce9b, 0xce9b, 0xce9b, 0xce9b, 0xce9b, 0xce9b, 0xce9b, 0xce9b, 0xce9b, 0xce9b, 0xce9b, 0xce9b, 0xce9b, 0xce9b, 0xce9b, 0xce9b, 0xce9b, 0xce9b, 0xce9b, 0xce9b, 0xce9b, 0xce9b, 0xce9b, 0xce9b, 0xce9b, 0xce9b, 0xce9b, 0xce9b, 0xce9b, 0xce9b, 0xce9b, 0xce9b, 0xce9b, 0xce9b, 0xc67a, 0xc67a, 0xc67a, 0xc67a, 0xc67a, 0xc67a, 0xc67a, 0xc67a, 0xc67a, 0xc67a, 0xc67a, 0xc67a, 0xc67a, 0xc67a, 0xc67a, 0xc67a, 0xc67a, 0xc67a, 0xc67a, 0xc67a, 0xc65a, 0xc65a, 0xc65a, 0xc65a, 0xc65a, 0xc65a, 0xc65a, 0xc65a, 0xc65a, 0xc65a, 0xc639, 0xbe3a, 0xc65a, 0xc63a, 0xc639, 0xc639, 0xbe39, 0xbe39, 0xbe19, 0xbe19, 0x8c72, 0x5acc, 0xb5d8, 0xbdf8, 0xb5d8, 0xb5b7, 0xb5d7, 0xdefa, 0xe71b, 0xf79d, 0xf7de, 0xf7be, 0xf79d, 0xf79d, 0xef9d, 0xe73c, 0xd699, 0x9cf3, 0xf7de, 0xffff, 0xffff, 0xffff, 
  0xffff, 0xffff, 0xe71c, 0xad75, 0xbdf7, 0xbdd7, 0xbdf7, 0xbdf7, 0xbdd6, 0xbdd6, 0xbdd6, 0xa534, 0x94b2, 0x8c71, 0x8452, 0x94b4, 0x94b4, 0x94b3, 0x94b3, 0x94b3, 0x94d4, 0x9d15, 0xa556, 0xadb7, 0xb5f8, 0xbe19, 0xbe39, 0xbe3a, 0xc65a, 0xc65a, 0xc65a, 0xc65a, 0xc67a, 0xc67a, 0xc67a, 0xc67a, 0xc67a, 0xc67a, 0xce9a, 0xce9b, 0xce9b, 0xce9b, 0xce9b, 0xce9b, 0xce9b, 0xce9b, 0xcebb, 0xcebb, 0xcebb, 0xcebb, 0xcebb, 0xcebb, 0xcebb, 0xcebb, 0xcebb, 0xcebb, 0xcebb, 0xcebb, 0xcebb, 0xcebb, 0xcebb, 0xcebb, 0xcebb, 0xcebb, 0xcebb, 0xcebb, 0xcebb, 0xcebb, 0xce9b, 0xce9b, 0xce9b, 0xce9b, 0xce9b, 0xce9b, 0xce9b, 0xce9b, 0xce9b, 0xce9b, 0xce9b, 0xce9b, 0xce9b, 0xce9b, 0xce9b, 0xce9b, 0xce9b, 0xce9b, 0xce9b, 0xce9b, 0xce9b, 0xce9b, 0xce9b, 0xce9b, 0xce9b, 0xce9b, 0xce9b, 0xce9b, 0xce9b, 0xce9b, 0xce9b, 0xce9b, 0xce9b, 0xce9b, 0xce9b, 0xce9b, 0xce9b, 0xce9b, 0xce9b, 0xce9b, 0xce9b, 0xce9b, 0xce9b, 0xce9b, 0xce9b, 0xce9b, 0xce9b, 0xce9b, 0xce9b, 0xce9b, 0xce9b, 0xce9b, 0xce9b, 0xce9b, 0xce9b, 0xce9b, 0xce9b, 0xce9b, 0xce9b, 0xce9b, 0xce9b, 0xce9b, 0xce9b, 0xce9b, 0xce9b, 0xce9b, 0xce9b, 0xce9b, 0xce9b, 0xce9b, 0xce9b, 0xce9b, 0xce9b, 0xce9b, 0xce9b, 0xce9b, 0xce9b, 0xce9b, 0xce9b, 0xce9b, 0xce9b, 0xce9b, 0xce9b, 0xce9b, 0xce9b, 0xce9b, 0xce9b, 0xce9b, 0xce9b, 0xce9b, 0xce9b, 0xce9b, 0xce9b, 0xce9b, 0xce9b, 0xce9b, 0xce9b, 0xce9b, 0xce9b, 0xce9b, 0xce9b, 0xce9b, 0xce9b, 0xce9b, 0xce9b, 0xce9b, 0xce9b, 0xce9b, 0xce9a, 0xce9a, 0xc67a, 0xc67a, 0xc67a, 0xc67a, 0xc67a, 0xc67a, 0xc67a, 0xc67a, 0xc67a, 0xc67a, 0xc67a, 0xc67a, 0xc67a, 0xc67a, 0xc67a, 0xc67a, 0xc67a, 0xc67a, 0xc67a, 0xc67a, 0xc65a, 0xc67a, 0xc65a, 0xc67a, 0xc65a, 0xc65a, 0xc65a, 0xc65a, 0xc65a, 0xc65a, 0xc639, 0xb5b7, 0xc65a, 0xc639, 0xc63a, 0xbe39, 0xbe39, 0xbe19, 0xbe19, 0xbe19, 0xbe19, 0xbe19, 0xbdf8, 0xb5f8, 0xb5d7, 0xb5b7, 0xce59, 0xe71b, 0xef5c, 0xf7be, 0xf7be, 0xffde, 0xf79d, 0xf79d, 0xef7c, 0xe71b, 0xa513, 0xdedb, 0xffff, 0xffff, 0xffff, 0xffff, 
  0xffff, 0xffff, 0xffff, 0xbdd7, 0xbdf7, 0xbdd7, 0xb5d6, 0xbdf7, 0xbdd7, 0xb5d6, 0xb5b6, 0xb596, 0x9cf3, 0x9cd2, 0x8411, 0x9493, 0x94b4, 0x94b3, 0x94b3, 0x94b3, 0x94d4, 0x9cf4, 0x9d36, 0xad97, 0xb5d8, 0xbdf9, 0xbe19, 0xbe39, 0xc639, 0xb5b7, 0x4209, 0x7390, 0xc65a, 0xc67a, 0xc67a, 0xc67a, 0xc67a, 0xce9a, 0xce9a, 0xce9a, 0xce9b, 0xce9b, 0xce9b, 0xce9b, 0xce9b, 0xce9b, 0xcebb, 0xcebb, 0xcebb, 0xcebb, 0xcebb, 0xcebb, 0xcebb, 0xcebb, 0xcebb, 0xcebb, 0xcebb, 0xcebb, 0xcebb, 0xcebb, 0xcebb, 0xcebb, 0xcebb, 0xcebb, 0xcebb, 0xcebb, 0xcebb, 0xcebb, 0xce9b, 0xce9b, 0xce9b, 0xce9b, 0xce9b, 0xce9b, 0xce9b, 0xce9b, 0xce9b, 0xce9b, 0xce9b, 0xce9b, 0xce9b, 0xce9b, 0xce9b, 0xce9b, 0xce9b, 0xce9b, 0xce9b, 0xce9b, 0xce9b, 0xce9b, 0xce9b, 0xce9b, 0xce9b, 0xce9b, 0xce9b, 0xce9b, 0xce9b, 0xce9b, 0xce9b, 0xce9b, 0xce9b, 0xce9b, 0xce9b, 0xce9b, 0xce9b, 0xce9b, 0xce9b, 0xce9b, 0xce9b, 0xce9b, 0xce9b, 0xce9b, 0xce9b, 0xce9b, 0xce9b, 0xce9b, 0xce9b, 0xce9b, 0xce9b, 0xce9b, 0xce9b, 0xce9b, 0xce9b, 0xce9b, 0xce9b, 0xce9b, 0xce9b, 0xce9b, 0xce9b, 0xce9b, 0xce9b, 0xce9b, 0xce9b, 0xce9b, 0xce9b, 0xce9b, 0xce9b, 0xce9b, 0xce9b, 0xce9b, 0xce9b, 0xce9b, 0xce9b, 0xce9b, 0xce9b, 0xce9b, 0xce9b, 0xce9b, 0xce9b, 0xce9b, 0xce9b, 0xce9b, 0xce9b, 0xce9b, 0xce9b, 0xce9b, 0xce9b, 0xce9b, 0xce9b, 0xce9b, 0xce9b, 0xce9b, 0xce9b, 0xce9b, 0xce9b, 0xce9b, 0xce9b, 0xce9b, 0xce9b, 0xce9b, 0xce9b, 0xce9b, 0xce9b, 0xce9b, 0xce9a, 0xce9a, 0xce9a, 0xce9a, 0xce9a, 0xc67a, 0xc67a, 0xc67a, 0xce9a, 0xc67a, 0xc67a, 0xc67a, 0xc67a, 0xc67a, 0xc67a, 0xc67a, 0xc67a, 0xc67a, 0xc67a, 0xc67a, 0xc67a, 0xc67a, 0xc67a, 0xc65a, 0xc65a, 0xc65a, 0xc67a, 0xc65a, 0xc65a, 0xc65a, 0xc65a, 0xc65a, 0xc65a, 0xc639, 0x7bf0, 0x0862, 0x6b6e, 0xbe19, 0xbe39, 0xbe39, 0xbe39, 0xbe39, 0xbe19, 0xbe19, 0xbe19, 0xbe19, 0xbdf8, 0xb5d8, 0xadb7, 0xbdf7, 0xdefb, 0xe73b, 0xf7bd, 0xf7be, 0xf7be, 0xf7bd, 0xf79d, 0xef7d, 0xe73b, 0xdeda, 0xa513, 0xffde, 0xffff, 0xffff, 0xffff, 0xffff, 
  0xffff, 0xffff, 0xffff, 0xef5d, 0xad55, 0xbdf7, 0xb5d6, 0xbdd6, 0xbdd6, 0xb5b6, 0xb5b6, 0xb5b6, 0xad55, 0x9cf3, 0x94b2, 0x8431, 0x94b4, 0x94b3, 0x94b4, 0x94b4, 0x94b4, 0x94d4, 0x9d15, 0xa556, 0xad97, 0xb5d8, 0xbe19, 0xbe39, 0x8c72, 0x18e4, 0x0842, 0x1084, 0x9cd4, 0xc65a, 0xc65a, 0xc67a, 0xc67a, 0xc67a, 0xc67a, 0xce9a, 0xce9b, 0xce9b, 0xce9b, 0xce9b, 0xce9b, 0xce9b, 0xce9b, 0xce9b, 0xce9b, 0xce9b, 0xce9b, 0xce9b, 0xcebb, 0xcebb, 0xcebb, 0xcebb, 0xcebb, 0xcebb, 0xcebb, 0xcebb, 0xcebb, 0xcebb, 0xcebb, 0xcebb, 0xcebb, 0xcebb, 0xcebb, 0xcebb, 0xcebb, 0xce9b, 0xce9b, 0xce9b, 0xce9b, 0xce9b, 0xce9b, 0xce9b, 0xce9b, 0xce9b, 0xce9b, 0xce9b, 0xce9b, 0xce9b, 0xce9b, 0xce9b, 0xce9b, 0xce9b, 0xce9b, 0xce9b, 0xce9b, 0xce9b, 0xce9b, 0xce9b, 0xce9b, 0xce9b, 0xce9b, 0xce9b, 0xce9b, 0xce9b, 0xce9b, 0xce9b, 0xce9b, 0xce9b, 0xce9b, 0xce9b, 0xce9b, 0xce9b, 0xce9b, 0xce9b, 0xce9b, 0xce9b, 0xce9b, 0xce9b, 0xce9b, 0xce9b, 0xce9b, 0xce9b, 0xce9b, 0xce9b, 0xce9b, 0xce9b, 0xce9b, 0xce9b, 0xce9b, 0xce9b, 0xce9b, 0xce9b, 0xce9b, 0xce9b, 0xce9b, 0xce9b, 0xce9b, 0xce9b, 0xce9b, 0xce9b, 0xce9b, 0xce9b, 0xce9b, 0xce9b, 0xce9b, 0xce9b, 0xce9b, 0xce9b, 0xce9b, 0xce9b, 0xce9b, 0xce9b, 0xce9b, 0xce9b, 0xce9b, 0xce9b, 0xce9b, 0xce9b, 0xce9b, 0xce9b, 0xce9b, 0xce9b, 0xce9b, 0xce9b, 0xce9b, 0xce9b, 0xce9b, 0xce9b, 0xce9b, 0xce9b, 0xce9b, 0xce9b, 0xce9b, 0xce9b, 0xce9b, 0xce9b, 0xce9b, 0xce9b, 0xce9a, 0xce9a, 0xce9a, 0xce9a, 0xce9a, 0xce9a, 0xce9a, 0xce9a, 0xce9a, 0xce9a, 0xce9a, 0xc67a, 0xc67a, 0xc67a, 0xc67a, 0xc67a, 0xc67a, 0xce7a, 0xce7a, 0xce7a, 0xce7a, 0xc67a, 0xc67a, 0xc67a, 0xc67a, 0xc67a, 0xc65a, 0xc67a, 0xc65a, 0xc65a, 0xc65a, 0xc65a, 0xc65a, 0xc65a, 0xc659, 0xa556, 0x1082, 0x0000, 0x0000, 0x31a7, 0xad76, 0xbe39, 0xbe19, 0xbe19, 0xbe19, 0xbe19, 0xbe19, 0xbe19, 0xb5f8, 0xb5d8, 0xb5b7, 0xd6da, 0xef5c, 0xef7d, 0xf7de, 0xf7bd, 0xf7be, 0xf79d, 0xf79d, 0xef7d, 0xe71b, 0xa534, 0xdf1b, 0xffff, 0xffff, 0xffff, 0xffff, 0xffff, 
  0xffff, 0xffff, 0xffff, 0xffdf, 0xc638, 0xb5b6, 0xbdf7, 0xb5d6, 0xbdd6, 0xb5b6, 0xb5b6, 0xb5b6, 0xb5b6, 0xa533, 0x9cf3, 0x8c71, 0x8c73, 0x94b4, 0x94b4, 0x94b3, 0x94b3, 0x94b4, 0x94f4, 0x9d35, 0xad76, 0xb5b7, 0xb5b7, 0x5acc, 0x0841, 0x0021, 0x0021, 0x0862, 0x31c9, 0xbe39, 0xc65a, 0xc67a, 0xc67a, 0xc67a, 0xce9a, 0xce9a, 0xce9a, 0xce9b, 0xce9b, 0xce9b, 0xce9b, 0xce9b, 0xcebb, 0xce9b, 0xce9b, 0xce9b, 0xcebb, 0xcebb, 0xcebb, 0xcebb, 0xcebb, 0xcebb, 0xcebb, 0xcebb, 0xcebb, 0xcebb, 0xcebb, 0xcebb, 0xcebb, 0xcebb, 0xcebb, 0xcebb, 0xcebb, 0xcebb, 0xcebb, 0xce9b, 0xce9b, 0xce9b, 0xce9b, 0xce9b, 0xce9b, 0xce9b, 0xce9b, 0xce9b, 0xce9b, 0xce9b, 0xce9b, 0xce9b, 0xce9b, 0xce9b, 0xce9b, 0xce9b, 0xce9b, 0xce9b, 0xce9b, 0xce9b, 0xce9b, 0xce9b, 0xce9b, 0xce9b, 0xce9b, 0xce9b, 0xce9b, 0xce9b, 0xce9b, 0xce9b, 0xce9b, 0xce9b, 0xce9b, 0xce9b, 0xce9b, 0xce9b, 0xce9b, 0xce9b, 0xce9b, 0xce9b, 0xce9b, 0xce9b, 0xce9b, 0xce9b, 0xce9b, 0xce9b, 0xce9b, 0xce9b, 0xce9b, 0xce9b, 0xce9b, 0xce9b, 0xce9b, 0xce9b, 0xce9b, 0xce9b, 0xce9b, 0xce9b, 0xce9b, 0xce9b, 0xce9b, 0xce9b, 0xce9b, 0xce9b, 0xce9b, 0xce9b, 0xce9b, 0xce9b, 0xce9b, 0xce9b, 0xce9b, 0xce9b, 0xce9b, 0xce9b, 0xce9b, 0xce9b, 0xce9b, 0xce9b, 0xce9b, 0xce9b, 0xce9b, 0xce9b, 0xce9b, 0xce9b, 0xce9b, 0xce9b, 0xce9b, 0xce9b, 0xce9b, 0xce9b, 0xce9b, 0xce9b, 0xce9b, 0xce9b, 0xce9b, 0xce9b, 0xce9b, 0xce9b, 0xce9b, 0xce9b, 0xce9b, 0xce9b, 0xce9b, 0xce9b, 0xce9a, 0xc67a, 0xc67a, 0xce9a, 0xce9a, 0xce9a, 0xce9a, 0xce9a, 0xce9a, 0xc67a, 0xc67a, 0xc67a, 0xc67a, 0xc67a, 0xc67a, 0xce7a, 0xce7a, 0xce7a, 0xce7a, 0xc67a, 0xc67a, 0xc67a, 0xc67a, 0xc67a, 0xc65a, 0xc65a, 0xc65a, 0xc65a, 0xc65a, 0xc65a, 0xc65a, 0xc65a, 0xc659, 0x6b6e, 0x0821, 0x0000, 0x0000, 0x0000, 0x1083, 0x8411, 0xbe19, 0xbe19, 0xbe19, 0xbe19, 0xbe19, 0xbdf9, 0xb5d8, 0xb5b7, 0xc618, 0xe73b, 0xef5c, 0xf7bd, 0xf7bd, 0xf7be, 0xf79d, 0xf79d, 0xef7c, 0xe73c, 0xd699, 0xad55, 0xffde, 0xffff, 0xffff, 0xffff, 0xffff, 0xffff, 
  0xffff, 0xffff, 0xffff, 0xffff, 0xf7be, 0xad55, 0xbdd7, 0xb5d6, 0xb5b6, 0xb5d6, 0xb5b6, 0xb5b6, 0xb5d6, 0xad75, 0x9cf3, 0xa513, 0x8451, 0x94b3, 0x94b4, 0x94b3, 0x94b4, 0x94b4, 0x94d4, 0x9cf5, 0xa536, 0x94b3, 0x2945, 0x0000, 0x0000, 0x0001, 0x0022, 0x3a09, 0xb5d8, 0xc65a, 0xc65a, 0xc67a, 0xc67a, 0xc67a, 0xc67a, 0xc67a, 0xce9a, 0xce9b, 0xce9b, 0xce9b, 0xce9b, 0xce9b, 0xce9b, 0xce9b, 0xce9b, 0xcebb, 0xcebb, 0xce9b, 0xce9b, 0xcebb, 0xcebb, 0xcebb, 0xcebb, 0xcebb, 0xce9b, 0xcebb, 0xcebb, 0xcebb, 0xcebb, 0xcebb, 0xcebb, 0xcebb, 0xcebb, 0xcebb, 0xcebb, 0xcebb, 0xce9b, 0xce9b, 0xce9b, 0xce9b, 0xce9b, 0xce9b, 0xce9b, 0xce9b, 0xce9b, 0xce9b, 0xce9b, 0xce9b, 0xce9b, 0xce9b, 0xce9b, 0xce9b, 0xce9b, 0xce9b, 0xce9b, 0xce9b, 0xce9b, 0xce9b, 0xce9b, 0xce9b, 0xce9b, 0xce9b, 0xce9b, 0xce9b, 0xce9b, 0xce9b, 0xce9b, 0xce9b, 0xce9b, 0xce9b, 0xce9b, 0xce9b, 0xce9b, 0xce9b, 0xce9b, 0xce9b, 0xce9b, 0xce9b, 0xce9b, 0xce9b, 0xce9b, 0xce9b, 0xce9b, 0xce9b, 0xce9b, 0xce9b, 0xce9b, 0xce9b, 0xce9b, 0xce9b, 0xce9b, 0xce9b, 0xce9b, 0xce9b, 0xce9b, 0xce9b, 0xce9b, 0xce9b, 0xce9b, 0xce9b, 0xce9b, 0xce9b, 0xce9b, 0xce9b, 0xce9b, 0xce9b, 0xce9b, 0xce9b, 0xce9b, 0xce9b, 0xce9b, 0xce9b, 0xce9b, 0xce9b, 0xce9b, 0xce9b, 0xce9b, 0xce9b, 0xce9b, 0xce9b, 0xce9b, 0xce9b, 0xce9b, 0xce9b, 0xce9b, 0xce9b, 0xce9b, 0xce9b, 0xce9b, 0xce9b, 0xce9b, 0xce9b, 0xce9b, 0xce9b, 0xce9b, 0xce9b, 0xce9a, 0xce9a, 0xce9a, 0xce9a, 0xce9a, 0xce9a, 0xce9a, 0xce9a, 0xce9a, 0xce9a, 0xce9a, 0xce9a, 0xce9a, 0xce9a, 0xce9a, 0xc67a, 0xc67a, 0xc67a, 0xc67a, 0xc67a, 0xc67a, 0xce7a, 0xce7a, 0xce7a, 0xc67a, 0xc67a, 0xc67a, 0xc67a, 0xc67a, 0xc67a, 0xc65a, 0xc65a, 0xc65a, 0xc65a, 0xc65a, 0xc65a, 0xc639, 0xc65a, 0x8c72, 0x18a3, 0x0000, 0x0000, 0x0000, 0x0821, 0x4a6a, 0xb5b8, 0xbe19, 0xbe19, 0xbdf8, 0xbdf8, 0xb5b8, 0xb5f7, 0xd6ba, 0xe73b, 0xef9d, 0xf7bd, 0xef9d, 0xf79d, 0xf79d, 0xef7c, 0xef5c, 0xe73c, 0x9cf3, 0xe75c, 0xffff, 0xffff, 0xffff, 0xffff, 0xffff, 0xffff, 
  0xffff, 0xffff, 0xffff, 0xffff, 0xffff, 0xd6ba, 0xb596, 0xbdd6, 0xb5b6, 0xb5b6, 0xb5b6, 0xb595, 0xb596, 0xb5b6, 0xad54, 0xa513, 0x9cf3, 0x8452, 0x94b4, 0x94b3, 0x94b4, 0x94b3, 0x94b4, 0x94d4, 0x7c10, 0x1062, 0x0000, 0x0000, 0x0000, 0x0842, 0x634e, 0xbe19, 0xc659, 0xc65a, 0xc67a, 0xc67a, 0xc67a, 0xc67a, 0xc67a, 0xc67a, 0xce9a, 0xce9b, 0xce9b, 0xce9b, 0xce9b, 0xce9b, 0xce9b, 0xce9b, 0xce9b, 0xce9b, 0xce9b, 0xce9b, 0xce9b, 0xcebb, 0xce9b, 0xce9b, 0xcebb, 0xcebb, 0xcebb, 0xcebb, 0xcebb, 0xcebb, 0xcebb, 0xce9b, 0xcebb, 0xcebb, 0xcebb, 0xcebb, 0xcebb, 0xcebb, 0xcebb, 0xce9b, 0xce9b, 0xce9b, 0xce9b, 0xce9b, 0xce9b, 0xce9b, 0xce9b, 0xce9b, 0xce9b, 0xce9b, 0xce9b, 0xce9b, 0xce9b, 0xce9b, 0xce9b, 0xce9b, 0xce9b, 0xce9b, 0xce9b, 0xce9b, 0xce9b, 0xce9b, 0xce9b, 0xce9b, 0xce9b, 0xce9b, 0xce9b, 0xce9b, 0xce9b, 0xce9b, 0xce9b, 0xce9b, 0xce9b, 0xce9b, 0xce9b, 0xce9b, 0xce9b, 0xce9b, 0xce9b, 0xce9b, 0xce9b, 0xce9b, 0xce9b, 0xce9b, 0xce9b, 0xce9b, 0xce9b, 0xce9b, 0xce9b, 0xce9b, 0xce9b, 0xce9b, 0xce9b, 0xce9b, 0xce9b, 0xce9b, 0xce9b, 0xce9b, 0xce9b, 0xce9b, 0xce9b, 0xce9b, 0xce9b, 0xce9b, 0xce9b, 0xce9b, 0xce9b, 0xce9b, 0xce9b, 0xce9b, 0xce9b, 0xce9b, 0xce9b, 0xce9b, 0xce9b, 0xce9b, 0xce9b, 0xce9b, 0xce9b, 0xce9b, 0xce9b, 0xce9b, 0xce9b, 0xce9b, 0xce9b, 0xce9b, 0xce9b, 0xce9b, 0xce9b, 0xce9b, 0xce9b, 0xce9b, 0xce9b, 0xce9b, 0xce9b, 0xce9b, 0xce9b, 0xce9b, 0xce9b, 0xce9a, 0xce9a, 0xc67a, 0xce9a, 0xce9a, 0xce9a, 0xce9a, 0xce9a, 0xc69a, 0xce9a, 0xce9a, 0xce9a, 0xce9a, 0xce9a, 0xc67a, 0xc67a, 0xc67a, 0xc67a, 0xc67a, 0xc67a, 0xc67a, 0xce7a, 0xc67a, 0xc67a, 0xc67a, 0xc67a, 0xc67a, 0xc65a, 0xc65a, 0xc65a, 0xc65a, 0xc65a, 0xc65a, 0xc65a, 0xc65a, 0xc63a, 0xc639, 0xc639, 0xad96, 0x39e8, 0x0000, 0x0000, 0x0000, 0x0000, 0x528b, 0xbe19, 0xbe19, 0xbdf8, 0xb5d8, 0xb5b7, 0xd679, 0xe71b, 0xef7c, 0xf7bd, 0xf79d, 0xef9d, 0xf79d, 0xef7c, 0xef7c, 0xe73b, 0xbdf7, 0xbdd7, 0xffdf, 0xffff, 0xffff, 0xffff, 0xffff, 0xffff, 0xffff, 
  0xffff, 0xffff, 0xffff, 0xffff, 0xffff, 0xf7de, 0xb5b6, 0xb5d6, 0xb5b6, 0xb596, 0xb5b6, 0xb596, 0xb595, 0xb5b6, 0xb5b6, 0xa533, 0xa514, 0x8c92, 0x8c72, 0x94b4, 0x94b4, 0x94b3, 0x94b3, 0x94b4, 0x94b4, 0x31a6, 0x0000, 0x0000, 0x18c3, 0x8c93, 0xbe39, 0xbe39, 0xc659, 0xc65a, 0xc65a, 0xc67a, 0xc67a, 0xc67a, 0xce7a, 0xce7a, 0xce7a, 0xce9b, 0xce9b, 0xce9b, 0xce9b, 0xce9b, 0xce9b, 0xce9b, 0xce9b, 0xce9b, 0xce9b, 0xce9b, 0xce9b, 0xce9b, 0xce9b, 0xce9b, 0xce9b, 0xce9b, 0xce9b, 0xcebb, 0xcebb, 0xcebb, 0xcebb, 0xcebb, 0xce9b, 0xcebb, 0xcebb, 0xcebb, 0xcebb, 0xcebb, 0xcebb, 0xcebb, 0xce9b, 0xce9b, 0xce9b, 0xce9b, 0xce9b, 0xce9b, 0xce9b, 0xce9b, 0xce9b, 0xce9b, 0xce9b, 0xce9b, 0xce9b, 0xce9b, 0xce9b, 0xce9b, 0xce9b, 0xce9b, 0xce9b, 0xce9b, 0xce9b, 0xce9b, 0xce9b, 0xce9b, 0xce9b, 0xce9b, 0xce9b, 0xce9b, 0xce9b, 0xce9b, 0xce9b, 0xce9b, 0xce9b, 0xce9b, 0xce9b, 0xce9b, 0xce9b, 0xce9b, 0xce9b, 0xce9b, 0xce9b, 0xce9b, 0xce9b, 0xce9b, 0xce9b, 0xce9b, 0xce9b, 0xce9b, 0xce9b, 0xce9b, 0xce9b, 0xce9b, 0xce9b, 0xce9b, 0xce9b, 0xce9b, 0xce9b, 0xce9b, 0xce9b, 0xce9b, 0xce9b, 0xce9b, 0xce9b, 0xce9b, 0xce9b, 0xce9b, 0xce9b, 0xce9b, 0xce9b, 0xce9b, 0xce9b, 0xce9b, 0xce9b, 0xce9b, 0xce9b, 0xce9b, 0xce9b, 0xce9b, 0xce9b, 0xce9b, 0xce9b, 0xce9b, 0xce9b, 0xce9b, 0xce9b, 0xce9b, 0xce9b, 0xce9b, 0xce9b, 0xce9b, 0xce9b, 0xce9b, 0xce9b, 0xce9b, 0xce9b, 0xce9b, 0xce9b, 0xce9b, 0xce9b, 0xce9b, 0xce9a, 0xce9a, 0xce9b, 0xce9b, 0xce9b, 0xce9a, 0xce7a, 0xce7a, 0xce7a, 0xce7a, 0xce9a, 0xce9a, 0xce9a, 0xc67a, 0xc67a, 0xc67a, 0xc67a, 0xc67a, 0xc67a, 0xc67a, 0xc67a, 0xc67a, 0xc67a, 0xc67a, 0xc67a, 0xc67a, 0xc67a, 0xc67a, 0xc65a, 0xc65a, 0xc65a, 0xc65a, 0xc65a, 0xc65a, 0xc659, 0xc659, 0xbe39, 0xbe39, 0xbe19, 0x6b6e, 0x0841, 0x0000, 0x18e3, 0xa556, 0xbe19, 0xbe18, 0xbdf8, 0xb5d8, 0xc638, 0xe6fa, 0xef5c, 0xef9d, 0xf79d, 0xf79d, 0xef9d, 0xef9d, 0xef5c, 0xe73c, 0xdefb, 0x9cd2, 0xf79e, 0xffff, 0xffff, 0xffff, 0xffff, 0xffff, 0xffff, 0xffff, 
  0xffff, 0xffff, 0xffff, 0xffff, 0xffff, 0xffff, 0xe73c, 0xad75, 0xb5d6, 0xb5b6, 0xb5b6, 0xb5b6, 0xb596, 0xb596, 0xb5b6, 0xad75, 0x9d13, 0xa514, 0x8431, 0x94b3, 0x94b4, 0x94b4, 0x94b4, 0x94b4, 0x94b4, 0x8c52, 0x18c3, 0x39c7, 0xa555, 0xb5f8, 0xbe19, 0xbe39, 0xbe39, 0xc65a, 0xc65a, 0xc67a, 0xc67a, 0xc67a, 0xc67a, 0xce7a, 0xce7a, 0xce7a, 0xce7a, 0xce7a, 0xce7a, 0xce9b, 0xce9b, 0xce9b, 0xce9b, 0xce9b, 0xce9b, 0xce9b, 0xce9b, 0xce9b, 0xce9b, 0xce9b, 0xce9b, 0xce9b, 0xce9b, 0xcebb, 0xce9b, 0xcebb, 0xcebb, 0xcebb, 0xcebb, 0xcebb, 0xcebb, 0xcebb, 0xcebb, 0xcebb, 0xcebb, 0xcebb, 0xcebb, 0xce9b, 0xce9b, 0xce9b, 0xce9b, 0xce9b, 0xce9b, 0xce9b, 0xce9b, 0xce9b, 0xce9b, 0xce9b, 0xce9b, 0xce9b, 0xce9b, 0xce9b, 0xce9b, 0xce9b, 0xce9b, 0xce9b, 0xce9b, 0xce9b, 0xce9b, 0xce9b, 0xce9b, 0xce9b, 0xce9b, 0xce9b, 0xce9b, 0xce9b, 0xce9b, 0xce9b, 0xce9b, 0xce9b, 0xce9b, 0xce9b, 0xce9b, 0xce9b, 0xce9b, 0xce9b, 0xce9b, 0xce9b, 0xce9b, 0xce9b, 0xce9b, 0xce9b, 0xce9b, 0xce9b, 0xce9b, 0xce9b, 0xce9b, 0xce9b, 0xce9b, 0xce9b, 0xce9b, 0xce9b, 0xce9b, 0xce9b, 0xce9b, 0xce9b, 0xce9b, 0xce9b, 0xce9b, 0xce9b, 0xce9b, 0xce9b, 0xce9b, 0xce9b, 0xce9b, 0xce9b, 0xce9b, 0xce9b, 0xce9b, 0xce9b, 0xce9b, 0xce9b, 0xce9b, 0xce9b, 0xce9b, 0xce9b, 0xce9b, 0xce9b, 0xce9b, 0xce9b, 0xce9b, 0xce9b, 0xce9b, 0xce9b, 0xce9b, 0xce9b, 0xce9b, 0xce9b, 0xce9b, 0xce9b, 0xce9b, 0xce9b, 0xce9b, 0xce9b, 0xce9b, 0xce9b, 0xce9b, 0xce9b, 0xce9b, 0xce9a, 0xce7a, 0xce7a, 0xce7a, 0xce7a, 0xce7a, 0xce7a, 0xce9a, 0xce9a, 0xc67a, 0xc67a, 0xc67a, 0xc67a, 0xc67a, 0xc67a, 0xc67a, 0xc67a, 0xc67a, 0xc67a, 0xc67a, 0xc67a, 0xc67a, 0xc67a, 0xc67a, 0xc65a, 0xc65a, 0xc65a, 0xc65a, 0xc65a, 0xc65a, 0xc65a, 0xc639, 0xbe39, 0xbe39, 0xbe39, 0xbe39, 0xbe39, 0x9cf4, 0x2986, 0x8451, 0xbe19, 0xbe19, 0xbdf8, 0xb5d8, 0xbdf7, 0xe6fa, 0xef3b, 0xef7c, 0xf79d, 0xef7d, 0xef7c, 0xef7c, 0xef5c, 0xe75c, 0xe71b, 0xad75, 0xd699, 0xffff, 0xffff, 0xffff, 0xffff, 0xffff, 0xffff, 0xffff, 0xffff, 
  0xffff, 0xffff, 0xffff, 0xffff, 0xffff, 0xffff, 0xffdf, 0xc638, 0xb596, 0xbdd7, 0xb596, 0xb5b6, 0xb595, 0xad75, 0xb5b6, 0xb5b6, 0xa534, 0x9cf3, 0x9cf3, 0x8431, 0x94b4, 0x94b4, 0x94b3, 0x94b3, 0x94b4, 0x94d4, 0x8c93, 0xa535, 0xad97, 0xb5d8, 0xbdf8, 0xbe19, 0xbe39, 0xc639, 0xc65a, 0xc65a, 0xc65a, 0xc67a, 0xc67a, 0xc67a, 0xc67a, 0xce9b, 0xce9a, 0xce9a, 0xce9b, 0xce9b, 0xce9b, 0xce9b, 0xce9b, 0xce9b, 0xce9b, 0xce9b, 0xce9b, 0xcebb, 0xce9b, 0xce9b, 0xce9b, 0xce9b, 0xce9b, 0xce9b, 0xce9b, 0xcebb, 0xcebb, 0xcebb, 0xcebb, 0xcebb, 0xcebb, 0xcebb, 0xce9b, 0xcebb, 0xcebb, 0xcebb, 0xcebb, 0xcebb, 0xce9b, 0xce9b, 0xce9b, 0xce9b, 0xce9b, 0xce9b, 0xce9b, 0xce9b, 0xce9b, 0xce9b, 0xce9b, 0xce9b, 0xce9b, 0xce9b, 0xce9b, 0xce9b, 0xce9b, 0xce9b, 0xce9b, 0xce9b, 0xce9b, 0xce9b, 0xce9b, 0xce9b, 0xce9b, 0xce9b, 0xce9b, 0xce9b, 0xce9b, 0xce9b, 0xce9b, 0xce9b, 0xce9b, 0xce9b, 0xce9b, 0xce9b, 0xce9b, 0xce9b, 0xce9b, 0xce9b, 0xce9b, 0xce9b, 0xce9b, 0xce9b, 0xce9b, 0xce9b, 0xce9b, 0xce9b, 0xce9b, 0xce9b, 0xce9b, 0xce9b, 0xce9b, 0xce9b, 0xce9b, 0xce9b, 0xce9b, 0xce9b, 0xce9b, 0xce9b, 0xce9b, 0xce9b, 0xce9b, 0xce9b, 0xce9b, 0xce9b, 0xce9b, 0xce9b, 0xce9b, 0xce9b, 0xce9b, 0xce9b, 0xce9b, 0xce9b, 0xce9b, 0xce9b, 0xce9b, 0xce9b, 0xce9b, 0xce9b, 0xce9b, 0xce9b, 0xce9b, 0xce9b, 0xce9b, 0xce9b, 0xce9b, 0xce9b, 0xce9b, 0xce9b, 0xce9b, 0xce9b, 0xce9b, 0xce9b, 0xce9b, 0xce9b, 0xce9b, 0xce9b, 0xce9b, 0xce9b, 0xce9b, 0xce9b, 0xce9b, 0xce9b, 0xce9b, 0xce7a, 0xce7a, 0xce7a, 0xce9a, 0xce9a, 0xce9a, 0xc67a, 0xc67a, 0xc67a, 0xc67a, 0xc67a, 0xc67a, 0xc67a, 0xc67a, 0xc67a, 0xc67a, 0xc67a, 0xc67a, 0xc67a, 0xc67a, 0xc65a, 0xc65a, 0xc65a, 0xc65a, 0xc65a, 0xc65a, 0xc65a, 0xc639, 0xc639, 0xbe39, 0xbe19, 0xbe19, 0xbe19, 0xbe19, 0xbe19, 0xbe19, 0xbe19, 0xbe19, 0xbdf8, 0xb5d7, 0xdeb9, 0xf73b, 0xef5c, 0xf79d, 0xef7d, 0xef7d, 0xef5c, 0xef5c, 0xe73c, 0xe71b, 0xce79, 0xad34, 0xf7de, 0xffff, 0xffff, 0xffff, 0xffff, 0xffff, 0xffff, 0xffff, 0xffff, 
  0xffff, 0xffff, 0xffff, 0xffff, 0xffff, 0xffff, 0xffff, 0xf79e, 0xad75, 0xb5b6, 0xb5b6, 0xb595, 0xb595, 0xb595, 0xb595, 0xb5b6, 0xb5b6, 0xa514, 0xa514, 0x9492, 0x8c52, 0x94b4, 0x94b4, 0x94b3, 0x8c93, 0x94b4, 0x94d4, 0x9cf5, 0xa556, 0xad97, 0xb5d8, 0xbdf9, 0xbe19, 0xc639, 0xc65a, 0xc65a, 0xc65a, 0xc65a, 0xc65a, 0xc67a, 0xc67a, 0xc67a, 0xce7a, 0xce9a, 0xce9a, 0xce9a, 0xce9b, 0xce9b, 0xce9b, 0xce9b, 0xce9b, 0xce9b, 0xce9b, 0xce9b, 0xce9b, 0xce9b, 0xce9b, 0xce9b, 0xce9b, 0xce9b, 0xce9b, 0xce9b, 0xcebb, 0xcebb, 0xcebb, 0xcebb, 0xcebb, 0xcebb, 0xcebb, 0xcebb, 0xcebb, 0xcebb, 0xcebb, 0xcebb, 0xcebb, 0xcebb, 0xce9b, 0xce9b, 0xce9b, 0xce9b, 0xce9b, 0xce9b, 0xce9b, 0xce9b, 0xce9b, 0xce9b, 0xce9b, 0xce9b, 0xce9b, 0xce9b, 0xce9b, 0xce9b, 0xce9b, 0xce9b, 0xce9b, 0xce9b, 0xce9b, 0xce9b, 0xce9b, 0xce9b, 0xce9b, 0xce9b, 0xce9b, 0xce9b, 0xce9b, 0xce9b, 0xce9b, 0xce9b, 0xce9b, 0xce9b, 0xce9b, 0xce9b, 0xce9b, 0xce9b, 0xce9b, 0xce9b, 0xce9b, 0xce9b, 0xce9b, 0xce9b, 0xce9b, 0xce9b, 0xce9b, 0xce9b, 0xce9b, 0xce9b, 0xce9b, 0xce9b, 0xce9b, 0xce9b, 0xce9b, 0xce9b, 0xce9b, 0xce9b, 0xce9b, 0xce9b, 0xce9b, 0xce9b, 0xce9b, 0xce9b, 0xce9b, 0xce9b, 0xce9b, 0xce9b, 0xce9b, 0xce9b, 0xce9b, 0xce9b, 0xce9b, 0xce9b, 0xce9b, 0xce9b, 0xce9b, 0xce9b, 0xce9b, 0xce9b, 0xce9b, 0xce9b, 0xce9b, 0xce9b, 0xce9b, 0xce9b, 0xce9b, 0xce9b, 0xce9b, 0xce9b, 0xce9b, 0xce9b, 0xce9b, 0xce9b, 0xce9b, 0xce9b, 0xce9a, 0xce9a, 0xce9b, 0xce9a, 0xce7b, 0xce7b, 0xce7a, 0xce7a, 0xce7a, 0xce7a, 0xce9a, 0xc69a, 0xc67a, 0xc67a, 0xc67a, 0xc67a, 0xc67a, 0xc67a, 0xc67a, 0xc67a, 0xc67a, 0xce7a, 0xc67a, 0xc67a, 0xc67a, 0xc67a, 0xc65a, 0xc65a, 0xc65a, 0xc63a, 0xb5d8, 0xc65a, 0xc65a, 0xc639, 0xc63a, 0xc639, 0xbe39, 0xbe19, 0xbe19, 0xbe19, 0xbe19, 0xbe19, 0xbe19, 0xbe19, 0xbdf8, 0xb5d8, 0xce58, 0xef1a, 0xef3b, 0xf77d, 0xf79d, 0xef7d, 0xef5c, 0xef5c, 0xe75c, 0xe75c, 0xd6ba, 0x9cf3, 0xe73c, 0xffff, 0xffff, 0xffff, 0xffff, 0xffff, 0xffff, 0xffff, 0xffff, 0xffff, 
  0xffff, 0xffff, 0xffff, 0xffff, 0xffff, 0xffff, 0xffff, 0xffff, 0xdedb, 0xad55, 0xb596, 0xb595, 0xad95, 0xb596, 0xb595, 0xb5b6, 0xb5b6, 0xad75, 0xa534, 0xa514, 0x8451, 0x8c93, 0x94b4, 0x94b4, 0x94b3, 0x94b3, 0x94b4, 0x94d4, 0x9d15, 0xad56, 0xb5b7, 0xb5d8, 0xbe19, 0xbe19, 0xc639, 0xc659, 0xc659, 0x5acc, 0x4a4b, 0xbe3a, 0xc67a, 0xc67a, 0xc69a, 0xc67a, 0xce9a, 0xce9b, 0xce9b, 0xce9b, 0xce9b, 0xce9b, 0xce9b, 0xce9b, 0xce9b, 0xcebb, 0xce9b, 0xce9b, 0xce9b, 0xce9b, 0xce9b, 0xcebb, 0xcebb, 0xcebb, 0xcebb, 0xcebb, 0xcebb, 0xcebb, 0xcebb, 0xcebb, 0xcebb, 0xcebb, 0xcebb, 0xcebb, 0xcebb, 0xcebb, 0xcebb, 0xcebb, 0xcebb, 0xcebb, 0xce9b, 0xce9b, 0xce9b, 0xce9b, 0xce9b, 0xce9b, 0xce9b, 0xce9b, 0xce9b, 0xce9b, 0xce9b, 0xce9b, 0xce9b, 0xce9b, 0xce9b, 0xce9b, 0xce9b, 0xce9b, 0xce9b, 0xce9b, 0xce9b, 0xce9b, 0xce9b, 0xce9b, 0xce9b, 0xce9b, 0xce9b, 0xce9b, 0xce9b, 0xce9b, 0xce9b, 0xce9b, 0xce9b, 0xce9b, 0xce9b, 0xce9b, 0xce9b, 0xce9b, 0xce9b, 0xce9b, 0xce9b, 0xce9b, 0xce9b, 0xce9b, 0xce9b, 0xce9b, 0xce9b, 0xce9b, 0xce9b, 0xce9b, 0xce9b, 0xce9b, 0xce9b, 0xce9b, 0xce9b, 0xce9b, 0xce9b, 0xce9b, 0xce9b, 0xce9b, 0xce9b, 0xce9b, 0xce9b, 0xce9b, 0xce9b, 0xce9b, 0xce9b, 0xce9b, 0xce9b, 0xce9b, 0xce9b, 0xce9b, 0xce9b, 0xce9b, 0xce9b, 0xce9b, 0xce9b, 0xce9b, 0xce9b, 0xce9b, 0xce9b, 0xce9b, 0xce9b, 0xce9b, 0xce9b, 0xce9b, 0xce9b, 0xce9b, 0xce9b, 0xce9b, 0xce9b, 0xce9b, 0xce9b, 0xce9b, 0xce9b, 0xce9b, 0xce9b, 0xce9b, 0xce9b, 0xce9b, 0xce7a, 0xce7a, 0xce7a, 0xce9a, 0xce7a, 0xce9a, 0xce9a, 0xc67a, 0xc67a, 0xc67a, 0xc67a, 0xc67a, 0xc67a, 0xc67a, 0xce7a, 0xc67a, 0xc65a, 0xc67a, 0xc67a, 0xc67a, 0xc65a, 0xc65a, 0xc65a, 0x630d, 0x18a3, 0x9cd4, 0xc63a, 0xc659, 0xc639, 0xbe39, 0xbe39, 0xbe19, 0xbe19, 0xbe19, 0xbe19, 0xbe19, 0xbe19, 0xbe19, 0xb5f8, 0xbdf8, 0xe6da, 0xef3b, 0xef7c, 0xef9d, 0xef5c, 0xef5c, 0xe75c, 0xe73c, 0xe73b, 0xdeda, 0xb596, 0xbdf7, 0xffff, 0xffff, 0xffff, 0xffff, 0xffff, 0xffff, 0xffff, 0xffff, 0xffff, 0xffff, 
  0xffff, 0xffff, 0xffff, 0xffff, 0xffff, 0xffff, 0xffff, 0xffff, 0xffdf, 0xbdd7, 0xb595, 0xb596, 0xb595, 0xb5b6, 0xb596, 0xb596, 0xb5b6, 0xb5b6, 0xa534, 0xa513, 0xa513, 0x8411, 0x94b4, 0x94b4, 0x94b3, 0x94b4, 0x94b4, 0x94b4, 0x9cf5, 0x9d35, 0xad77, 0xb5b8, 0xb5f8, 0xbe19, 0xbe19, 0xbe18, 0x4249, 0x0883, 0x1083, 0x52ac, 0xc65a, 0xc67a, 0xc67a, 0xce9a, 0xce9b, 0xce9b, 0xce9b, 0xce9b, 0xce9b, 0xce9b, 0xce9b, 0xce9b, 0xce9b, 0xce9b, 0xcebb, 0xcebb, 0xce9b, 0xce9b, 0xcebb, 0xcebb, 0xcebb, 0xcebb, 0xcebb, 0xcebb, 0xcebb, 0xcebb, 0xcebb, 0xcebb, 0xcebb, 0xcebb, 0xcebb, 0xcebb, 0xcebb, 0xcebb, 0xcebb, 0xcebb, 0xcebb, 0xcebb, 0xcebb, 0xcebb, 0xce9b, 0xce9b, 0xce9b, 0xce9b, 0xce9b, 0xce9b, 0xce9b, 0xce9b, 0xce9b, 0xce9b, 0xce9b, 0xce9b, 0xce9b, 0xce9b, 0xce9b, 0xce9b, 0xce9b, 0xce9b, 0xce9b, 0xce9b, 0xce9b, 0xce9b, 0xce9b, 0xce9b, 0xce9b, 0xce9b, 0xce9b, 0xce9b, 0xce9b, 0xce9b, 0xce9b, 0xce9b, 0xce9b, 0xce9b, 0xce9b, 0xce9b, 0xce9b, 0xce9b, 0xce9b, 0xce9b, 0xce9b, 0xce9b, 0xce9b, 0xce9b, 0xce9b, 0xce9b, 0xce9b, 0xce9b, 0xce9b, 0xce9b, 0xce9b, 0xce9b, 0xce9b, 0xce9b, 0xce9b, 0xce9b, 0xce9b, 0xce9b, 0xce9b, 0xce9b, 0xce9b, 0xce9b, 0xce9b, 0xce9b, 0xce9b, 0xce9b, 0xce9b, 0xce9b, 0xce9b, 0xce9b, 0xce9b, 0xce9b, 0xce9b, 0xce9b, 0xce9b, 0xce9b, 0xce9b, 0xce9b, 0xce9b, 0xce9b, 0xce9b, 0xce9b, 0xce9b, 0xce9b, 0xce9b, 0xce9b, 0xce9b, 0xce9b, 0xce9b, 0xce9b, 0xce9b, 0xce9b, 0xce9b, 0xce9b, 0xce9b, 0xce9b, 0xce9b, 0xce9a, 0xce9a, 0xce9a, 0xce7a, 0xce7a, 0xce7a, 0xce7a, 0xce7a, 0xce7a, 0xce7a, 0xce7a, 0xce7a, 0xc67a, 0xc67a, 0xc67a, 0xc67a, 0xc67a, 0xc67a, 0xc67a, 0xc67a, 0xc67a, 0xc65a, 0xc65a, 0x73af, 0x0000, 0x0000, 0x0862, 0x8c52, 0xc639, 0xbe39, 0xbe39, 0xbe19, 0xbe19, 0xbe19, 0xbe19, 0xbe19, 0xbe19, 0xbe19, 0xbdf8, 0xb5d8, 0xce58, 0xdefa, 0xe73b, 0xef7c, 0xef7d, 0xe75c, 0xe73c, 0xef5c, 0xe73b, 0xdedb, 0xc638, 0xa514, 0xf7be, 0xffff, 0xffff, 0xffff, 0xffff, 0xffff, 0xffff, 0xffff, 0xffff, 0xffff, 0xffff, 
  0xffff, 0xffff, 0xffff, 0xffff, 0xffff, 0xffff, 0xffff, 0xffff, 0xffff, 0xef9d, 0xad55, 0xb596, 0xb5b6, 0xb5b6, 0xb5b6, 0xb595, 0xb595, 0xb595, 0xad75, 0xa534, 0xa534, 0x9cd3, 0x8411, 0x94b4, 0x94b4, 0x94b4, 0x94b4, 0x94b4, 0x94d4, 0x9cf5, 0xa536, 0xad97, 0xb5d8, 0xb5f8, 0xb5b7, 0x39c8, 0x0862, 0x0862, 0x10a3, 0x1905, 0xa557, 0xc67a, 0xc67a, 0xce9a, 0xce9b, 0xce9b, 0xce9b, 0xce9b, 0xce9b, 0xce9b, 0xce9b, 0xce9b, 0xce9b, 0xce9b, 0xce9b, 0xcebb, 0xcebb, 0xcebb, 0xcebb, 0xcebb, 0xcebb, 0xcebb, 0xcebb, 0xcebb, 0xcebb, 0xcebb, 0xcebb, 0xcebb, 0xcebb, 0xcebb, 0xcebb, 0xcebb, 0xcebb, 0xcebb, 0xcebb, 0xcebb, 0xcebb, 0xcebb, 0xcebb, 0xcebb, 0xcebb, 0xcebb, 0xcebb, 0xcebb, 0xce9b, 0xce9b, 0xce9b, 0xce9b, 0xce9b, 0xce9b, 0xce9b, 0xce9b, 0xce9b, 0xce9b, 0xce9b, 0xce9b, 0xce9b, 0xce9b, 0xce9b, 0xce9b, 0xce9b, 0xce9b, 0xce9b, 0xce9b, 0xce9b, 0xce9b, 0xce9b, 0xce9b, 0xce9b, 0xce9b, 0xce9b, 0xce9b, 0xce9b, 0xce9b, 0xce9b, 0xce9b, 0xce9b, 0xce9b, 0xce9b, 0xce9b, 0xce9b, 0xce9b, 0xce9b, 0xce9b, 0xce9b, 0xce9b, 0xce9b, 0xce9b, 0xce9b, 0xce9b, 0xce9b, 0xce9b, 0xce9b, 0xce9b, 0xce9b, 0xce9b, 0xce9b, 0xce9b, 0xce9b, 0xce9b, 0xce9b, 0xce9b, 0xce9b, 0xce9b, 0xce9b, 0xce9b, 0xce9b, 0xce9b, 0xce9b, 0xce9b, 0xce9b, 0xce9b, 0xce9b, 0xce9b, 0xce9b, 0xce9b, 0xce9b, 0xce9b, 0xce9b, 0xce9b, 0xce9b, 0xce9b, 0xce9b, 0xce9b, 0xce9b, 0xce9b, 0xce9b, 0xce9b, 0xce9b, 0xce9b, 0xce9a, 0xce9b, 0xce9b, 0xce9b, 0xce9b, 0xce9b, 0xce9b, 0xce9b, 0xce9b, 0xce9b, 0xce9b, 0xce9a, 0xce7a, 0xce7a, 0xce7a, 0xce7a, 0xce7a, 0xce7a, 0xce7a, 0xc67a, 0xc67a, 0xc67a, 0xc67a, 0xc67a, 0xc67a, 0xc67a, 0xc67a, 0xc65a, 0xc65a, 0xbe39, 0x4a49, 0x0000, 0x0000, 0x0000, 0x0841, 0x738f, 0xbe19, 0xbe19, 0xbe19, 0xbe19, 0xbe19, 0xbe19, 0xbe19, 0xbe19, 0xbdf8, 0xb5f8, 0xc618, 0xd699, 0xdefa, 0xef5c, 0xef7d, 0xef5c, 0xe73c, 0xe73c, 0xe75c, 0xdf1b, 0xce79, 0x9cd2, 0xe71b, 0xffff, 0xffff, 0xffff, 0xffff, 0xffff, 0xffff, 0xffff, 0xffff, 0xffff, 0xffff, 0xffff, 
  0xffff, 0xffff, 0xffff, 0xffff, 0xffff, 0xffff, 0xffff, 0xffff, 0xffff, 0xffff, 0xdedb, 0xa554, 0xb5b6, 0xb5b6, 0xb596, 0xb596, 0xb5b6, 0xb596, 0xad75, 0xad54, 0x9d13, 0xa513, 0x8c92, 0x8c72, 0x94d4, 0x94b4, 0x94b4, 0x94b4, 0x94d4, 0x94f4, 0x9d15, 0xa556, 0xad97, 0xa556, 0x2966, 0x0882, 0x10a3, 0x18c4, 0x2946, 0x9d15, 0xce7a, 0xc67a, 0xc67a, 0xce9a, 0xce9b, 0xce9b, 0xce9b, 0xce9b, 0xce9b, 0xce9b, 0xce9b, 0xce9b, 0xcebb, 0xcebb, 0xcebb, 0xcebb, 0xcebb, 0xcebb, 0xce9b, 0xcebb, 0xcebb, 0xcebb, 0xcebb, 0xcebb, 0xcebb, 0xcebb, 0xcebb, 0xcebb, 0xcebb, 0xcebb, 0xcebb, 0xcebb, 0xcebb, 0xcebb, 0xcebb, 0xcebb, 0xcebb, 0xcebb, 0xcebb, 0xcebb, 0xcebb, 0xcebb, 0xcebb, 0xcebb, 0xcebb, 0xcebb, 0xcebb, 0xce9b, 0xce9b, 0xce9b, 0xce9b, 0xce9b, 0xce9b, 0xce9b, 0xce9b, 0xce9b, 0xce9b, 0xce9b, 0xce9b, 0xce9b, 0xce9b, 0xce9b, 0xce9b, 0xce9b, 0xce9b, 0xce9b, 0xce9b, 0xce9b, 0xce9b, 0xce9b, 0xce9b, 0xce9b, 0xce9b, 0xce9b, 0xce9b, 0xce9b, 0xce9b, 0xce9b, 0xce9b, 0xce9b, 0xce9b, 0xce9b, 0xce9b, 0xce9b, 0xce9b, 0xce9b, 0xce9b, 0xce9b, 0xce9b, 0xce9b, 0xce9b, 0xce9b, 0xce9b, 0xce9b, 0xce9b, 0xce9b, 0xce9b, 0xce9b, 0xce9b, 0xce9b, 0xce9b, 0xce9b, 0xce9b, 0xce9b, 0xce9b, 0xce9b, 0xce9b, 0xce9b, 0xce9b, 0xce9b, 0xce9b, 0xce9b, 0xce9b, 0xce9b, 0xce9b, 0xce9b, 0xce9b, 0xce9b, 0xce9b, 0xce9b, 0xce9b, 0xce9b, 0xce9b, 0xce9b, 0xce9b, 0xce9b, 0xce9b, 0xce9b, 0xce9b, 0xce9b, 0xce9b, 0xce9b, 0xce9b, 0xce9b, 0xce9b, 0xce9b, 0xce7b, 0xce7b, 0xce9b, 0xce9b, 0xce9a, 0xce9a, 0xce7a, 0xce7a, 0xce7a, 0xce7a, 0xce7a, 0xce7a, 0xce7a, 0xc67a, 0xc67a, 0xc67a, 0xc67a, 0xc67a, 0xc67a, 0xc67a, 0xc67a, 0xc65a, 0xc65a, 0xc65a, 0xbe39, 0x52ab, 0x0000, 0x0000, 0x0000, 0x0821, 0x5aec, 0xbe19, 0xbe19, 0xbe19, 0xbe19, 0xbe19, 0xbe19, 0xbe19, 0xbdf8, 0xbdf7, 0xce58, 0xd6b9, 0xe73b, 0xef7c, 0xef5c, 0xe73c, 0xe73c, 0xef5c, 0xdf1b, 0xce99, 0xad55, 0xbdd7, 0xffdf, 0xffff, 0xffff, 0xffff, 0xffff, 0xffff, 0xffff, 0xffff, 0xffff, 0xffff, 0xffff, 0xffff, 
  0xffff, 0xffff, 0xffff, 0xffff, 0xffff, 0xffff, 0xffff, 0xffff, 0xffff, 0xffff, 0xffdf, 0xbdf7, 0xad95, 0xb5b6, 0xad96, 0xb596, 0xad75, 0xb596, 0xad75, 0xad75, 0xa534, 0x9cf3, 0xa513, 0x8431, 0x9493, 0x94d4, 0x94d4, 0x94d4, 0x94d4, 0x94d4, 0x9cf5, 0xa535, 0x9493, 0x2104, 0x0041, 0x0062, 0x10c3, 0x2987, 0xa576, 0xc65a, 0xce7a, 0xce7a, 0xc67a, 0xce9a, 0xce9a, 0xce9b, 0xce9b, 0xce9b, 0xce9b, 0xce9b, 0xce9b, 0xcebb, 0xcebb, 0xcebb, 0xcebb, 0xcebb, 0xcebb, 0xcebb, 0xcebb, 0xcebb, 0xcebb, 0xcebb, 0xcebb, 0xcebb, 0xcebb, 0xcebb, 0xcebb, 0xcebb, 0xcebb, 0xcebb, 0xcebb, 0xcebb, 0xcebb, 0xcebb, 0xcebb, 0xcebb, 0xcebb, 0xcebb, 0xcebb, 0xcebb, 0xcebb, 0xcebb, 0xcebb, 0xcebb, 0xcebb, 0xcebb, 0xcebb, 0xcebb, 0xcebb, 0xd6db, 0xd6db, 0xce9b, 0xce9b, 0xce9b, 0xce9b, 0xce9b, 0xce9b, 0xce9b, 0xce9b, 0xce9b, 0xce9b, 0xce9b, 0xce9b, 0xce9b, 0xce9b, 0xce9b, 0xce9b, 0xce9b, 0xce9b, 0xce9b, 0xce9b, 0xce9b, 0xce9b, 0xce9b, 0xce9b, 0xce9b, 0xce9b, 0xce9b, 0xce9b, 0xce9b, 0xce9b, 0xce9b, 0xce9b, 0xce9b, 0xce9b, 0xce9b, 0xce9b, 0xce9b, 0xce9b, 0xce9b, 0xce9b, 0xce9b, 0xce9b, 0xce9b, 0xce9b, 0xce9b, 0xce9b, 0xce9b, 0xce9b, 0xce9b, 0xce9b, 0xce9b, 0xce9b, 0xce9b, 0xce9b, 0xce9b, 0xce9b, 0xce9b, 0xce9b, 0xce9b, 0xce9b, 0xce9b, 0xce9b, 0xce9b, 0xce9b, 0xcebb, 0xcebb, 0xcebb, 0xcebb, 0xce9b, 0xce9b, 0xce9b, 0xce9b, 0xce9b, 0xce9b, 0xce9b, 0xce9b, 0xce9b, 0xce9b, 0xce9b, 0xce9b, 0xce9b, 0xce9b, 0xce9b, 0xce9b, 0xce9b, 0xce7a, 0xce7a, 0xce9b, 0xce9b, 0xce9b, 0xce9b, 0xce9a, 0xce7a, 0xce7a, 0xce7a, 0xce7a, 0xce7a, 0xce7a, 0xce7a, 0xce7a, 0xc67a, 0xc67a, 0xc67a, 0xc67a, 0xc67a, 0xc67a, 0xc67a, 0xc65a, 0xc67a, 0xc65a, 0xc639, 0x6b4d, 0x0021, 0x0000, 0x0000, 0x0020, 0x4a6b, 0xb5f8, 0xbe39, 0xbe39, 0xbe39, 0xbe19, 0xbe18, 0xbdf8, 0xc638, 0xd69a, 0xdf1b, 0xef7c, 0xef5c, 0xe73c, 0xe71b, 0xe73c, 0xdf1b, 0xd6ba, 0xc618, 0x9cf3, 0xf7be, 0xffff, 0xffff, 0xffff, 0xffff, 0xffff, 0xffff, 0xffff, 0xffff, 0xffff, 0xffff, 0xffff, 0xffff, 
  0xffff, 0xffff, 0xffff, 0xffff, 0xffff, 0xffff, 0xffff, 0xffff, 0xffff, 0xffff, 0xffff, 0xf79e, 0xad55, 0xb596, 0xb596, 0xad75, 0xad95, 0xad75, 0xad75, 0xad75, 0xad55, 0x9cf3, 0x9cf3, 0x9d13, 0x7c10, 0x94b4, 0x94d4, 0x94d4, 0x94b4, 0x94b4, 0x94d4, 0x9cf5, 0x632d, 0x0841, 0x0001, 0x0021, 0x2146, 0xa576, 0xbe3a, 0xc65a, 0xc67a, 0xc67a, 0xc67a, 0xc67a, 0xce9a, 0xce9a, 0xce9b, 0xce9b, 0xce9b, 0xce9b, 0xce9b, 0xcebb, 0xcebb, 0xcebb, 0xcebb, 0xcebb, 0xcebb, 0xcebb, 0xcebb, 0xcebb, 0xcebb, 0xcebb, 0xcebb, 0xcebb, 0xcebb, 0xcebb, 0xcebb, 0xcebb, 0xd6bb, 0xd6bb, 0xd6bb, 0xd6bc, 0xd6bb, 0xd6bb, 0xd6bb, 0xcebb, 0xcebb, 0xcebb, 0xcebb, 0xcebb, 0xcebb, 0xcebb, 0xcebb, 0xcebb, 0xcebb, 0xcebb, 0xd6db, 0xd6db, 0xd6db, 0xd6db, 0xcebb, 0xcebb, 0xcebb, 0xcebb, 0xd6db, 0xd6db, 0xce9b, 0xce9b, 0xce9b, 0xce9b, 0xce9b, 0xce9b, 0xce9b, 0xce9b, 0xce9b, 0xce9b, 0xce9b, 0xce9b, 0xce9b, 0xce9b, 0xce9b, 0xce9b, 0xce9b, 0xce9b, 0xce9b, 0xce9b, 0xce9b, 0xce9b, 0xce9b, 0xce9b, 0xce9b, 0xce9b, 0xce9b, 0xce9b, 0xce9b, 0xce9b, 0xce9b, 0xce9b, 0xce9b, 0xce9b, 0xce9b, 0xce9b, 0xce9b, 0xce9b, 0xce9b, 0xce9b, 0xce9b, 0xce9b, 0xce9b, 0xce9b, 0xce9b, 0xce9b, 0xce9b, 0xce9b, 0xce9b, 0xce9b, 0xce9b, 0xce9b, 0xce9b, 0xce9b, 0xce9b, 0xce9b, 0xce9b, 0xcebb, 0xcebb, 0xcebb, 0xcebb, 0xcebb, 0xcebb, 0xcebb, 0xce9b, 0xcebb, 0xcebb, 0xce9b, 0xce9b, 0xce9b, 0xce9b, 0xce9b, 0xce9b, 0xcebb, 0xce9b, 0xce9b, 0xce9b, 0xce9b, 0xce9b, 0xce9b, 0xce7a, 0xce7a, 0xce9b, 0xce9b, 0xce9b, 0xce9b, 0xce9b, 0xce9a, 0xce7a, 0xce7a, 0xce7a, 0xce7a, 0xce7a, 0xc67a, 0xc67a, 0xc67a, 0xc67a, 0xc67a, 0xc67a, 0xc67a, 0xc67a, 0xc67a, 0xc65a, 0xc65a, 0xc65a, 0xc639, 0xc659, 0x7bf0, 0x0841, 0x0000, 0x0000, 0x3186, 0xb5d8, 0xbe19, 0xbe19, 0xbe19, 0xbe19, 0xbdf8, 0xbe17, 0xce79, 0xdefb, 0xe75c, 0xef5c, 0xe73c, 0xdf1b, 0xe73c, 0xe71b, 0xdefb, 0xce79, 0x9cd3, 0xe71c, 0xffff, 0xffff, 0xffff, 0xffff, 0xffff, 0xffff, 0xffff, 0xffff, 0xffff, 0xffff, 0xffff, 0xffff, 0xffff, 
  0xffff, 0xffff, 0xffff, 0xffff, 0xffff, 0xffff, 0xffff, 0xffff, 0xffff, 0xffff, 0xffff, 0xffff, 0xe73c, 0xa534, 0xb596, 0xad96, 0xad75, 0xad75, 0xad75, 0xad55, 0xad55, 0xad54, 0x9cf3, 0x9cf3, 0x9cd3, 0x7c11, 0x94b4, 0x94d4, 0x94d4, 0x94d4, 0x94d4, 0x94d4, 0x9d14, 0x52aa, 0x0021, 0x2966, 0xad77, 0xbe19, 0xbe39, 0xc65a, 0xc65a, 0xc67a, 0xc67a, 0xc67a, 0xce7a, 0xce7a, 0xce9b, 0xce9b, 0xce9b, 0xce9b, 0xce9b, 0xce9b, 0xcebb, 0xcebb, 0xcebb, 0xcebb, 0xcebb, 0xcebb, 0xcebb, 0xcebb, 0xcebb, 0xcebb, 0xcebb, 0xcebb, 0xcebb, 0xcebb, 0xcebb, 0xcebb, 0xcebb, 0xce9b, 0x6b4e, 0x7bd1, 0xce7b, 0xcebb, 0xcebb, 0xcebb, 0xcebb, 0xcebb, 0xcebb, 0xcebb, 0xcebb, 0xcebb, 0xcebb, 0xcebb, 0xcebb, 0xcebb, 0xcebb, 0xd6db, 0xd6db, 0xd6db, 0xd6db, 0xd6db, 0xd6db, 0xd6db, 0xcebb, 0xcebb, 0xcebb, 0xcebb, 0xcebb, 0xcebb, 0xcebb, 0xcebb, 0xcebb, 0xce9b, 0xce9b, 0xce9b, 0xce9b, 0xce9b, 0xce9b, 0xce9b, 0xce9b, 0xce9b, 0xce9b, 0xce9b, 0xce9b, 0xce9b, 0xce9b, 0xce9b, 0xce9b, 0xce9b, 0xce9b, 0xce9b, 0xce9b, 0xce9b, 0xce9b, 0xce9b, 0xce9b, 0xce9b, 0xce9b, 0xce9b, 0xce9b, 0xce9b, 0xce9b, 0xce9b, 0xce9b, 0xce9b, 0xce9b, 0xce9b, 0xce9b, 0xce9b, 0xce9b, 0xce9b, 0xce9b, 0xce9b, 0xce9b, 0xce9b, 0xce9b, 0xce9b, 0xce9b, 0xce9b, 0xce9b, 0xcebb, 0xcebb, 0xcebb, 0xcebb, 0xcebb, 0xcebb, 0xcebb, 0xcebb, 0xcebb, 0xcebb, 0xce9b, 0xcebb, 0xcebb, 0xce9b, 0xce9b, 0xce9b, 0xce7b, 0x7bd1, 0x528c, 0xc67a, 0xce9b, 0xcebb, 0xce9b, 0xce9b, 0xce9b, 0xce9b, 0xce9b, 0xce9b, 0xce9b, 0xce9b, 0xce9b, 0xce9b, 0xce7a, 0xce7a, 0xce7a, 0xce7a, 0xce7a, 0xce7a, 0xc67a, 0xc67a, 0xc67a, 0xc67a, 0xc67a, 0xc67a, 0xc67a, 0xc67a, 0xc67a, 0xc67a, 0xc65a, 0xc65a, 0xc65a, 0xc639, 0xc639, 0x8c92, 0x1082, 0x2145, 0xadb7, 0xbe39, 0xbe39, 0xc639, 0xbe19, 0xbdf8, 0xbe18, 0xce79, 0xdeda, 0xe75c, 0xef7c, 0xe73c, 0xe71b, 0xe73c, 0xe73c, 0xdeda, 0xce79, 0xa534, 0xc638, 0xffff, 0xffff, 0xffff, 0xffff, 0xffff, 0xffff, 0xffff, 0xffff, 0xffff, 0xffff, 0xffff, 0xffff, 0xffff, 0xffff, 
  0xffff, 0xffff, 0xffff, 0xffff, 0xffff, 0xffff, 0xffff, 0xffff, 0xffff, 0xffff, 0xffff, 0xffff, 0xffff, 0xce79, 0xa554, 0xad95, 0xad95, 0xad75, 0xad75, 0xad55, 0xad55, 0xad55, 0xa534, 0x9cf3, 0x9cf3, 0x94b2, 0x8411, 0x94d4, 0x94d4, 0x94d4, 0x94d4, 0x94d4, 0x94d4, 0x9d14, 0x634d, 0xa536, 0xb5d8, 0xb5f8, 0xbe19, 0xbe39, 0xc659, 0xc65a, 0xc67a, 0xc67a, 0xc67a, 0xc69a, 0xce9b, 0xce9b, 0xce9b, 0xce9b, 0xce9b, 0xce9b, 0xce9b, 0xce9b, 0xce9b, 0xcebb, 0xcebb, 0xcebb, 0xcebb, 0xcebb, 0xcebb, 0xcebb, 0xcebb, 0xcebb, 0xcebb, 0xcebb, 0xcebb, 0xcebb, 0xcebb, 0x9d15, 0x1905, 0x18e5, 0x31a8, 0x94b4, 0xcebc, 0xcebb, 0xcebb, 0xd6bb, 0xd6bb, 0xcebb, 0xcebb, 0xcebb, 0xcebb, 0xcebb, 0xcebb, 0xcebb, 0xcebb, 0xcebb, 0xcebb, 0xcebb, 0xd6db, 0xd6db, 0xd6db, 0xd6db, 0xcebb, 0xcebb, 0xcebb, 0xcebb, 0xcebb, 0xcebb, 0xcebb, 0xcebb, 0xcebb, 0xcebb, 0xcebb, 0xcebb, 0xcebb, 0xcebb, 0xcebb, 0xcebb, 0xcebb, 0xcebb, 0xcebb, 0xcebb, 0xce9b, 0xce9a, 0xcebb, 0xce9b, 0xce9b, 0xce9b, 0xce9b, 0xce9b, 0xce9b, 0xce9b, 0xce9b, 0xce9b, 0xce9b, 0xce9b, 0xce9b, 0xce9b, 0xce9b, 0xce9b, 0xce9b, 0xce9b, 0xce9b, 0xce9b, 0xce9b, 0xce9b, 0xce9b, 0xce9b, 0xce9b, 0xce9b, 0xce9b, 0xce9b, 0xce9b, 0xce9b, 0xce9b, 0xcebb, 0xcebb, 0xcebb, 0xcebb, 0xcebb, 0xcebb, 0xcebb, 0xcebb, 0xcebb, 0xcebb, 0xcebb, 0xcebb, 0xcebb, 0xcebb, 0xcebb, 0xcebb, 0xcebb, 0xcebb, 0xce9b, 0x9cd4, 0x2966, 0x0862, 0x0883, 0x8452, 0xce9b, 0xce9b, 0xce9b, 0xce9b, 0xce7a, 0xce7a, 0xce7a, 0xce7a, 0xce7a, 0xce7a, 0xce9a, 0xce9b, 0xce9b, 0xce9b, 0xce9b, 0xce9a, 0xce7a, 0xce7a, 0xce7a, 0xce7a, 0xce7a, 0xce7a, 0xc67a, 0xc67a, 0xc67a, 0xc67a, 0xc67a, 0xc65a, 0xc65a, 0xc65a, 0xc65a, 0xc63a, 0xc639, 0xbe39, 0xa555, 0xa576, 0xbe39, 0xbe39, 0xbe39, 0xbe39, 0xbe19, 0xbdf8, 0xce79, 0xd6ba, 0xe71b, 0xef5c, 0xe75c, 0xe73b, 0xe71b, 0xe73c, 0xdefb, 0xd699, 0xbdf7, 0xad75, 0xf7de, 0xffff, 0xffff, 0xffff, 0xffff, 0xffff, 0xffff, 0xffff, 0xffff, 0xffff, 0xffff, 0xffff, 0xffff, 0xffff, 0xffff, 
  0xffff, 0xffff, 0xffff, 0xffff, 0xffff, 0xffff, 0xffff, 0xffff, 0xffff, 0xffff, 0xffff, 0xffff, 0xffff, 0xf7de, 0xbdf7, 0xad55, 0xad75, 0xad75, 0xad75, 0xad55, 0xad55, 0xad55, 0xa554, 0xa534, 0x9cf3, 0x9cf3, 0x9492, 0x8432, 0x94b4, 0x94d4, 0x94d4, 0x94d4, 0x94d4, 0x94d4, 0x9d15, 0xa556, 0xad97, 0xb5d8, 0xb5f8, 0xbe19, 0xbe39, 0xc65a, 0xc65a, 0xc65a, 0xce7a, 0x94b3, 0x62ed, 0xc67a, 0xce9a, 0xce9b, 0xce9b, 0xce9b, 0xce9b, 0xce9b, 0xce9b, 0xce9b, 0xcebb, 0xcebb, 0xcebb, 0xcebb, 0xcebb, 0xcebb, 0xcebb, 0xcebb, 0xcebb, 0xcebb, 0xcebb, 0xcebb, 0xc67a, 0x4229, 0x10e4, 0x10e4, 0x10e4, 0x18e5, 0x4a4b, 0xad97, 0xd6db, 0xd6bb, 0xd6bb, 0xcebb, 0xcebb, 0xcebb, 0xd6db, 0xd6db, 0xcebb, 0xcebb, 0xcebb, 0xcebb, 0xcebb, 0xcebb, 0xcebb, 0xcebb, 0xcebb, 0xcebb, 0xcebb, 0xcebb, 0xcebb, 0xcebb, 0xcebb, 0xcebb, 0xd6db, 0xcebb, 0xcebb, 0xcebb, 0xcebb, 0xcebb, 0xcebb, 0xcebb, 0xcebb, 0xcebb, 0xcebb, 0xcebb, 0xcebb, 0xcebb, 0xcebb, 0xcebb, 0xcebb, 0xcebb, 0xcebb, 0xcebb, 0xcebb, 0xcebb, 0xcebb, 0xcebb, 0xcebb, 0xcebb, 0xcebb, 0xcebb, 0xcebb, 0xce9b, 0xce9b, 0xce9b, 0xce9b, 0xce9b, 0xce9b, 0xce9b, 0xce9b, 0xce9b, 0xce9b, 0xce9b, 0xcebb, 0xcebb, 0xcebb, 0xcebb, 0xcebb, 0xcebb, 0xcebb, 0xcebb, 0xcebb, 0xcebb, 0xcebb, 0xcebb, 0xcebb, 0xcebb, 0xcebb, 0xcebb, 0xcebb, 0xcebb, 0xcebb, 0xcebb, 0xcebb, 0xcebb, 0xce9b, 0xcebb, 0xb597, 0x4229, 0x0862, 0x0062, 0x0041, 0x0042, 0x2146, 0xb5f9, 0xce9b, 0xce9b, 0xce9b, 0xce9b, 0xce9b, 0xce9b, 0xce9b, 0xce7a, 0xce9b, 0xce9b, 0xce9b, 0xce9a, 0xce9a, 0xce9a, 0xc67a, 0xce7a, 0xce7a, 0xce7a, 0xce7a, 0xce7a, 0xce7b, 0x8432, 0x4209, 0xc65a, 0xc65a, 0xc65a, 0xc65a, 0xc65a, 0xc639, 0xc639, 0xc63a, 0xc639, 0xbe39, 0xbe39, 0xbe39, 0xc639, 0xbe39, 0xbe39, 0xbe19, 0xbdf8, 0xce58, 0xd6b9, 0xdefb, 0xe75c, 0xef5c, 0xe71b, 0xe71b, 0xe71b, 0xdefb, 0xd699, 0xce59, 0xa513, 0xef7d, 0xffff, 0xffff, 0xffff, 0xffff, 0xffff, 0xffff, 0xffff, 0xffff, 0xffff, 0xffff, 0xffff, 0xffff, 0xffff, 0xffff, 0xffff, 
  0xffff, 0xffff, 0xffff, 0xffff, 0xffff, 0xffff, 0xffff, 0xffff, 0xffff, 0xffff, 0xffff, 0xffff, 0xffff, 0xffff, 0xf7be, 0xad75, 0xad55, 0xad75, 0xad75, 0xa555, 0xa555, 0xa555, 0xad55, 0xad55, 0xa534, 0x9cf3, 0x9cf3, 0x8c72, 0x8c52, 0x94b4, 0x94d4, 0x94d4, 0x94d4, 0x94d4, 0x94f4, 0x9d15, 0xa556, 0xad97, 0xb5d8, 0xbdf8, 0xbe19, 0xc639, 0xc65a, 0xc65a, 0x9d14, 0x2145, 0x2105, 0x424b, 0xbe3a, 0xce9a, 0xce9b, 0xce9b, 0xce9b, 0xce9b, 0xce9b, 0xce9b, 0xcebb, 0xcebb, 0xcebb, 0xcebb, 0xcebb, 0xcebb, 0xcebb, 0xcebb, 0xcebb, 0xcebb, 0xcebb, 0xcebb, 0x8472, 0x10e4, 0x10c3, 0x10c3, 0x10c4, 0x10e4, 0x18e4, 0x1905, 0x632e, 0xc63a, 0xd6bb, 0xcebb, 0xcebb, 0xcebb, 0xcebb, 0xd6db, 0xcebb, 0xcebb, 0xcebb, 0xcebb, 0xcebb, 0xcebb, 0xcebb, 0xcebb, 0xcebb, 0xcebb, 0xcebb, 0xcebb, 0xcebb, 0xcebb, 0xcebb, 0xd6db, 0xcebb, 0xcebb, 0xcebb, 0xcebb, 0xcebb, 0xcebb, 0xcebb, 0xcebb, 0xcebb, 0xcebb, 0xcebb, 0xcebb, 0xcebb, 0xcebb, 0xcebb, 0xcebb, 0xcebb, 0xcebb, 0xcebb, 0xcebb, 0xcebb, 0xcebb, 0xcebb, 0xcebb, 0xcebb, 0xcebb, 0xcebb, 0xcebb, 0xcebb, 0xcebb, 0xcebb, 0xcebb, 0xcebb, 0xcebb, 0xcebb, 0xcebb, 0xcebb, 0xcebb, 0xcebb, 0xcebb, 0xcebb, 0xcebb, 0xcebb, 0xcebb, 0xcebb, 0xcebb, 0xcebb, 0xcebb, 0xcebb, 0xcebb, 0xcebb, 0xcebb, 0xcebb, 0xcebb, 0xcebb, 0xcebb, 0xcebb, 0xcebb, 0xcebb, 0xcebb, 0xcebb, 0xce9b, 0xc63a, 0x630e, 0x0883, 0x0061, 0x0041, 0x0041, 0x0021, 0x0041, 0x0062, 0x632e, 0xce9b, 0xce9b, 0xce9b, 0xce9b, 0xce9b, 0xce9b, 0xce9b, 0xce9b, 0xce9b, 0xce9b, 0xce9b, 0xce9b, 0xce9b, 0xce9b, 0xc67a, 0xc67a, 0xc67a, 0xc67a, 0xc67a, 0xc67a, 0x738f, 0x0022, 0x0021, 0x422a, 0xc65a, 0xc65a, 0xc65a, 0xc65a, 0xc639, 0xc639, 0xc639, 0xc639, 0xbe39, 0xbe39, 0xbe39, 0xbe39, 0xbe39, 0xbe39, 0xbdf8, 0xce58, 0xd679, 0xdefa, 0xe73c, 0xef5c, 0xe73c, 0xe73c, 0xdf1b, 0xdefb, 0xd6ba, 0xce79, 0xa514, 0xdedb, 0xffff, 0xffff, 0xffff, 0xffff, 0xffff, 0xffff, 0xffff, 0xffff, 0xffff, 0xffff, 0xffff, 0xffff, 0xffff, 0xffff, 0xffff, 0xffff, 
  0xffff, 0xffff, 0xffff, 0xffff, 0xffff, 0xffff, 0xffff, 0xffff, 0xffff, 0xffff, 0xffff, 0xffff, 0xffff, 0xffff, 0xffff, 0xef5d, 0xa534, 0xa555, 0xad55, 0xa555, 0xa554, 0xa554, 0xa534, 0xa534, 0xad55, 0x9d13, 0x9cf3, 0x9cf3, 0x8c51, 0x8c72, 0x94b3, 0x94b4, 0x94d4, 0x94b4, 0x94d4, 0x9cf5, 0x9d15, 0xa556, 0xad97, 0xb5d8, 0xbdf8, 0xbe19, 0xbe19, 0xa556, 0x2145, 0x1104, 0x1905, 0x1925, 0x8452, 0xce7a, 0xce9a, 0xce9b, 0xce9b, 0xce9b, 0xce9b, 0xce9b, 0xcebb, 0xcebb, 0xcebb, 0xcebb, 0xcebb, 0xcebb, 0xcebb, 0xcebb, 0xcebb, 0xcebb, 0xcebb, 0xbe19, 0x31a7, 0x10c4, 0x10c3, 0x10c3, 0x10c3, 0x10c3, 0x10e4, 0x10e4, 0x2146, 0xad97, 0xd6bb, 0xcebb, 0xcebb, 0xcebb, 0xcebb, 0xcebb, 0xcebb, 0xcebb, 0xcebb, 0xcebb, 0xcebb, 0xcebb, 0xcebb, 0xcebb, 0xd6db, 0xcebb, 0xcebb, 0xcebb, 0xcebb, 0xcebb, 0xcebb, 0xcebb, 0xcebb, 0xcebb, 0xcebb, 0xcebb, 0xcebb, 0xd6db, 0xd6db, 0xd6db, 0xcebb, 0xcebb, 0xcebb, 0xcebb, 0xcebb, 0xcebb, 0xcebb, 0xcebb, 0xcebb, 0xcebb, 0xcebb, 0xcebb, 0xcebb, 0xcebb, 0xcebb, 0xcebb, 0xcebb, 0xcebb, 0xcebb, 0xcebb, 0xcebb, 0xcebb, 0xcebb, 0xcebb, 0xcebb, 0xcebb, 0xcebb, 0xcebb, 0xcebb, 0xcebb, 0xcebb, 0xcebb, 0xcebb, 0xcebb, 0xcebb, 0xcebb, 0xcebb, 0xcebb, 0xcebb, 0xcebb, 0xcebb, 0xcebb, 0xcebb, 0xcebb, 0xcebb, 0xcebb, 0xcebb, 0xcebb, 0xcebb, 0xcebb, 0xcebb, 0xcebb, 0xcebb, 0xce9b, 0xbdf8, 0x2945, 0x0041, 0x0041, 0x0020, 0x0021, 0x0000, 0x0020, 0x0041, 0x10a4, 0xa556, 0xce9b, 0xce9b, 0xce9b, 0xce9b, 0xce9b, 0xce9b, 0xce9b, 0xce9b, 0xce9b, 0xce9b, 0xce9b, 0xce9b, 0xce9b, 0xc67b, 0xc67b, 0xc67b, 0xc67a, 0xc67a, 0xbe39, 0x20e5, 0x0002, 0x0000, 0x0021, 0x4a8b, 0xc659, 0xc639, 0xc639, 0xc639, 0xc639, 0xc639, 0xc639, 0xbe39, 0xbe39, 0xbe39, 0xbe39, 0xbe39, 0xbe18, 0xbe17, 0xce79, 0xd6ba, 0xe73c, 0xe75c, 0xe73b, 0xe73c, 0xdf1b, 0xdeda, 0xd6ba, 0xd699, 0xb575, 0xc638, 0xffff, 0xffff, 0xffff, 0xffff, 0xffff, 0xffff, 0xffff, 0xffff, 0xffff, 0xffff, 0xffff, 0xffff, 0xffff, 0xffff, 0xffff, 0xffff, 0xffff, 
  0xffff, 0xffff, 0xffff, 0xffff, 0xffff, 0xffff, 0xffff, 0xffff, 0xffff, 0xffff, 0xffff, 0xffff, 0xffff, 0xffff, 0xffff, 0xffff, 0xdefb, 0xa514, 0xad55, 0xad55, 0xa555, 0xa534, 0xa554, 0xa534, 0xa554, 0xad55, 0xa514, 0x9cd3, 0x9cf3, 0x8431, 0x8c72, 0x8cb3, 0x94b4, 0x94b4, 0x94b4, 0x94d4, 0x9cf5, 0x9d15, 0xa556, 0xad97, 0xb5d8, 0xbdf8, 0xad76, 0x2146, 0x10e4, 0x1104, 0x1904, 0x636e, 0xce9b, 0xce7a, 0xce9a, 0xce9a, 0xce9b, 0xce9b, 0xce9b, 0xce9b, 0xce9b, 0xce9b, 0xcebb, 0xcebb, 0xcebb, 0xcebb, 0xcebb, 0xcebb, 0xcebb, 0xcebb, 0xcebb, 0x73af, 0x10e4, 0x08c3, 0x08c3, 0x08c3, 0x08c3, 0x08c3, 0x10e3, 0x10e4, 0x634e, 0xcebb, 0xcebb, 0xcebb, 0xcebb, 0xcebb, 0xcebb, 0xcebb, 0xcebb, 0xcebb, 0xcebb, 0xcebb, 0xcebb, 0xcebb, 0xcebb, 0xcebb, 0xcebb, 0xcebb, 0xcebb, 0xcebb, 0xcebb, 0xd6db, 0xcebb, 0xcebb, 0xcebb, 0xcebb, 0xd6db, 0xd6db, 0xd6db, 0xcebb, 0xcebb, 0xcebb, 0xcebb, 0xcebb, 0xcebb, 0xcebb, 0xcebb, 0xcebb, 0xcebb, 0xcebb, 0xd6dc, 0xd6fc, 0xd6fc, 0xd6fc, 0xd6fc, 0xd6fc, 0xd6fc, 0xd6dc, 0xcebb, 0xcebb, 0xcebb, 0xcebb, 0xcebb, 0xcebb, 0xcebb, 0xcebb, 0xcebb, 0xcebb, 0xcebb, 0xcebb, 0xcebb, 0xcebb, 0xcebb, 0xcebb, 0xcebb, 0xcebb, 0xcebb, 0xcebb, 0xcebb, 0xcebb, 0xcebb, 0xcebb, 0xcebb, 0xcebb, 0xcebb, 0xcebb, 0xcebb, 0xcebb, 0xcebb, 0xcebb, 0xcebb, 0xcebb, 0xcebb, 0xcebb, 0xcebb, 0xcebb, 0xcebb, 0x8431, 0x0862, 0x0021, 0x0020, 0x0021, 0x0020, 0x0000, 0x0021, 0x0042, 0x424a, 0xc67a, 0xce9b, 0xce9b, 0xce9b, 0xce9b, 0xce9b, 0xce9b, 0xce9b, 0xce9a, 0xce9b, 0xce9b, 0xce7b, 0xce7b, 0xce7b, 0xc67b, 0xc67a, 0xc67a, 0xc67a, 0xc67a, 0xb5b7, 0x18a3, 0x0000, 0x0000, 0x0021, 0x632d, 0xc65a, 0xc639, 0xc639, 0xc639, 0xc639, 0xbe39, 0xbe39, 0xbe39, 0xbe39, 0xbe39, 0xbe19, 0xbdf8, 0xce58, 0xd6ba, 0xe73b, 0xe75c, 0xe73b, 0xe73b, 0xe71b, 0xdefb, 0xd6ba, 0xd699, 0xbdf7, 0xad75, 0xf7de, 0xffff, 0xffff, 0xffff, 0xffff, 0xffff, 0xffff, 0xffff, 0xffff, 0xffff, 0xffff, 0xffff, 0xffff, 0xffff, 0xffff, 0xffff, 0xffff, 0xffff, 
  0xffff, 0xffff, 0xffff, 0xffff, 0xffff, 0xffff, 0xffff, 0xffff, 0xffff, 0xffff, 0xffff, 0xffff, 0xffff, 0xffff, 0xffff, 0xffff, 0xffff, 0xce79, 0xa534, 0xad55, 0xad55, 0xa534, 0xa534, 0xa534, 0xa534, 0xad55, 0xa554, 0x9cf3, 0x9cd3, 0x9cf3, 0x8431, 0x8c93, 0x94b3, 0x94b4, 0x94b4, 0x94d4, 0x94d4, 0x9cf5, 0x9d15, 0xa556, 0xad97, 0xad76, 0x2125, 0x0082, 0x08a3, 0x10e4, 0x4aac, 0xc67a, 0xc67a, 0xc67a, 0xc67a, 0xce9a, 0xce9b, 0xce9b, 0xce9b, 0xce9b, 0xce9b, 0xce9b, 0xce9b, 0xce9b, 0xcebb, 0xcebb, 0xcebb, 0xcebb, 0xcebb, 0xcebb, 0xb5b7, 0x2145, 0x10e3, 0x08c3, 0x08a3, 0x08c3, 0x08c3, 0x08e3, 0x10e4, 0x2987, 0xb618, 0xcebb, 0xcebb, 0xcebb, 0xcebb, 0xcebb, 0xcebb, 0xcebb, 0xcebb, 0xcebb, 0xcebb, 0xcebb, 0xcebb, 0xcebb, 0xcebb, 0xcebb, 0xcebb, 0xcebb, 0xcebb, 0xcebb, 0xcebb, 0xd6db, 0xcebb, 0xcebb, 0xcebb, 0xcebb, 0xcebb, 0xcebb, 0xcebb, 0xcebb, 0xcebb, 0xcebb, 0xd6db, 0xd6db, 0xd6db, 0xd6db, 0xcebb, 0xcebb, 0xcebb, 0xce7a, 0x632e, 0x528c, 0x4a6b, 0x4a6b, 0x4a4b, 0x4a4b, 0x4a4b, 0x62ee, 0xc67a, 0xcebb, 0xcebb, 0xcebb, 0xcebb, 0xcebb, 0xcebb, 0xcebb, 0xcebb, 0xcebb, 0xcebb, 0xcebb, 0xcebb, 0xcebb, 0xcebb, 0xcebb, 0xcebb, 0xcebb, 0xcebb, 0xcebb, 0xcebb, 0xcebb, 0xcebb, 0xcebb, 0xcebb, 0xcebb, 0xcebb, 0xcebb, 0xcebb, 0xcebb, 0xcebb, 0xcebb, 0xcebb, 0xcebb, 0xcebb, 0xcebb, 0xcebb, 0xcebb, 0xce9b, 0xc659, 0x31c7, 0x0041, 0x0021, 0x0000, 0x0020, 0x0000, 0x0000, 0x0021, 0x0862, 0x8c73, 0xce9b, 0xce9b, 0xce9b, 0xce9b, 0xce9b, 0xce9b, 0xce9b, 0xce9b, 0xce9b, 0xce9b, 0xce7b, 0xce7b, 0xce7b, 0xc67a, 0xc67a, 0xc67a, 0xc67a, 0xc65a, 0xc65a, 0xa535, 0x0862, 0x0000, 0x0000, 0x0021, 0x6b6f, 0xc63a, 0xbe39, 0xbe39, 0xbe39, 0xbe39, 0xc639, 0xc639, 0xbe39, 0xbe19, 0xbdf8, 0xce79, 0xd699, 0xe71b, 0xe73c, 0xe73b, 0xe73b, 0xdf1b, 0xdefb, 0xd6ba, 0xd699, 0xce79, 0xa534, 0xef9d, 0xffff, 0xffff, 0xffff, 0xffff, 0xffff, 0xffff, 0xffff, 0xffff, 0xffff, 0xffff, 0xffff, 0xffff, 0xffff, 0xffff, 0xffff, 0xffff, 0xffff, 0xffff, 
  0xffff, 0xffff, 0xffff, 0xffff, 0xffff, 0xffff, 0xffff, 0xffff, 0xffff, 0xffff, 0xffff, 0xffff, 0xffff, 0xffff, 0xffff, 0xffff, 0xffff, 0xffdf, 0xc638, 0xa534, 0xad55, 0xa554, 0x9d14, 0xa534, 0xa534, 0xa534, 0xad55, 0xad55, 0xa514, 0xa4f3, 0xa513, 0x8431, 0x8c93, 0x94b3, 0x94b3, 0x94b4, 0x94b4, 0x94d4, 0x9cf5, 0x9d15, 0xa536, 0x2966, 0x0021, 0x0041, 0x0882, 0x31e8, 0xbe19, 0xc65a, 0xc65a, 0xc67a, 0xc67a, 0xc67a, 0xce9a, 0xce9a, 0xce9a, 0xce9b, 0xce9b, 0xce9b, 0xce9b, 0xce9b, 0xcebb, 0xcebb, 0xce9b, 0xcebb, 0xcebb, 0xce9b, 0x5b0c, 0x10e4, 0x08c3, 0x08c3, 0x10a3, 0x10a3, 0x08a3, 0x10c3, 0x10e4, 0x7410, 0xcebb, 0xcebb, 0xcebb, 0xcebb, 0xcebb, 0xcebb, 0xcebb, 0xcebb, 0xcebb, 0xcebb, 0xcebb, 0xcebb, 0xcebb, 0xcebb, 0xcebb, 0xcebb, 0xcebb, 0xcebb, 0xd6db, 0xd6db, 0xd6db, 0xd6db, 0xcebb, 0xcebb, 0xcebb, 0xd6db, 0xd6db, 0xd6db, 0xcebb, 0xcebb, 0xcebb, 0xd6db, 0xd6db, 0xcebb, 0xcebb, 0xcebb, 0xcebb, 0xcebb, 0xcebb, 0xc659, 0x29a6, 0x08c3, 0x08c3, 0x00a3, 0x08a3, 0x08a3, 0x08a3, 0x2167, 0xc639, 0xcebb, 0xcebb, 0xcebb, 0xcebb, 0xcebb, 0xcebb, 0xcebb, 0xcebb, 0xcebb, 0xcebb, 0xcebb, 0xcebb, 0xcebb, 0xcebb, 0xcebb, 0xcebb, 0xcebb, 0xcebb, 0xcebb, 0xcebb, 0xcebb, 0xcebb, 0xcebb, 0xcebb, 0xcebb, 0xcebb, 0xcebb, 0xcebb, 0xcebb, 0xcebb, 0xcebb, 0xcebb, 0xcebb, 0xcebb, 0xcebb, 0xce9b, 0xcebb, 0xcebb, 0xce9b, 0x9d14, 0x0882, 0x0020, 0x0020, 0x0020, 0x0000, 0x0000, 0x0000, 0x0021, 0x2967, 0xbe19, 0xce9a, 0xce9b, 0xce9b, 0xce9b, 0xce9b, 0xce9a, 0xce9a, 0xce9b, 0xce9b, 0xce7b, 0xce7b, 0xce7b, 0xc67a, 0xc67a, 0xc67a, 0xc67a, 0xc67a, 0xc65a, 0xc65a, 0x94b3, 0x0841, 0x0000, 0x0000, 0x0821, 0x7c12, 0xbe39, 0xbe39, 0xbe39, 0xbe39, 0xbe39, 0xc639, 0xbe19, 0xbdf8, 0xce59, 0xce79, 0xdefb, 0xe71b, 0xe73b, 0xdefb, 0xdefb, 0xdefb, 0xd6ba, 0xd699, 0xce58, 0xa513, 0xe71b, 0xffff, 0xffff, 0xffff, 0xffff, 0xffff, 0xffff, 0xffff, 0xffff, 0xffff, 0xffff, 0xffff, 0xffff, 0xffff, 0xffff, 0xffff, 0xffff, 0xffff, 0xffff, 0xffff, 
  0xffff, 0xffff, 0xffff, 0xffff, 0xffff, 0xffff, 0xffff, 0xffff, 0xffff, 0xffff, 0xffff, 0xffff, 0xffff, 0xffff, 0xffff, 0xffff, 0xffff, 0xffff, 0xf7de, 0xb5d6, 0xa534, 0xa554, 0xa534, 0xa534, 0xa534, 0xa534, 0xa534, 0xad55, 0xad55, 0xa534, 0x9d13, 0xa514, 0x8431, 0x8c93, 0x8c93, 0x8cb4, 0x94b4, 0x94d4, 0x94d4, 0x9cf5, 0x9d15, 0x52ab, 0x0020, 0x0000, 0x2125, 0xadb7, 0xbe39, 0xc659, 0xc65a, 0xc67a, 0xc67a, 0xc67a, 0xce7a, 0xce7a, 0xce7a, 0xce9a, 0xce9a, 0xce9b, 0xce9b, 0xce9b, 0xce9b, 0xce9b, 0xce9b, 0xce9b, 0xcebb, 0xa535, 0x1904, 0x08c3, 0x08c3, 0x08c3, 0x08a3, 0x10a3, 0x10c3, 0x10c3, 0x39e8, 0xc65a, 0xcebb, 0xcebb, 0xcebb, 0xcebb, 0xcebb, 0xcebb, 0xcebb, 0xcebb, 0xcebb, 0xcebb, 0xcebb, 0xcebb, 0xd6db, 0xd6db, 0xcebb, 0xcebb, 0xcebb, 0xd6db, 0xcebb, 0xcebb, 0xcebb, 0xd6db, 0xd6db, 0xd6db, 0xd6db, 0xd6db, 0xd6db, 0xd6db, 0xcebb, 0xcebb, 0xcebb, 0xd6db, 0xd6db, 0xcebb, 0xcebb, 0xcebb, 0xcebb, 0xcebb, 0xcebb, 0xc659, 0x2986, 0x08a3, 0x0082, 0x0082, 0x0082, 0x0082, 0x00a2, 0x2146, 0xbe39, 0xcebb, 0xcebb, 0xcebb, 0xcebb, 0xcebb, 0xcebb, 0xcebb, 0xcebb, 0xcebb, 0xcebb, 0xcebb, 0xcebb, 0xcebb, 0xcebb, 0xcebb, 0xcebb, 0xcebb, 0xcebb, 0xcebb, 0xcebb, 0xcebb, 0xcebb, 0xcebb, 0xcebb, 0xcebb, 0xcebb, 0xcebb, 0xcebb, 0xcebb, 0xcebb, 0xcebb, 0xcebb, 0xcebb, 0xcebb, 0xcebb, 0xcebb, 0xcebb, 0xce9b, 0xce9b, 0xce9a, 0x52ab, 0x0041, 0x0041, 0x0020, 0x0000, 0x0000, 0x0000, 0x0021, 0x0041, 0x6b8f, 0xce9b, 0xce9b, 0xce9b, 0xce9b, 0xce9b, 0xce9a, 0xce9a, 0xce7a, 0xce7a, 0xc67a, 0xc69a, 0xc67a, 0xc67a, 0xc67a, 0xc67a, 0xc67a, 0xc67a, 0xc65a, 0xc65a, 0xc63a, 0x8431, 0x0021, 0x0000, 0x18e4, 0x9d55, 0xbe39, 0xbe39, 0xc639, 0xc639, 0xbe39, 0xbe39, 0xbe18, 0xce58, 0xce78, 0xdefb, 0xe71b, 0xe73c, 0xe71b, 0xdf1b, 0xdefb, 0xd6ba, 0xd699, 0xce58, 0xad54, 0xd679, 0xffff, 0xffff, 0xffff, 0xffff, 0xffff, 0xffff, 0xffff, 0xffff, 0xffff, 0xffff, 0xffff, 0xffff, 0xffff, 0xffff, 0xffff, 0xffff, 0xffff, 0xffff, 0xffff, 0xffff, 
  0xffff, 0xffff, 0xffff, 0xffff, 0xffff, 0xffff, 0xffff, 0xffff, 0xffff, 0xffff, 0xffff, 0xffff, 0xffff, 0xffff, 0xffff, 0xffff, 0xffff, 0xffff, 0xffff, 0xf7be, 0xad75, 0xa554, 0xa534, 0xa534, 0xa534, 0xa534, 0xa534, 0xa534, 0xad55, 0xb596, 0xad55, 0xa513, 0xa534, 0x8431, 0x8c93, 0x8cb3, 0x8cb4, 0x94b4, 0x94b4, 0x94d4, 0x94f4, 0x9d35, 0x632c, 0x18c4, 0x9d35, 0xb5f8, 0xbe18, 0xbe39, 0xbe39, 0xc65a, 0xc65a, 0xc67a, 0xc67a, 0xce7a, 0xa536, 0x94b4, 0xce9b, 0xce9b, 0xce9b, 0xce9b, 0xce9b, 0xce9b, 0xce9b, 0xce9b, 0xce7a, 0x4249, 0x10e3, 0x10c3, 0x08c3, 0x10c3, 0x08c3, 0x08c3, 0x10e3, 0x1904, 0x8c93, 0xcebb, 0xcebb, 0xcebb, 0xcebb, 0xcebb, 0xcebb, 0xcebb, 0xcebb, 0xcebb, 0xcebb, 0xcebb, 0xcebb, 0xcebb, 0xcebb, 0xcebb, 0xcebb, 0xcebb, 0xcebb, 0xcebb, 0xcebb, 0xd6db, 0xd6db, 0xd6db, 0xd6db, 0xcebb, 0xcebb, 0xcebb, 0xcebb, 0xcebb, 0xcebb, 0xcedb, 0xcedb, 0xd6db, 0xd6db, 0xcebb, 0xcebb, 0xcebb, 0xcebb, 0xcebb, 0xcebb, 0xc659, 0x2986, 0x0083, 0x0062, 0x0082, 0x0082, 0x0082, 0x0082, 0x2146, 0xbe39, 0xcebb, 0xcebb, 0xcebb, 0xcebb, 0xcebb, 0xcebb, 0xcebb, 0xcebb, 0xcebb, 0xcebb, 0xcebb, 0xcebb, 0xcebb, 0xcebb, 0xcebb, 0xcebb, 0xcebb, 0xcebb, 0xcebb, 0xcebb, 0xcebb, 0xcebb, 0xcebb, 0xcebb, 0xcebb, 0xcebb, 0xcebb, 0xcebb, 0xcebb, 0xcebb, 0xcebb, 0xcebb, 0xcebb, 0xcebb, 0xcebb, 0xcebb, 0xcebb, 0xce9b, 0xce9b, 0xce9b, 0xb5b7, 0x18e4, 0x0041, 0x0021, 0x0000, 0x0000, 0x0000, 0x0000, 0x0021, 0x10c4, 0xad97, 0xce9a, 0xce9b, 0xce9b, 0xce9b, 0xce9a, 0xce7a, 0xce7a, 0xce7a, 0xbdf8, 0x73d0, 0xc65a, 0xc67a, 0xc67a, 0xc67a, 0xc67a, 0xc65a, 0xc65a, 0xc65a, 0xc63a, 0xc65a, 0x73d0, 0x2945, 0xadb7, 0xbe39, 0xbe39, 0xbe39, 0xc639, 0xc639, 0xbe39, 0xbdf7, 0xc638, 0xc658, 0xdeda, 0xdf1b, 0xdefb, 0xdefb, 0xdefb, 0xdefb, 0xd6ba, 0xd699, 0xce59, 0xad75, 0xbdf7, 0xffff, 0xffff, 0xffff, 0xffff, 0xffff, 0xffff, 0xffff, 0xffff, 0xffff, 0xffff, 0xffff, 0xffff, 0xffff, 0xffff, 0xffff, 0xffff, 0xffff, 0xffff, 0xffff, 0xffff, 0xffff, 
  0xffff, 0xffff, 0xffff, 0xffff, 0xffff, 0xffff, 0xffff, 0xffff, 0xffff, 0xffff, 0xffff, 0xffff, 0xffff, 0xffff, 0xffff, 0xffff, 0xffff, 0xffff, 0xffff, 0xffff, 0xef7d, 0xa554, 0xa554, 0xa534, 0xa534, 0xa534, 0xa534, 0xa555, 0xad55, 0xad75, 0xb596, 0xad55, 0xa514, 0xa554, 0x8451, 0x8c73, 0x8c93, 0x8cb3, 0x94b4, 0x94b4, 0x94d4, 0x94f4, 0x9d15, 0xa535, 0xad97, 0xb5b8, 0xb5f8, 0xbdf9, 0xbe19, 0xbe39, 0xc65a, 0xc65a, 0xc67a, 0xbdf8, 0x2987, 0x18e5, 0x630e, 0xc65a, 0xce9a, 0xce9b, 0xce9b, 0xce9b, 0xce9b, 0xce9b, 0x8c93, 0x10e4, 0x10c3, 0x10c3, 0x10e3, 0x08c3, 0x08c3, 0x08c3, 0x10e4, 0x4a6a, 0xce9a, 0xcebb, 0xcebb, 0xcebb, 0xcebb, 0xcebb, 0xcebb, 0xcebb, 0xcebb, 0xcebb, 0xcebb, 0xcebb, 0xcebb, 0xcebb, 0xcebb, 0xcebb, 0xcebb, 0xcebb, 0xcebb, 0xcebb, 0xd6db, 0xd6db, 0xd6db, 0xd6db, 0xd6db, 0xd6db, 0xd6db, 0xd6db, 0xd6db, 0xd6db, 0xd6bb, 0xd6bb, 0xd6bb, 0xd6bb, 0xd6bb, 0xd6bb, 0xd6db, 0xcebb, 0xcebb, 0xcebb, 0xcebb, 0xc67a, 0x29a7, 0x0083, 0x0062, 0x0062, 0x0062, 0x0041, 0x0062, 0x1926, 0xbe39, 0xcebb, 0xcebb, 0xcebb, 0xcebb, 0xcebb, 0xcebb, 0xcebb, 0xcebb, 0xcebb, 0xcebb, 0xcebb, 0xcebb, 0xcebb, 0xcebb, 0xcebb, 0xcebb, 0xcebb, 0xcebb, 0xcebb, 0xcebb, 0xcebb, 0xcebb, 0xcebb, 0xcebb, 0xcebb, 0xcebb, 0xcebb, 0xcebb, 0xcebb, 0xcebb, 0xcebb, 0xcebb, 0xcebb, 0xcebb, 0xcebb, 0xce9b, 0xcebb, 0xcebb, 0xce9b, 0xce9b, 0xce9b, 0x6b8f, 0x0022, 0x0021, 0x0000, 0x0000, 0x0000, 0x0001, 0x0001, 0x0042, 0x4a8b, 0xc67a, 0xce9a, 0xce9a, 0xce9a, 0xce9a, 0xce9a, 0xc69b, 0x9cd4, 0x18e5, 0x0023, 0x7bf1, 0xc67a, 0xc67a, 0xc65a, 0xc65a, 0xc65a, 0xc65a, 0xc65a, 0xc65a, 0xc65a, 0xbe3a, 0xbe39, 0xbe3a, 0xc65a, 0xbe3a, 0xbe3a, 0xbe39, 0xc639, 0xbdf8, 0xc618, 0xc618, 0xdeda, 0xdf1b, 0xdefb, 0xdefb, 0xdefb, 0xdefb, 0xd6ba, 0xd699, 0xce58, 0xb596, 0xad75, 0xf7de, 0xffff, 0xffff, 0xffff, 0xffff, 0xffff, 0xffff, 0xffff, 0xffff, 0xffff, 0xffff, 0xffff, 0xffff, 0xffff, 0xffff, 0xffff, 0xffff, 0xffff, 0xffff, 0xffff, 0xffff, 0xffff, 
  0xffff, 0xffff, 0xffff, 0xffff, 0xffff, 0xffff, 0xffff, 0xffff, 0xffff, 0xffff, 0xffff, 0xffff, 0xffff, 0xffff, 0xffff, 0xffff, 0xffff, 0xffff, 0xffff, 0xffff, 0xffff, 0xe73c, 0xa534, 0xa554, 0xa555, 0xa554, 0xa534, 0xa554, 0xad55, 0xad75, 0xb575, 0xb5b6, 0xb596, 0xad54, 0xad55, 0x8c52, 0x8c73, 0x8c93, 0x8cb3, 0x94b4, 0x94b4, 0x94d4, 0x9cf4, 0x9d15, 0xa556, 0xad97, 0xb5b8, 0xb5d8, 0xb5f8, 0xbe19, 0xbe39, 0xc65a, 0xc65a, 0x4aab, 0x18e4, 0x10e4, 0x1905, 0x7bf1, 0xce9b, 0xce9b, 0xce9b, 0xce9b, 0xce9b, 0xbe39, 0x31c7, 0x10c3, 0x10c3, 0x08c3, 0x08c3, 0x08c3, 0x10e3, 0x1104, 0x1945, 0x9d35, 0xcebb, 0xcebb, 0xcebb, 0xcebb, 0xcebb, 0xcebb, 0xcebb, 0xcebb, 0xcebb, 0xcebb, 0xcebb, 0xcebb, 0xcebb, 0xcebb, 0xcebb, 0xcebb, 0xcebb, 0xcebb, 0xd6db, 0xd6db, 0xd6db, 0xd6db, 0xd6db, 0xd6db, 0xd6db, 0xd6db, 0xd6db, 0xd6db, 0xd6db, 0xd6db, 0xd6bb, 0xd6bb, 0xd6bb, 0xd6bb, 0xd6bb, 0xd6bb, 0xd6db, 0xd6db, 0xcebb, 0xcebb, 0xcebb, 0xc65a, 0x2987, 0x0882, 0x0062, 0x0041, 0x0041, 0x0062, 0x0882, 0x1926, 0xbe19, 0xcebb, 0xcebb, 0xcebb, 0xcebb, 0xcebb, 0xcebb, 0xcebb, 0xcebb, 0xcebb, 0xcebb, 0xcebb, 0xcebb, 0xcebb, 0xcebb, 0xcebb, 0xcebb, 0xcebb, 0xcebb, 0xcebb, 0xcebb, 0xcebb, 0xcebb, 0xcebb, 0xcebb, 0xcebb, 0xcebb, 0xcebb, 0xcebb, 0xcebb, 0xcebb, 0xcebb, 0xcebb, 0xcebb, 0xcebb, 0xcebb, 0xcebb, 0xcebb, 0xcebb, 0xce9b, 0xce9b, 0xce9b, 0xbe39, 0x2966, 0x0021, 0x0000, 0x0000, 0x0000, 0x0000, 0x0000, 0x0021, 0x0863, 0x94f4, 0xce9a, 0xce9a, 0xce9a, 0xce9a, 0xc67a, 0xbdf9, 0x20e5, 0x0042, 0x0022, 0x0863, 0xa536, 0xc65a, 0xc65a, 0xc65a, 0xc65a, 0xc65a, 0xc65a, 0xc65a, 0xc65a, 0xbe3a, 0xbe3a, 0xbe3a, 0xbe3a, 0xbe3a, 0xbe39, 0xc639, 0xbdf8, 0xbdf8, 0xc638, 0xd6da, 0xdf1b, 0xdf1b, 0xdefb, 0xdefb, 0xdedb, 0xd6ba, 0xd699, 0xce58, 0xb5b6, 0xa513, 0xf7be, 0xffff, 0xffff, 0xffff, 0xffff, 0xffff, 0xffff, 0xffff, 0xffff, 0xffff, 0xffff, 0xffff, 0xffff, 0xffff, 0xffff, 0xffff, 0xffff, 0xffff, 0xffff, 0xffff, 0xffff, 0xffff, 0xffff, 
  0xffff, 0xffff, 0xffff, 0xffff, 0xffff, 0xffff, 0xffff, 0xffff, 0xffff, 0xffff, 0xffff, 0xffff, 0xffff, 0xffff, 0xffff, 0xffff, 0xffff, 0xffff, 0xffff, 0xffff, 0xffff, 0xffff, 0xdefb, 0xa514, 0xad55, 0xad55, 0xa534, 0xa555, 0xad55, 0xad75, 0xb596, 0xb5b6, 0xbdf7, 0xb5b6, 0xad55, 0xb576, 0x8c52, 0x8c72, 0x8c93, 0x8cb3, 0x8cd4, 0x94d4, 0x94d4, 0x94f5, 0x9d15, 0xa556, 0xad97, 0xb5b8, 0xb5d8, 0xb5f8, 0xbe19, 0xbe39, 0x7c11, 0x10c3, 0x10c3, 0x10e4, 0x3a2a, 0xc67a, 0xce7a, 0xce9b, 0xce9a, 0xce9b, 0xce9b, 0x73f0, 0x10e4, 0x10c3, 0x10c3, 0x10c3, 0x08e3, 0x10e4, 0x10e4, 0x10e4, 0x5b0d, 0xce9b, 0xcebb, 0xcebb, 0xcebb, 0xcebb, 0xcebb, 0xcebb, 0xcebb, 0xcebb, 0xcebb, 0xcebb, 0xcebb, 0xcebb, 0xcebb, 0xcebb, 0xcebb, 0xcebb, 0xcebb, 0xcebb, 0xcebb, 0xcebb, 0xcebb, 0xcebb, 0xcebb, 0xd6db, 0xd6db, 0xd6db, 0xd6db, 0xd6db, 0xd6db, 0xd6db, 0xd6db, 0xd6db, 0xd6db, 0xd6bb, 0xcebb, 0xcebb, 0xcebb, 0xcebb, 0xcebb, 0xcebb, 0xcebb, 0xc67a, 0x31a7, 0x0882, 0x0062, 0x0062, 0x0062, 0x0062, 0x0082, 0x1925, 0xb619, 0xcebb, 0xcebb, 0xcebb, 0xcebb, 0xcebb, 0xcebb, 0xcebb, 0xcebb, 0xcebb, 0xcebb, 0xcebb, 0xcebb, 0xcebb, 0xcebb, 0xcebb, 0xcebb, 0xcebb, 0xcebb, 0xcebb, 0xcebb, 0xcebb, 0xcebb, 0xcebb, 0xcebb, 0xcebb, 0xcebb, 0xcebb, 0xcebb, 0xcebb, 0xcebb, 0xcebb, 0xcebb, 0xcebb, 0xcebb, 0xcebb, 0xcebb, 0xcebb, 0xcebb, 0xcebb, 0xcebb, 0xce9b, 0xce9b, 0x8c72, 0x0861, 0x0020, 0x0000, 0x0000, 0x0000, 0x0000, 0x0000, 0x0021, 0x31a8, 0xbe39, 0xce7b, 0xce7b, 0xce7a, 0xce7a, 0xce7b, 0x8c72, 0x0862, 0x0001, 0x0001, 0x2125, 0xbe19, 0xc65a, 0xc65a, 0xc65a, 0xc65a, 0xc659, 0xc659, 0xc65a, 0xc65a, 0xc65a, 0xbe3a, 0xbe39, 0xbe59, 0xc639, 0xbdd8, 0xbdf7, 0xc617, 0xdeda, 0xdefb, 0xdefb, 0xdeda, 0xdefb, 0xdedb, 0xd6ba, 0xce99, 0xc638, 0xb5d6, 0x9cf3, 0xef7d, 0xffff, 0xffff, 0xffff, 0xffff, 0xffff, 0xffff, 0xffff, 0xffff, 0xffff, 0xffff, 0xffff, 0xffff, 0xffff, 0xffff, 0xffff, 0xffff, 0xffff, 0xffff, 0xffff, 0xffff, 0xffff, 0xffff, 0xffff, 
  0xffff, 0xffff, 0xffff, 0xffff, 0xffff, 0xffff, 0xffff, 0xffff, 0xffff, 0xffff, 0xffff, 0xffff, 0xffff, 0xffff, 0xffff, 0xffff, 0xffff, 0xffff, 0xffff, 0xffff, 0xffff, 0xffff, 0xffff, 0xd6ba, 0xa514, 0xad55, 0xad55, 0xa554, 0xad55, 0xad75, 0xb596, 0xb596, 0xb5b7, 0xc618, 0xbdb6, 0xad75, 0xb596, 0x9492, 0x8452, 0x8c93, 0x8cb3, 0x94b4, 0x94b4, 0x94d4, 0x94f5, 0x9d15, 0xa556, 0xad77, 0xadb7, 0xb5d8, 0xb5f8, 0xa555, 0x10a3, 0x08a3, 0x10c3, 0x2125, 0xad97, 0xc67a, 0xc67a, 0xc67a, 0xce9b, 0xce9a, 0xb5d7, 0x2166, 0x10e4, 0x08c3, 0x10c3, 0x08c3, 0x10c3, 0x10e4, 0x10e4, 0x2166, 0xb5b7, 0xcebb, 0xcebb, 0xcebb, 0xcebb, 0xcebb, 0xcebb, 0xcebb, 0xcebb, 0xcebb, 0xcebb, 0xcebb, 0xcebb, 0xcebb, 0xcebb, 0xcebb, 0xcebb, 0xcebb, 0xcebb, 0xcebb, 0xcebb, 0xcebb, 0xcebb, 0xcebb, 0xcebb, 0xcebb, 0xd6db, 0xd6db, 0xd6db, 0xd6db, 0xd6db, 0xd6db, 0xd6db, 0xd6db, 0xd6db, 0xd6db, 0xcebb, 0xcebb, 0xcebb, 0xcebb, 0xcebb, 0xcebb, 0xcebb, 0xce7a, 0x31a7, 0x0062, 0x0062, 0x0062, 0x0062, 0x0062, 0x0082, 0x1925, 0xb618, 0xcebb, 0xcebb, 0xcebb, 0xcebb, 0xcebb, 0xcebb, 0xcebb, 0xcebb, 0xcebb, 0xcebb, 0xcebb, 0xcebb, 0xcebb, 0xcebb, 0xcebb, 0xcebb, 0xcebb, 0xcebb, 0xcebb, 0xcebb, 0xcebb, 0xcebb, 0xcebb, 0xcebb, 0xcebb, 0xcebb, 0xcebb, 0xcebb, 0xcebb, 0xcebb, 0xcebb, 0xcebb, 0xcebb, 0xcebb, 0xcebb, 0xcebb, 0xcebb, 0xcebb, 0xcebb, 0xcebb, 0xce9b, 0xce9b, 0xc67a, 0x4229, 0x0021, 0x0000, 0x0000, 0x0000, 0x0000, 0x0000, 0x0001, 0x0021, 0x73f1, 0xce7b, 0xce7b, 0xc67a, 0xc67a, 0xc67a, 0xce7a, 0x5aec, 0x0021, 0x0000, 0x0000, 0x528b, 0xc63a, 0xc63a, 0xc65a, 0xc659, 0xc659, 0xc659, 0xc65a, 0xc65a, 0xc65a, 0xc63a, 0xc63a, 0xc639, 0xbdf7, 0xbdf7, 0xbe17, 0xdeda, 0xdefb, 0xdefb, 0xdefb, 0xdefb, 0xdeda, 0xd6ba, 0xd699, 0xce58, 0xbdd6, 0x94b2, 0xe73c, 0xffff, 0xffff, 0xffff, 0xffff, 0xffff, 0xffff, 0xffff, 0xffff, 0xffff, 0xffff, 0xffff, 0xffff, 0xffff, 0xffff, 0xffff, 0xffff, 0xffff, 0xffff, 0xffff, 0xffff, 0xffff, 0xffff, 0xffff, 0xffff, 
  0xffff, 0xffff, 0xffff, 0xffff, 0xffff, 0xffff, 0xffff, 0xffff, 0xffff, 0xffff, 0xffff, 0xffff, 0xffff, 0xffff, 0xffff, 0xffff, 0xffff, 0xffff, 0xffff, 0xffff, 0xffff, 0xffff, 0xffff, 0xffff, 0xce79, 0xa514, 0xad55, 0xad55, 0xad55, 0xad55, 0xb596, 0xb5b6, 0xbdd7, 0xbdf7, 0xc638, 0xbdd7, 0xb576, 0xb576, 0x94b3, 0x8452, 0x8c93, 0x8c93, 0x8cb3, 0x94b4, 0x94d4, 0x94f4, 0x9d15, 0xa536, 0xad76, 0xadb7, 0xadb7, 0x2966, 0x0042, 0x0062, 0x08a3, 0x7c31, 0xc65a, 0xc67a, 0xc67a, 0xc67a, 0xce7a, 0xce7a, 0x632d, 0x10e4, 0x1104, 0x08e3, 0x10c3, 0x10c3, 0x10e4, 0x10e4, 0x1104, 0x6baf, 0xcebb, 0xcebb, 0xcebb, 0xcebb, 0xcebb, 0xcebb, 0xcebb, 0xcebb, 0xcebb, 0xcebb, 0xcebb, 0xcebb, 0xcebb, 0xcebb, 0xcebb, 0xcebb, 0xcebb, 0xcebb, 0xcebb, 0xcebb, 0xcebb, 0xcebb, 0xcebb, 0xcebb, 0xcebb, 0xcebb, 0xd6db, 0xd6db, 0xd6db, 0xd6db, 0xd6db, 0xd6db, 0xd6db, 0xd6db, 0xd6db, 0xd6db, 0xcebb, 0xcebb, 0xcebb, 0xcebb, 0xcebb, 0xcebb, 0xcebb, 0xc67a, 0x31a7, 0x0062, 0x0041, 0x0041, 0x0042, 0x0041, 0x0062, 0x1905, 0xb5f8, 0xcebb, 0xcebb, 0xcebb, 0xcebb, 0xcebb, 0xcebb, 0xcebb, 0xcebb, 0xcebb, 0xcebb, 0xcebb, 0xcebb, 0xcebb, 0xcebb, 0xcebb, 0xcebb, 0xcebb, 0xcebb, 0xcebb, 0xcebb, 0xcebb, 0xcebb, 0xcebb, 0xcebb, 0xcebb, 0xcebb, 0xcebb, 0xcebb, 0xcebb, 0xcebb, 0xcebb, 0xcebb, 0xcebb, 0xcebb, 0xce9b, 0xcebb, 0xcebb, 0xcebb, 0xce9b, 0xce9b, 0xce9b, 0xce9b, 0xce9b, 0xa555, 0x10a3, 0x0021, 0x0000, 0x0000, 0x0000, 0x0000, 0x0000, 0x0021, 0x18e5, 0xb5d8, 0xce7a, 0xc67a, 0xc67a, 0xc67a, 0xc65a, 0xc639, 0x2966, 0x0000, 0x0000, 0x0000, 0x8411, 0xc65a, 0xc65a, 0xc659, 0xc639, 0xc639, 0xc639, 0xc63a, 0xc65a, 0xc639, 0xbe39, 0xbdd7, 0xbdf7, 0xbe17, 0xdeda, 0xdeda, 0xdefb, 0xdefb, 0xdefb, 0xdedb, 0xd6da, 0xd699, 0xce59, 0xbdf7, 0x94b2, 0xdefb, 0xffff, 0xffff, 0xffff, 0xffff, 0xffff, 0xffff, 0xffff, 0xffff, 0xffff, 0xffff, 0xffff, 0xffff, 0xffff, 0xffff, 0xffff, 0xffff, 0xffff, 0xffff, 0xffff, 0xffff, 0xffff, 0xffff, 0xffff, 0xffff, 0xffff, 
  0xffff, 0xffff, 0xffff, 0xffff, 0xffff, 0xffff, 0xffff, 0xffff, 0xffff, 0xffff, 0xffff, 0xffff, 0xffff, 0xffff, 0xffff, 0xffff, 0xffff, 0xffff, 0xffff, 0xffff, 0xffff, 0xffff, 0xffff, 0xffff, 0xffdf, 0xc618, 0xa514, 0xad75, 0xad75, 0xad75, 0xb596, 0xb5b6, 0xbdd7, 0xbdf7, 0xc618, 0xce38, 0xc618, 0xad75, 0xb596, 0x9cf3, 0x8431, 0x8c93, 0x8c93, 0x94b3, 0x94b4, 0x94d4, 0x94f4, 0x9d15, 0xa535, 0xad56, 0x632d, 0x0000, 0x0021, 0x0041, 0x426a, 0xc639, 0xc63a, 0xc65a, 0xc67a, 0xc67a, 0xc67a, 0xad76, 0x1905, 0x10c3, 0x10e3, 0x08e3, 0x08e3, 0x10c3, 0x10c3, 0x10e4, 0x29a7, 0xbe19, 0xcebb, 0xcebb, 0xcebb, 0xcebb, 0xcebb, 0xcebb, 0xcebb, 0xcebb, 0xcebb, 0xcebb, 0xcebb, 0xcebb, 0xcebb, 0xcebb, 0xcebb, 0xcebb, 0xcebb, 0xcebb, 0xcebb, 0xcebb, 0xcebb, 0xcebb, 0xcebb, 0xcebb, 0xcebb, 0xd6db, 0xd6db, 0xd6db, 0xd6db, 0xd6db, 0xd6db, 0xd6db, 0xd6db, 0xd6db, 0xd6db, 0xcebb, 0xcebb, 0xcebb, 0xcebb, 0xcebb, 0xcebb, 0xcebb, 0xcebb, 0xc67a, 0x31c7, 0x0082, 0x0062, 0x0041, 0x0042, 0x0062, 0x0082, 0x1925, 0xb5f8, 0xcebb, 0xcebb, 0xcebb, 0xcebb, 0xcebb, 0xcebb, 0xcebb, 0xcebb, 0xcebb, 0xcebb, 0xcebb, 0xcebb, 0xcebb, 0xcebb, 0xcebb, 0xcebb, 0xcebb, 0xcebb, 0xcebb, 0xcebb, 0xcebb, 0xcebb, 0xcebb, 0xcebb, 0xcebb, 0xcebb, 0xcebb, 0xcebb, 0xcebb, 0xcebb, 0xcebb, 0xcebb, 0xcebb, 0xce9b, 0xce9b, 0xce9b, 0xcebb, 0xcebb, 0xce9b, 0xce9b, 0xce9b, 0xce9b, 0xce9b, 0xce9b, 0x632d, 0x0021, 0x0001, 0x0000, 0x0000, 0x0000, 0x0000, 0x0000, 0x0021, 0x52cc, 0xc67a, 0xc67a, 0xc67a, 0xc65a, 0xc65a, 0xc65a, 0xa576, 0x1082, 0x0000, 0x0000, 0x1083, 0xb5b7, 0xc639, 0xc659, 0xc639, 0xc639, 0xc639, 0xc639, 0xc63a, 0xbe39, 0xbdd7, 0xbdf7, 0xc618, 0xd6ba, 0xd6da, 0xdeda, 0xdeda, 0xdeda, 0xdefb, 0xdefb, 0xd6ba, 0xce79, 0xbdf7, 0x94b2, 0xd6ba, 0xffff, 0xffff, 0xffff, 0xffff, 0xffff, 0xffff, 0xffff, 0xffff, 0xffff, 0xffff, 0xffff, 0xffff, 0xffff, 0xffff, 0xffff, 0xffff, 0xffff, 0xffff, 0xffff, 0xffff, 0xffff, 0xffff, 0xffff, 0xffff, 0xffff, 0xffff, 
  0xffff, 0xffff, 0xffff, 0xffff, 0xffff, 0xffff, 0xffff, 0xffff, 0xffff, 0xffff, 0xffff, 0xffff, 0xffff, 0xffff, 0xffff, 0xffff, 0xffff, 0xffff, 0xffff, 0xffff, 0xffff, 0xffff, 0xffff, 0xffff, 0xffff, 0xffdf, 0xbdf7, 0xa514, 0xb596, 0xb596, 0xb5b6, 0xb5b6, 0xbdd7, 0xbdf8, 0xbe18, 0xc618, 0xce59, 0xc638, 0xb596, 0xbdb6, 0xa534, 0x8431, 0x8c93, 0x8c93, 0x8cb3, 0x94b4, 0x94d4, 0x94f4, 0x9d15, 0x9d35, 0x9d35, 0x4249, 0x0000, 0x18e4, 0xad97, 0xbdf8, 0xbe19, 0xbe39, 0xc65a, 0xc65a, 0xc659, 0x4a6a, 0x10c4, 0x10c3, 0x10c3, 0x10c3, 0x08c3, 0x10c3, 0x10e4, 0x18e4, 0x8432, 0xce9b, 0xce9b, 0xcebb, 0xcebb, 0xcebb, 0xcebb, 0xcebb, 0xcebb, 0xcebb, 0xcebb, 0xcebb, 0xcebb, 0xcebb, 0xcebb, 0xcebb, 0xcebb, 0xcebb, 0xcebb, 0xcebb, 0xcebb, 0xcebb, 0xcebb, 0xcebb, 0xcebb, 0xcebb, 0xcebb, 0xcebb, 0xcebb, 0xcebb, 0xcebb, 0xcebb, 0xd6db, 0xd6db, 0xcebb, 0xcebb, 0xcebb, 0xcebb, 0xcebb, 0xcebb, 0xcebb, 0xcebb, 0xcebb, 0xcebb, 0xcebb, 0xc67a, 0x31c7, 0x0082, 0x0062, 0x0041, 0x0041, 0x0041, 0x0062, 0x1104, 0xb5f8, 0xcebb, 0xcebb, 0xcebb, 0xcebb, 0xcebb, 0xcebb, 0xcebb, 0xcebb, 0xcebb, 0xcebb, 0xcebb, 0xcebb, 0xcebb, 0xcebb, 0xcebb, 0xcebb, 0xcebb, 0xcebb, 0xcebb, 0xcebb, 0xcebb, 0xcebb, 0xcebb, 0xcebb, 0xcebb, 0xcebb, 0xcebb, 0xcebb, 0xcebb, 0xcebb, 0xcebb, 0xcebb, 0xcebb, 0xcebb, 0xcebb, 0xce9b, 0xce9b, 0xce9b, 0xce9b, 0xce9b, 0xce9b, 0xce9b, 0xce9b, 0xce9b, 0xb5f8, 0x2125, 0x0021, 0x0000, 0x0000, 0x0000, 0x0000, 0x0000, 0x0000, 0x0862, 0x9d15, 0xc67a, 0xc67a, 0xc65a, 0xc65a, 0xc65a, 0xc65a, 0x7c31, 0x0821, 0x1062, 0x7c10, 0xc639, 0xc639, 0xbe39, 0xc639, 0xc639, 0xc639, 0xc639, 0xbe19, 0xbdd7, 0xbdd7, 0xc617, 0xdeda, 0xd6ba, 0xd6da, 0xd6ba, 0xd6ba, 0xd6ba, 0xdedb, 0xd699, 0xce79, 0xbdf7, 0x9cb2, 0xd69a, 0xffff, 0xffff, 0xffff, 0xffff, 0xffff, 0xffff, 0xffff, 0xffff, 0xffff, 0xffff, 0xffff, 0xffff, 0xffff, 0xffff, 0xffff, 0xffff, 0xffff, 0xffff, 0xffff, 0xffff, 0xffff, 0xffff, 0xffff, 0xffff, 0xffff, 0xffff, 0xffff, 
  0xffff, 0xffff, 0xffff, 0xffff, 0xffff, 0xffff, 0xffff, 0xffff, 0xffff, 0xffff, 0xffff, 0xffff, 0xffff, 0xffff, 0xffff, 0xffff, 0xffff, 0xffff, 0xffff, 0xffff, 0xffff, 0xffff, 0xffff, 0xffff, 0xffff, 0xffff, 0xf7de, 0xbdd7, 0xa534, 0xb596, 0xb5b6, 0xb5b7, 0xbdd7, 0xc618, 0xbdf7, 0xc5f8, 0xce39, 0xce79, 0xce79, 0xbdd7, 0xbdd7, 0xad75, 0x8431, 0x8c93, 0x8c93, 0x8cb3, 0x94b4, 0x94d4, 0x94f4, 0x9cf5, 0x9d15, 0xa555, 0x73cf, 0x8c72, 0xb5d8, 0xb5d8, 0xbdf8, 0xbe19, 0xbe39, 0xc659, 0x94b3, 0x18e4, 0x10c3, 0x08a3, 0x10a3, 0x10a3, 0x10c3, 0x10c3, 0x10c4, 0x4209, 0xc65a, 0xce9b, 0xcebb, 0xcebb, 0xcebb, 0xcebb, 0xcebb, 0xcebb, 0xcebb, 0xcebb, 0xcebb, 0xcebb, 0xcebb, 0xcebb, 0xcebb, 0xcebb, 0xcebb, 0xcebb, 0xcebb, 0xcebb, 0xcebb, 0xcebb, 0xcebb, 0xcebb, 0xcebb, 0xcebb, 0xcebb, 0xcebb, 0xcebb, 0xcebb, 0xcebb, 0xcebb, 0xd6db, 0xd6db, 0xd6db, 0xd6db, 0xcebb, 0xcebb, 0xcebb, 0xd6db, 0xcebb, 0xcebb, 0xcebb, 0xcebb, 0xcebb, 0xc67a, 0x31c7, 0x0082, 0x0041, 0x0041, 0x0021, 0x0041, 0x0062, 0x18e5, 0xb5d8, 0xcebb, 0xcebb, 0xcebb, 0xcebb, 0xcebb, 0xcebb, 0xcebb, 0xcebb, 0xcebb, 0xcebb, 0xcebb, 0xd6bb, 0xd6bb, 0xd6bb, 0xd6bb, 0xcebb, 0xcebb, 0xcebb, 0xcebb, 0xcebb, 0xcebb, 0xcebb, 0xcebb, 0xcebb, 0xcebb, 0xcebb, 0xcebb, 0xcebb, 0xcebb, 0xce9b, 0xce9b, 0xce9b, 0xcebb, 0xcebb, 0xce9b, 0xce9b, 0xce9b, 0xce9b, 0xce9b, 0xce9b, 0xce9b, 0xce9b, 0xce9b, 0xce9b, 0xce9b, 0x7c10, 0x0841, 0x0020, 0x0000, 0x0000, 0x0000, 0x0000, 0x0000, 0x0000, 0x39e8, 0xbe39, 0xc65a, 0xc65a, 0xc65a, 0xc65a, 0xc65a, 0xc65a, 0x6b8f, 0xad96, 0xc65a, 0xbe39, 0xc659, 0xbe39, 0xc639, 0xc639, 0xc639, 0xbdf8, 0xb5d7, 0xb5b6, 0xc618, 0xdeda, 0xdeda, 0xdeda, 0xd6da, 0xd6ba, 0xd6ba, 0xd6ba, 0xce99, 0xce58, 0xbdf7, 0x9cb2, 0xd69a, 0xffff, 0xffff, 0xffff, 0xffff, 0xffff, 0xffff, 0xffff, 0xffff, 0xffff, 0xffff, 0xffff, 0xffff, 0xffff, 0xffff, 0xffff, 0xffff, 0xffff, 0xffff, 0xffff, 0xffff, 0xffff, 0xffff, 0xffff, 0xffff, 0xffff, 0xffff, 0xffff, 0xffff, 
  0xffff, 0xffff, 0xffff, 0xffff, 0xffff, 0xffff, 0xffff, 0xffff, 0xffff, 0xffff, 0xffff, 0xffff, 0xffff, 0xffff, 0xffff, 0xffff, 0xffff, 0xffff, 0xffff, 0xffff, 0xffff, 0xffff, 0xffff, 0xffff, 0xffff, 0xffff, 0xffff, 0xf7de, 0xbdd7, 0xa514, 0xb5b6, 0xb5d7, 0xbdd7, 0xbdd7, 0xc618, 0xc618, 0xc618, 0xce59, 0xd679, 0xd6ba, 0xc618, 0xbdd7, 0xbdd6, 0x8c71, 0x8472, 0x8c93, 0x8cb3, 0x94d4, 0x94d4, 0x94d4, 0x9cf4, 0x9d15, 0xa536, 0xad76, 0xad97, 0xb5b7, 0xb5d8, 0xb5f8, 0xbe18, 0xb5d8, 0x31c7, 0x10c3, 0x08a3, 0x08a3, 0x10a3, 0x10c3, 0x10c3, 0x10e4, 0x1925, 0x94f4, 0xce9b, 0xce9b, 0xce9b, 0xce9b, 0xce9b, 0xcebb, 0xcebb, 0xcebb, 0xcebb, 0xcebb, 0xcebb, 0xcebb, 0xcebb, 0xcebb, 0xcebb, 0xcebb, 0xcebb, 0xcebb, 0xcebb, 0xcebb, 0xcebb, 0xcebb, 0xcebb, 0xcebb, 0xcebb, 0xcebb, 0xcebb, 0xcebb, 0xcebb, 0xcebb, 0xcebb, 0xcebb, 0xcebb, 0xcebb, 0xcebb, 0xcebb, 0xcebb, 0xd6db, 0xcebb, 0xcebb, 0xcebb, 0xcebb, 0xcebb, 0xcebb, 0xcebb, 0xce9a, 0x3a08, 0x0062, 0x0041, 0x0041, 0x0041, 0x0041, 0x0062, 0x10e4, 0xb5d8, 0xcebb, 0xcebb, 0xcebb, 0xcebb, 0xcebb, 0xcebb, 0xcebb, 0xcebb, 0xcebb, 0xcebb, 0xcebb, 0xd6bb, 0xd6bb, 0xd6bb, 0xd6bb, 0xcebb, 0xcebb, 0xcebb, 0xcebb, 0xcebb, 0xcebb, 0xcebb, 0xcebb, 0xcebb, 0xcebb, 0xcebb, 0xcebb, 0xcebb, 0xcebb, 0xce9b, 0xcebb, 0xcebb, 0xcebb, 0xce9b, 0xce9b, 0xce9b, 0xce9b, 0xce9b, 0xce9b, 0xce9b, 0xce9b, 0xce9b, 0xce9b, 0xce9b, 0xce9a, 0xc659, 0x39e7, 0x0020, 0x0000, 0x0000, 0x0000, 0x0000, 0x0000, 0x0000, 0x0001, 0x7c12, 0xc65a, 0xc65a, 0xc65a, 0xc65a, 0xc65a, 0xc65a, 0xc65a, 0xc659, 0xc659, 0xc659, 0xbe39, 0xbe59, 0xc639, 0xc639, 0xbdd8, 0xbdd7, 0xb5b6, 0xc618, 0xdeda, 0xd69a, 0xdeda, 0xd6da, 0xd6ba, 0xd6ba, 0xd6ba, 0xce79, 0xce58, 0xc617, 0x94b2, 0xd6ba, 0xffff, 0xffff, 0xffff, 0xffff, 0xffff, 0xffff, 0xffff, 0xffff, 0xffff, 0xffff, 0xffff, 0xffff, 0xffff, 0xffff, 0xffff, 0xffff, 0xffff, 0xffff, 0xffff, 0xffff, 0xffff, 0xffff, 0xffff, 0xffff, 0xffff, 0xffff, 0xffff, 0xffff, 0xffff, 
  0xffff, 0xffff, 0xffff, 0xffff, 0xffff, 0xffff, 0xffff, 0xffff, 0xffff, 0xffff, 0xffff, 0xffff, 0xffff, 0xffff, 0xffff, 0xffff, 0xffff, 0xffff, 0xffff, 0xffff, 0xffff, 0xffff, 0xffff, 0xffff, 0xffff, 0xffff, 0xffff, 0xffff, 0xf7de, 0xbdd7, 0x9d14, 0xb596, 0xbdd7, 0xbdd7, 0xbdf7, 0xc638, 0xc638, 0xce59, 0xce79, 0xd699, 0xdeda, 0xce79, 0xbdf7, 0xc5f7, 0x9cf3, 0x7c31, 0x8c93, 0x8cb3, 0x94b4, 0x94d4, 0x94d4, 0x9cf5, 0x9d15, 0xa536, 0xa556, 0xad97, 0xb5b7, 0xb5d8, 0xb5d8, 0x73af, 0x0062, 0x0062, 0x0082, 0x0082, 0x08a3, 0x08c3, 0x10c3, 0x10e4, 0x4aab, 0xc67b, 0xce9b, 0xce9b, 0xce9b, 0xce9b, 0xce9b, 0xce9b, 0xce9b, 0xcebb, 0xcebb, 0xcebb, 0xcebb, 0xcebb, 0xcebb, 0xcebb, 0xcebb, 0xcebb, 0xcebb, 0xcebb, 0xcebb, 0xcebb, 0xcebb, 0xcebb, 0xcebb, 0xcebb, 0xcebb, 0xcebb, 0xcebb, 0xcebb, 0xcebb, 0xcebb, 0xcebb, 0xcebb, 0xcebb, 0xcebb, 0xcebb, 0xcebb, 0xcebb, 0xcebb, 0xcebb, 0xcebb, 0xcebb, 0xcebb, 0xcebb, 0xcebb, 0xcebb, 0xce9a, 0x39e7, 0x0882, 0x0041, 0x0041, 0x0041, 0x0041, 0x0062, 0x10e4, 0xb5d8, 0xcebb, 0xcebb, 0xcebb, 0xcebb, 0xcebb, 0xcebb, 0xcebb, 0xcebb, 0xcebb, 0xcebb, 0xcebb, 0xcebb, 0xcebb, 0xcebb, 0xd6bb, 0xcebb, 0xcebb, 0xcebb, 0xcebb, 0xcebb, 0xcebb, 0xcebb, 0xcebb, 0xcebb, 0xcebb, 0xcebb, 0xcebb, 0xcebb, 0xcebb, 0xce9b, 0xce9b, 0xce9b, 0xce9b, 0xce9b, 0xce9b, 0xce9b, 0xce9b, 0xce9b, 0xce9b, 0xce9b, 0xce7b, 0xce7b, 0xce9b, 0xce9b, 0xce7a, 0xce7a, 0x9cf4, 0x1062, 0x0000, 0x0000, 0x0000, 0x0000, 0x0000, 0x0000, 0x0000, 0x2105, 0xb5d8, 0xc65a, 0xc65a, 0xc65a, 0xc65a, 0xc65a, 0xc65a, 0xc65a, 0xc65a, 0xc639, 0xc65a, 0xbe59, 0xbe39, 0xb5b7, 0xb5b6, 0xb5b6, 0xce58, 0xd6da, 0xd6ba, 0xd6ba, 0xd6ba, 0xd69a, 0xd699, 0xd699, 0xce79, 0xc638, 0xbdf7, 0x94b2, 0xdefb, 0xffff, 0xffff, 0xffff, 0xffff, 0xffff, 0xffff, 0xffff, 0xffff, 0xffff, 0xffff, 0xffff, 0xffff, 0xffff, 0xffff, 0xffff, 0xffff, 0xffff, 0xffff, 0xffff, 0xffff, 0xffff, 0xffff, 0xffff, 0xffff, 0xffff, 0xffff, 0xffff, 0xffff, 0xffff, 0xffff, 
  0xffff, 0xffff, 0xffff, 0xffff, 0xffff, 0xffff, 0xffff, 0xffff, 0xffff, 0xffff, 0xffff, 0xffff, 0xffff, 0xffff, 0xffff, 0xffff, 0xffff, 0xffff, 0xffff, 0xffff, 0xffff, 0xffff, 0xffff, 0xffff, 0xffff, 0xffff, 0xffff, 0xffff, 0xffff, 0xffdf, 0xbdf7, 0x9cf4, 0xb596, 0xc5f7, 0xbdf7, 0xc638, 0xce59, 0xce79, 0xce79, 0xd6ba, 0xd6bb, 0xdefb, 0xdeda, 0xc618, 0xc617, 0xb575, 0x8410, 0x8c93, 0x8c93, 0x94b4, 0x94b4, 0x94d4, 0x94f4, 0x9cf5, 0x9d35, 0xa556, 0xad77, 0xad97, 0xa556, 0x18e3, 0x0020, 0x0020, 0x0041, 0x0062, 0x0882, 0x08a3, 0x10c3, 0x1925, 0xa556, 0xce9b, 0xce9b, 0xce9b, 0xce9b, 0xce9b, 0xce9b, 0xcebb, 0xce9b, 0xcebb, 0xcebb, 0xcebb, 0xcebb, 0xcebb, 0xcebb, 0xcebb, 0xcebb, 0xcebb, 0xcebb, 0xcebb, 0xcebb, 0xcebb, 0xcebb, 0xcebb, 0xcebb, 0xcebb, 0xcebb, 0xcebb, 0xcebb, 0xcebb, 0xcebb, 0xcebb, 0xcebb, 0xcebb, 0xcebb, 0xcebb, 0xcebb, 0xcebb, 0xcebb, 0xcebb, 0xcebb, 0xcebb, 0xcebb, 0xcebb, 0xcebb, 0xcebb, 0xcebb, 0xce9a, 0x39e8, 0x0882, 0x0042, 0x0041, 0x0041, 0x0041, 0x0062, 0x10e4, 0xadd8, 0xcebb, 0xcebb, 0xcebb, 0xcebb, 0xcebb, 0xcebb, 0xcebb, 0xcebb, 0xcebb, 0xcebb, 0xcebb, 0xcebb, 0xcebb, 0xcebb, 0xd6bb, 0xcebb, 0xcebb, 0xcebb, 0xcebb, 0xcebb, 0xcebb, 0xcebb, 0xcebb, 0xcebb, 0xcebb, 0xcebb, 0xce9b, 0xce9b, 0xce9b, 0xce9b, 0xce9b, 0xce9b, 0xce9b, 0xce9b, 0xce9b, 0xce9b, 0xce9b, 0xce9b, 0xce9b, 0xce9b, 0xce9b, 0xce7b, 0xce7b, 0xce7b, 0xce7a, 0xce7a, 0xce7a, 0x52aa, 0x0000, 0x0000, 0x0000, 0x0000, 0x0000, 0x0000, 0x0000, 0x0000, 0x632e, 0xc65a, 0xc65a, 0xc65a, 0xc65a, 0xc65a, 0xc65a, 0xc65a, 0xc65a, 0xc639, 0xc65a, 0xbe19, 0xb596, 0xb596, 0xb5b6, 0xce79, 0xd6da, 0xd6ba, 0xd69a, 0xd6ba, 0xd69a, 0xce79, 0xce79, 0xce59, 0xc658, 0xbdf7, 0x94d2, 0xe73c, 0xffff, 0xffff, 0xffff, 0xffff, 0xffff, 0xffff, 0xffff, 0xffff, 0xffff, 0xffff, 0xffff, 0xffff, 0xffff, 0xffff, 0xffff, 0xffff, 0xffff, 0xffff, 0xffff, 0xffff, 0xffff, 0xffff, 0xffff, 0xffff, 0xffff, 0xffff, 0xffff, 0xffff, 0xffff, 0xffff, 0xffff, 
  0xffff, 0xffff, 0xffff, 0xffff, 0xffff, 0xffff, 0xffff, 0xffff, 0xffff, 0xffff, 0xffff, 0xffff, 0xffff, 0xffff, 0xffff, 0xffff, 0xffff, 0xffff, 0xffff, 0xffff, 0xffff, 0xffff, 0xffff, 0xffff, 0xffff, 0xffff, 0xffff, 0xffff, 0xffff, 0xffff, 0xffff, 0xc618, 0x9cf4, 0xb5b7, 0xc618, 0xc618, 0xce59, 0xce79, 0xce79, 0xd69a, 0xd6bb, 0xdedb, 0xdefb, 0xdefb, 0xc638, 0xc618, 0xbdf7, 0x8c51, 0x8452, 0x8c93, 0x8cb3, 0x8cb4, 0x94d4, 0x94d4, 0x9cf5, 0x9d15, 0xa536, 0xa576, 0x8472, 0x10c3, 0x0000, 0x0000, 0x0000, 0x0021, 0x0062, 0x08a3, 0x10a3, 0x5b2d, 0xc67a, 0xc67a, 0xce9a, 0xce9b, 0xce9a, 0xc67a, 0x52ac, 0x5aed, 0xad97, 0xce9b, 0xce9b, 0xce9b, 0xce9b, 0xcebb, 0xcebb, 0xcebb, 0xcebb, 0xcebb, 0xcebb, 0xcebb, 0xcebb, 0xcebb, 0xcebb, 0xcebb, 0xcebb, 0xcebb, 0xcebb, 0xcebb, 0xcebb, 0xcebb, 0xcebb, 0xcebb, 0xcebb, 0xcebb, 0xcebb, 0xcebb, 0xcebb, 0xcebb, 0xcebb, 0xcebb, 0xcebb, 0xcebb, 0xcebb, 0xcebb, 0xcebb, 0xcebb, 0xcebb, 0xce9a, 0x39e8, 0x0862, 0x0842, 0x0041, 0x0021, 0x0041, 0x0062, 0x10c4, 0xadb7, 0xcebb, 0xcebb, 0xcebb, 0xcebb, 0xcebb, 0xcebb, 0xcebb, 0xcebb, 0xcebb, 0xcebb, 0xcebb, 0xcebb, 0xcebb, 0xcebb, 0xcebb, 0xcebb, 0xcebb, 0xcebb, 0xcebb, 0xcebb, 0xcebb, 0xcebb, 0xcebb, 0xcebb, 0xcebb, 0xcebb, 0xcebb, 0xcebb, 0xce9b, 0xce9b, 0xce9b, 0xce9b, 0xce9b, 0xce9b, 0xce9b, 0xce9b, 0xce9b, 0xce9a, 0xc65a, 0x8c32, 0x31a8, 0x9cd4, 0xc67b, 0xc67b, 0xc67a, 0xc67a, 0xc67a, 0xad96, 0x18c3, 0x0000, 0x0000, 0x0000, 0x0000, 0x0000, 0x0000, 0x0021, 0x39c8, 0xbe19, 0xc65a, 0xc65a, 0xc65a, 0xc65a, 0xc65a, 0xc65a, 0xc659, 0xc639, 0xbdf7, 0xb596, 0xad75, 0xb5b6, 0xce79, 0xd69a, 0xd6ba, 0xd6ba, 0xd69a, 0xd69a, 0xd699, 0xce79, 0xce79, 0xc638, 0xb5b6, 0x9cd3, 0xef7d, 0xffff, 0xffff, 0xffff, 0xffff, 0xffff, 0xffff, 0xffff, 0xffff, 0xffff, 0xffff, 0xffff, 0xffff, 0xffff, 0xffff, 0xffff, 0xffff, 0xffff, 0xffff, 0xffff, 0xffff, 0xffff, 0xffff, 0xffff, 0xffff, 0xffff, 0xffff, 0xffff, 0xffff, 0xffff, 0xffff, 0xffff, 0xffff, 
  0xffff, 0xffff, 0xffff, 0xffff, 0xffff, 0xffff, 0xffff, 0xffff, 0xffff, 0xffff, 0xffff, 0xffff, 0xffff, 0xffff, 0xffff, 0xffff, 0xffff, 0xffff, 0xffff, 0xffff, 0xffff, 0xffff, 0xffff, 0xffff, 0xffff, 0xffff, 0xffff, 0xffff, 0xffff, 0xffff, 0xffff, 0xffff, 0xce79, 0x9cf4, 0xb5b7, 0xc638, 0xc659, 0xce79, 0xce79, 0xd67a, 0xd6bb, 0xd6bb, 0xdedb, 0xdefb, 0xe71c, 0xce79, 0xbdd7, 0xbe17, 0x9cf3, 0x7bf1, 0x8c93, 0x8c93, 0x94b4, 0x94d4, 0x94d4, 0x9cf5, 0x9d15, 0x9d36, 0xa576, 0x9d55, 0x52aa, 0x0841, 0x0000, 0x0001, 0x0041, 0x0862, 0x2946, 0xad97, 0xc65a, 0xc67a, 0xc67a, 0xc67a, 0xce7a, 0x9d35, 0x2125, 0x10e4, 0x18e5, 0x8452, 0xce9b, 0xce9b, 0xce9b, 0xce9b, 0xcebb, 0xce9b, 0xcebb, 0xcebb, 0xcebb, 0xcebb, 0xcebb, 0xcebb, 0xcebb, 0xcebb, 0xcebb, 0xcebb, 0xcebb, 0xcebb, 0xcebb, 0xcebb, 0xcebb, 0xcebb, 0xcebb, 0xcebb, 0xcebb, 0xcebb, 0xcebb, 0xcebb, 0xcebb, 0xcebb, 0xcebb, 0xcebb, 0xcebb, 0xcebb, 0xcebb, 0xcebb, 0xcebb, 0xce9a, 0x4208, 0x0862, 0x0041, 0x0041, 0x0040, 0x0021, 0x0041, 0x10a4, 0xad97, 0xcebb, 0xcebb, 0xcebb, 0xcebb, 0xcebb, 0xcebb, 0xcebb, 0xcebb, 0xcebb, 0xcebb, 0xcebb, 0xcebb, 0xcebb, 0xcebb, 0xcebb, 0xcebb, 0xcebb, 0xcebb, 0xcebb, 0xcebb, 0xcebb, 0xcebb, 0xcebb, 0xce9b, 0xce9b, 0xcebb, 0xce9b, 0xce9b, 0xce9b, 0xce9b, 0xce9b, 0xce9b, 0xce9b, 0xce9b, 0xce9b, 0xce9b, 0xce7a, 0xbe19, 0x3187, 0x0042, 0x0042, 0x424a, 0xc67a, 0xc67a, 0xc67a, 0xc67a, 0xc67a, 0xc67a, 0x73af, 0x0021, 0x0000, 0x0000, 0x0000, 0x0000, 0x18c3, 0x7c30, 0xc65a, 0xc65a, 0xc65a, 0xc65a, 0xc65a, 0xc65a, 0xc659, 0xc639, 0xc639, 0xb5d7, 0xb596, 0xad75, 0xbdf7, 0xd6ba, 0xd69a, 0xd6ba, 0xd699, 0xd699, 0xce99, 0xce79, 0xce59, 0xce59, 0xc617, 0xb596, 0x9d13, 0xef9d, 0xffff, 0xffff, 0xffff, 0xffff, 0xffff, 0xffff, 0xffff, 0xffff, 0xffff, 0xffff, 0xffff, 0xffff, 0xffff, 0xffff, 0xffff, 0xffff, 0xffff, 0xffff, 0xffff, 0xffff, 0xffff, 0xffff, 0xffff, 0xffff, 0xffff, 0xffff, 0xffff, 0xffff, 0xffff, 0xffff, 0xffff, 0xffff, 0xffff, 
  0xffff, 0xffff, 0xffff, 0xffff, 0xffff, 0xffff, 0xffff, 0xffff, 0xffff, 0xffff, 0xffff, 0xffff, 0xffff, 0xffff, 0xffff, 0xffff, 0xffff, 0xffff, 0xffff, 0xffff, 0xffff, 0xffff, 0xffff, 0xffff, 0xffff, 0xffff, 0xffff, 0xffff, 0xffff, 0xffff, 0xffff, 0xffff, 0xffff, 0xdefb, 0xa514, 0xb5b7, 0xc639, 0xc638, 0xce59, 0xce79, 0xd69a, 0xd69a, 0xdedb, 0xdedb, 0xdf1c, 0xe73c, 0xdeda, 0xc617, 0xc638, 0xb5b6, 0x7bf0, 0x8c52, 0x8c93, 0x9493, 0x94b4, 0x94d4, 0x94f4, 0x9cf5, 0x9d15, 0xa556, 0xad76, 0x94d3, 0x31c7, 0x0021, 0x0062, 0x0883, 0x6b8f, 0xc639, 0xbe39, 0xc65a, 0xc67a, 0xc67a, 0xc67a, 0x5aec, 0x10e4, 0x10e4, 0x2146, 0xb5b7, 0xce9b, 0xce9b, 0xce9b, 0xce9b, 0xcebb, 0xce9b, 0xce9b, 0xcebb, 0xcebb, 0xce9b, 0xcebb, 0xcebb, 0xcebb, 0xcebb, 0xcebb, 0xcebb, 0xcebb, 0xcebb, 0xcebb, 0xcebb, 0xcebb, 0xcebb, 0xcebb, 0xcebb, 0xcebb, 0xcebb, 0xcebb, 0xcebb, 0xcebb, 0xcebb, 0xcebb, 0xcebb, 0xcebb, 0xcebb, 0xcebb, 0xcebb, 0xcebb, 0xce9a, 0x3a08, 0x0062, 0x0041, 0x0021, 0x0040, 0x0020, 0x0041, 0x10a3, 0xadb7, 0xcebb, 0xcebb, 0xcebb, 0xcebb, 0xcebb, 0xcebb, 0xcebb, 0xcebb, 0xcebb, 0xcebb, 0xcebb, 0xcebb, 0xcebb, 0xcebb, 0xcebb, 0xcebb, 0xcebb, 0xcebb, 0xcebb, 0xce9b, 0xcebb, 0xcebb, 0xcebb, 0xcebb, 0xce9b, 0xce9b, 0xce9b, 0xce9b, 0xce9b, 0xce9b, 0xce9b, 0xce9b, 0xce9b, 0xce9b, 0xce9b, 0xce9b, 0xce9a, 0xce9a, 0x634d, 0x0862, 0x0042, 0x1083, 0x9d35, 0xc67a, 0xc67a, 0xc67a, 0xc67a, 0xc65a, 0xbe19, 0x2966, 0x0000, 0x0000, 0x0861, 0x5b0d, 0xbe18, 0xc659, 0xc65a, 0xc65a, 0xc65a, 0xc659, 0xc659, 0xc659, 0xc65a, 0xbe18, 0xb596, 0xad75, 0xad75, 0xc617, 0xce99, 0xce99, 0xd699, 0xce79, 0xce79, 0xd699, 0xd699, 0xce58, 0xce58, 0xc618, 0xad54, 0xad55, 0xf7be, 0xffff, 0xffff, 0xffff, 0xffff, 0xffff, 0xffff, 0xffff, 0xffff, 0xffff, 0xffff, 0xffff, 0xffff, 0xffff, 0xffff, 0xffff, 0xffff, 0xffff, 0xffff, 0xffff, 0xffff, 0xffff, 0xffff, 0xffff, 0xffff, 0xffff, 0xffff, 0xffff, 0xffff, 0xffff, 0xffff, 0xffff, 0xffff, 0xffff, 0xffff, 
  0xffff, 0xffff, 0xffff, 0xffff, 0xffff, 0xffff, 0xffff, 0xffff, 0xffff, 0xffff, 0xffff, 0xffff, 0xffff, 0xffff, 0xffff, 0xffff, 0xffff, 0xffff, 0xffff, 0xffff, 0xffff, 0xffff, 0xffff, 0xffff, 0xffff, 0xffff, 0xffff, 0xffff, 0xffff, 0xffff, 0xffff, 0xffff, 0xffff, 0xffff, 0xe75c, 0xa555, 0xb5b6, 0xce59, 0xce79, 0xce79, 0xd69a, 0xdedb, 0xdedb, 0xdefb, 0xdefb, 0xe71c, 0xef5c, 0xe73c, 0xce59, 0xc638, 0xc617, 0x94b2, 0x7c11, 0x8c93, 0x8c93, 0x94b3, 0x94b3, 0x94d4, 0x9cf4, 0x9d15, 0xa535, 0xa556, 0xad97, 0x7c30, 0x2186, 0x2987, 0xb5b7, 0xbe19, 0xbe19, 0xbe39, 0xbe39, 0xc65a, 0xad96, 0x2166, 0x10e4, 0x10e4, 0x5aec, 0xc67a, 0xce9b, 0xce9b, 0xce9b, 0xce9b, 0xce9b, 0xce9b, 0xce9b, 0xd6bb, 0xce9b, 0xce9b, 0xce9b, 0xcebb, 0xcebb, 0xcebb, 0xcebb, 0xcebb, 0xcebb, 0xcebb, 0xcebb, 0xcebb, 0xcebb, 0xcebb, 0xcebb, 0xcebb, 0xcebb, 0xcebb, 0xcebb, 0xcebb, 0xcebb, 0xcebb, 0xcebb, 0xcebb, 0xcebb, 0xcebb, 0xcebb, 0xcebb, 0xcebb, 0xce9a, 0x4229, 0x0062, 0x0041, 0x0021, 0x0021, 0x0021, 0x0041, 0x10c3, 0xad97, 0xcebb, 0xcebb, 0xcebb, 0xcebb, 0xcebb, 0xcebb, 0xcebb, 0xcebb, 0xcebb, 0xcebb, 0xcebb, 0xcebb, 0xcebb, 0xcebb, 0xcebb, 0xcebb, 0xce9b, 0xcebb, 0xcebb, 0xcebb, 0xce9b, 0xce9b, 0xce9b, 0xce9b, 0xce9b, 0xce9b, 0xce9b, 0xce9b, 0xce9a, 0xcebb, 0xcebb, 0xce9b, 0xce9b, 0xce9b, 0xce9b, 0xce9b, 0xc67a, 0xc67a, 0xad76, 0x10a3, 0x0021, 0x0021, 0x4a8b, 0xc67a, 0xc67a, 0xc67a, 0xc65a, 0xc65a, 0xc65a, 0x9493, 0x0882, 0x4229, 0xa576, 0xc65a, 0xc65a, 0xc65a, 0xc65a, 0xc65a, 0xc65a, 0xc65a, 0xc639, 0xc639, 0xb5b7, 0xad75, 0xad55, 0xad75, 0xc638, 0xce79, 0xce79, 0xd699, 0xce79, 0xce79, 0xd699, 0xce79, 0xc638, 0xc638, 0xbe17, 0xa513, 0xb5b6, 0xffdf, 0xffff, 0xffff, 0xffff, 0xffff, 0xffff, 0xffff, 0xffff, 0xffff, 0xffff, 0xffff, 0xffff, 0xffff, 0xffff, 0xffff, 0xffff, 0xffff, 0xffff, 0xffff, 0xffff, 0xffff, 0xffff, 0xffff, 0xffff, 0xffff, 0xffff, 0xffff, 0xffff, 0xffff, 0xffff, 0xffff, 0xffff, 0xffff, 0xffff, 0xffff, 0xffff, 
  0xffff, 0xffff, 0xffff, 0xffff, 0xffff, 0xffff, 0xffff, 0xffff, 0xffff, 0xffff, 0xffff, 0xffff, 0xffff, 0xffff, 0xffff, 0xffff, 0xffff, 0xffff, 0xffff, 0xffff, 0xffff, 0xffff, 0xffff, 0xffff, 0xffff, 0xffff, 0xffff, 0xffff, 0xffff, 0xffff, 0xffff, 0xffff, 0xffff, 0xffff, 0xffff, 0xf79e, 0xb596, 0xb596, 0xce59, 0xce79, 0xd69a, 0xd6ba, 0xdedb, 0xdedb, 0xdefb, 0xdefc, 0xe71c, 0xe73c, 0xef7c, 0xd6ba, 0xc618, 0xc638, 0xb5b5, 0x7bf0, 0x8452, 0x8c93, 0x8c93, 0x94b3, 0x94d4, 0x94d4, 0x9cf5, 0x9d35, 0xa556, 0xad76, 0xad96, 0x9d35, 0xb5d8, 0xb5d8, 0xb5f8, 0xbe19, 0xbe39, 0xbe39, 0x6b8e, 0x10c4, 0x10e4, 0x1905, 0x9d15, 0xc67a, 0xce9a, 0xce9b, 0xce9b, 0xce9b, 0xce9b, 0xce9b, 0xbe18, 0x632e, 0x94d4, 0xc65a, 0xce9b, 0xcebb, 0xcebb, 0xcebb, 0xcebb, 0xcebb, 0xcebb, 0xcebb, 0xcebb, 0xcebb, 0xcebb, 0xcebb, 0xcebb, 0xcebb, 0xcebb, 0xcebb, 0xcebb, 0xcebb, 0xcebb, 0xcebb, 0xcebb, 0xcebb, 0xcebb, 0xcebb, 0xcebb, 0xcebb, 0xcebb, 0xce9a, 0x4209, 0x0062, 0x0041, 0x0041, 0x0041, 0x0041, 0x0041, 0x08a3, 0xad96, 0xcebb, 0xcebb, 0xcebb, 0xcebb, 0xcebb, 0xcebb, 0xcebb, 0xcebb, 0xcebb, 0xcebb, 0xcebb, 0xcebb, 0xcebb, 0xcebb, 0xcebb, 0xcebb, 0xce9b, 0xce9b, 0xcebb, 0xcebb, 0xce9b, 0xce9b, 0xce9b, 0xce9b, 0xce9b, 0xce9b, 0xce9b, 0xce9b, 0xad77, 0x6b6f, 0x73d0, 0xce9b, 0xce9b, 0xce9b, 0xc67b, 0xc67a, 0xc67a, 0xce7a, 0xc67a, 0x52aa, 0x0001, 0x0001, 0x10a4, 0xad76, 0xc65a, 0xc65a, 0xc65a, 0xc65a, 0xc65a, 0xc659, 0xa596, 0xc67a, 0xc65a, 0xc65a, 0xc65a, 0xbe39, 0xbe39, 0xc65a, 0xc659, 0xc639, 0xbdf8, 0xad55, 0xad54, 0xad54, 0xb5b6, 0xce59, 0xce79, 0xce79, 0xce79, 0xce79, 0xce79, 0xce79, 0xce59, 0xc638, 0xc638, 0xbdd7, 0x9cd2, 0xc618, 0xffff, 0xffff, 0xffff, 0xffff, 0xffff, 0xffff, 0xffff, 0xffff, 0xffff, 0xffff, 0xffff, 0xffff, 0xffff, 0xffff, 0xffff, 0xffff, 0xffff, 0xffff, 0xffff, 0xffff, 0xffff, 0xffff, 0xffff, 0xffff, 0xffff, 0xffff, 0xffff, 0xffff, 0xffff, 0xffff, 0xffff, 0xffff, 0xffff, 0xffff, 0xffff, 0xffff, 0xffff, 
  0xffff, 0xffff, 0xffff, 0xffff, 0xffff, 0xffff, 0xffff, 0xffff, 0xffff, 0xffff, 0xffff, 0xffff, 0xffff, 0xffff, 0xffff, 0xffff, 0xffff, 0xffff, 0xffff, 0xffff, 0xffff, 0xffff, 0xffff, 0xffff, 0xffff, 0xffff, 0xffff, 0xffff, 0xffff, 0xffff, 0xffff, 0xffff, 0xffff, 0xffff, 0xffff, 0xffff, 0xffdf, 0xc618, 0xad55, 0xc618, 0xd679, 0xd69a, 0xd69a, 0xdedb, 0xdefb, 0xdefb, 0xe73c, 0xdf1b, 0xe75c, 0xef7d, 0xe73c, 0xce79, 0xce59, 0xce79, 0x9cf3, 0x7bf0, 0x8c73, 0x8c93, 0x8c93, 0x94b4, 0x94d4, 0x9cf5, 0x9d15, 0xa535, 0xa556, 0xad76, 0xb5b7, 0xb5b7, 0xb5d8, 0xb5f8, 0xbdf8, 0xadb7, 0x2146, 0x0883, 0x10c4, 0x424a, 0xbe39, 0xc67a, 0xc67a, 0xc67a, 0xc67a, 0xc67a, 0xc67a, 0xce9a, 0x8c92, 0x2146, 0x1926, 0x2987, 0xb5d8, 0xce9b, 0xce9b, 0xce9b, 0xce9b, 0xce9b, 0xce9b, 0xce9b, 0xce9b, 0xcebb, 0xcebb, 0xcebb, 0xcebb, 0xcebb, 0xcebb, 0xcebb, 0xcebb, 0xcebb, 0xcebb, 0xcebb, 0xcebb, 0xcebb, 0xcebb, 0xcebb, 0xcebb, 0xcebb, 0xcebb, 0xce9a, 0x4228, 0x0061, 0x0041, 0x0020, 0x0020, 0x0041, 0x0041, 0x10a3, 0xa576, 0xcebb, 0xcebb, 0xcebb, 0xcebb, 0xcebb, 0xcebb, 0xcebb, 0xcebb, 0xcebb, 0xcebb, 0xcebb, 0xcebb, 0xcebb, 0xcebb, 0xcebb, 0xcebb, 0xcebb, 0xcebb, 0xce9b, 0xce9b, 0xce9b, 0xce9b, 0xce9b, 0xce9b, 0xce9b, 0xce9b, 0xce9a, 0x62ed, 0x0042, 0x0042, 0x2146, 0xc65a, 0xc67b, 0xc67a, 0xc67a, 0xc67a, 0xc67a, 0xc67a, 0xc65a, 0x9d14, 0x0862, 0x0000, 0x0001, 0x630d, 0xc67a, 0xc67a, 0xc67a, 0xc67a, 0xc65a, 0xc65a, 0xc65a, 0xc65a, 0xc65a, 0xc65a, 0xc65a, 0xc65a, 0xc65a, 0xc659, 0xc639, 0xad96, 0xa534, 0xa513, 0xad54, 0xc618, 0xce59, 0xce79, 0xce79, 0xce79, 0xce79, 0xce79, 0xce59, 0xc638, 0xc638, 0xc618, 0xb5b6, 0x94b2, 0xd6ba, 0xffff, 0xffff, 0xffff, 0xffff, 0xffff, 0xffff, 0xffff, 0xffff, 0xffff, 0xffff, 0xffff, 0xffff, 0xffff, 0xffff, 0xffff, 0xffff, 0xffff, 0xffff, 0xffff, 0xffff, 0xffff, 0xffff, 0xffff, 0xffff, 0xffff, 0xffff, 0xffff, 0xffff, 0xffff, 0xffff, 0xffff, 0xffff, 0xffff, 0xffff, 0xffff, 0xffff, 0xffff, 0xffff, 
  0xffff, 0xffff, 0xffff, 0xffff, 0xffff, 0xffff, 0xffff, 0xffff, 0xffff, 0xffff, 0xffff, 0xffff, 0xffff, 0xffff, 0xffff, 0xffff, 0xffff, 0xffff, 0xffff, 0xffff, 0xffff, 0xffff, 0xffff, 0xffff, 0xffff, 0xffff, 0xffff, 0xffff, 0xffff, 0xffff, 0xffff, 0xffff, 0xffff, 0xffff, 0xffff, 0xffff, 0xffff, 0xffff, 0xdedb, 0xad55, 0xbdf7, 0xce79, 0xd69a, 0xdedb, 0xdedb, 0xdefb, 0xdefb, 0xe73c, 0xe71c, 0xef5d, 0xf79d, 0xf79d, 0xdedb, 0xce59, 0xce79, 0xbdd7, 0x8c31, 0x7c11, 0x8c93, 0x8c93, 0x94b3, 0x94d4, 0x9cf4, 0x9d15, 0xa535, 0xa556, 0xad76, 0xad97, 0xb5b7, 0xb5d8, 0xb5d8, 0x7bf0, 0x08a3, 0x08c4, 0x10e4, 0x8452, 0xc63a, 0xc65a, 0xc65a, 0xc67a, 0xc67a, 0xc67a, 0xc67a, 0xce9a, 0x52ab, 0x18e4, 0x1925, 0x31e8, 0xc67a, 0xce9a, 0xce9b, 0xce9b, 0xce9b, 0xce9b, 0xce9b, 0xce9b, 0xd6bb, 0xce9a, 0xce9a, 0xce9b, 0xce9b, 0xcebb, 0xce9b, 0xcebb, 0xcebb, 0xcebb, 0xcebb, 0xcebb, 0xcebb, 0xcebb, 0xcebb, 0xcebb, 0xcebb, 0xcebb, 0xcebb, 0xce9a, 0x4228, 0x0061, 0x0041, 0x0041, 0x0021, 0x0021, 0x0041, 0x08a3, 0xa576, 0xcebb, 0xcebb, 0xcebb, 0xcebb, 0xcebb, 0xcebb, 0xcebb, 0xcebb, 0xcebb, 0xcebb, 0xcebb, 0xcebb, 0xcebb, 0xcebb, 0xce9b, 0xce9b, 0xce9b, 0xce9b, 0xce9b, 0xcebb, 0xce9b, 0xce9b, 0xce9b, 0xce9b, 0xce9b, 0xce9a, 0xc69a, 0x8c92, 0x0021, 0x0021, 0x0862, 0x94f5, 0xc67a, 0xc67a, 0xc67a, 0xc67a, 0xc67a, 0xc67a, 0xc65a, 0xc639, 0x4229, 0x0000, 0x0000, 0x18e4, 0xadb7, 0xc65a, 0xc65a, 0xc65a, 0xc65a, 0xc65a, 0xc65a, 0xc65a, 0xc65a, 0xc65a, 0xc65a, 0xc65a, 0xbe3a, 0xb5d8, 0xa534, 0xa4f3, 0xa514, 0xb596, 0xc618, 0xce79, 0xce79, 0xce79, 0xce59, 0xce79, 0xc638, 0xc638, 0xc638, 0xc638, 0xbdf7, 0xad55, 0x94b2, 0xe75c, 0xffff, 0xffff, 0xffff, 0xffff, 0xffff, 0xffff, 0xffff, 0xffff, 0xffff, 0xffff, 0xffff, 0xffff, 0xffff, 0xffff, 0xffff, 0xffff, 0xffff, 0xffff, 0xffff, 0xffff, 0xffff, 0xffff, 0xffff, 0xffff, 0xffff, 0xffff, 0xffff, 0xffff, 0xffff, 0xffff, 0xffff, 0xffff, 0xffff, 0xffff, 0xffff, 0xffff, 0xffff, 0xffff, 0xffff, 
  0xffff, 0xffff, 0xffff, 0xffff, 0xffff, 0xffff, 0xffff, 0xffff, 0xffff, 0xffff, 0xffff, 0xffff, 0xffff, 0xffff, 0xffff, 0xffff, 0xffff, 0xffff, 0xffff, 0xffff, 0xffff, 0xffff, 0xffff, 0xffff, 0xffff, 0xffff, 0xffff, 0xffff, 0xffff, 0xffff, 0xffff, 0xffff, 0xffff, 0xffff, 0xffff, 0xffff, 0xffff, 0xffff, 0xffff, 0xef7d, 0xb596, 0xbdd7, 0xce79, 0xd6ba, 0xd6bb, 0xdefb, 0xe71c, 0xe71c, 0xe73c, 0xef5d, 0xe73c, 0xef5d, 0xf79e, 0xef5c, 0xd699, 0xce59, 0xce79, 0xad75, 0x7bef, 0x8452, 0x8c93, 0x8c93, 0x94b3, 0x94d4, 0x9cf5, 0x9d15, 0xa535, 0xa556, 0xad77, 0xad97, 0xb5b7, 0x8471, 0x29c7, 0x00c3, 0x21a7, 0xb5b8, 0xbe19, 0xbe39, 0xc639, 0xc65a, 0xc65a, 0xc65a, 0xc65a, 0xbdf8, 0x2966, 0x10e4, 0x10e4, 0x634e, 0xce9a, 0xce9a, 0xce9b, 0xce9b, 0xce9b, 0xce9b, 0xce9b, 0xc659, 0x634e, 0x8c93, 0xb5d8, 0xce9a, 0xce9b, 0xce9b, 0xcebb, 0xce9b, 0xce9b, 0xce9b, 0xce9b, 0xce9b, 0xce9b, 0xce9b, 0xcebb, 0xcebb, 0xcebb, 0xcebb, 0xceba, 0xce9a, 0x4249, 0x0061, 0x0041, 0x0021, 0x0021, 0x0021, 0x0021, 0x0883, 0xa556, 0xce9b, 0xce9b, 0xce9b, 0xcebb, 0xcebb, 0xce9b, 0xce9b, 0xce9b, 0xce9b, 0xcebb, 0xce9b, 0xce9b, 0xce9b, 0xce9b, 0xce9b, 0xce9b, 0xc65a, 0xa535, 0x73b0, 0x8c73, 0xce9b, 0xce9b, 0xce9a, 0xce9a, 0xce9a, 0xc67a, 0xc67a, 0xbdf8, 0x10a3, 0x0021, 0x0041, 0x5aed, 0xce7a, 0xc67a, 0xc67a, 0xc65a, 0xc65a, 0xc65a, 0xc65a, 0xc65a, 0x94b2, 0x0841, 0x0862, 0x4a6a, 0xb5b7, 0xc65a, 0xc65a, 0xc65a, 0xc65a, 0xc65a, 0xc65a, 0xc65a, 0xc65a, 0xc65a, 0xc639, 0xbdf8, 0xad75, 0xa514, 0x9cf3, 0xa534, 0xbdd6, 0xc618, 0xce38, 0xce79, 0xce79, 0xce59, 0xce79, 0xc638, 0xc638, 0xc638, 0xc618, 0xbdd7, 0xa514, 0xa534, 0xf7be, 0xffff, 0xffff, 0xffff, 0xffff, 0xffff, 0xffff, 0xffff, 0xffff, 0xffff, 0xffff, 0xffff, 0xffff, 0xffff, 0xffff, 0xffff, 0xffff, 0xffff, 0xffff, 0xffff, 0xffff, 0xffff, 0xffff, 0xffff, 0xffff, 0xffff, 0xffff, 0xffff, 0xffff, 0xffff, 0xffff, 0xffff, 0xffff, 0xffff, 0xffff, 0xffff, 0xffff, 0xffff, 0xffff, 0xffff, 0xffff, 
  0xffff, 0xffff, 0xffff, 0xffff, 0xffff, 0xffff, 0xffff, 0xffff, 0xffff, 0xffff, 0xffff, 0xffff, 0xffff, 0xffff, 0xffff, 0xffff, 0xffff, 0xffff, 0xffff, 0xffff, 0xffff, 0xffff, 0xffff, 0xffff, 0xffff, 0xffff, 0xffff, 0xffff, 0xffff, 0xffff, 0xffff, 0xffff, 0xffff, 0xffff, 0xffff, 0xffff, 0xffff, 0xffff, 0xffff, 0xffff, 0xffdf, 0xce59, 0xb576, 0xc639, 0xd6ba, 0xdedb, 0xdefb, 0xe73c, 0xe73d, 0xe73d, 0xef7d, 0xef5d, 0xef5d, 0xef7e, 0xf79e, 0xdefb, 0xce79, 0xce79, 0xc658, 0x94d2, 0x73cf, 0x8c72, 0x8c93, 0x94b3, 0x94d4, 0x94d4, 0x9cf5, 0x9d15, 0xa536, 0xa556, 0xad76, 0xb5b6, 0xb5d7, 0x8c92, 0x8451, 0xb5f8, 0xbdf8, 0xbe19, 0xbe19, 0xbe39, 0xc639, 0xc639, 0xc65a, 0x8c92, 0x10e4, 0x10c4, 0x10c4, 0x9d15, 0xc67a, 0xc67a, 0xce9a, 0xce9a, 0xce9b, 0xce9b, 0xce9a, 0xa535, 0x10a3, 0x0883, 0x1083, 0xad77, 0xce9b, 0xce9b, 0xce9b, 0xce9b, 0xce9b, 0xce9b, 0xce9b, 0xd6bb, 0xd6bb, 0xcebb, 0xcebb, 0xcebb, 0xce9b, 0xce9b, 0xce9a, 0xce9a, 0x4a69, 0x0061, 0x0041, 0x0021, 0x0021, 0x0021, 0x0021, 0x0883, 0xa556, 0xce9b, 0xce9b, 0xce9b, 0xce9b, 0xce9b, 0xce9b, 0xcebb, 0xd6bb, 0xce9b, 0xce9b, 0xce9b, 0xce9b, 0xce9b, 0xce9b, 0xce9b, 0xcebb, 0x4a49, 0x0842, 0x0862, 0x31c8, 0xcebb, 0xce9a, 0xce9a, 0xce9a, 0xce9a, 0xc67a, 0xc67a, 0xc67a, 0x4a49, 0x0001, 0x0000, 0x2105, 0xbe39, 0xc65a, 0xc67a, 0xc67a, 0xc65a, 0xc65a, 0xc65a, 0xc65a, 0xbe39, 0x7c30, 0xb5d7, 0xc67a, 0xc65a, 0xc65a, 0xc65a, 0xc65a, 0xc65a, 0xc659, 0xc65a, 0xc65a, 0xc63a, 0xbe19, 0xb596, 0xa514, 0xa513, 0xa513, 0xad75, 0xbe17, 0xc638, 0xce58, 0xce59, 0xce79, 0xce59, 0xce59, 0xc638, 0xc638, 0xc638, 0xc618, 0xbdd7, 0x94b2, 0xc618, 0xffff, 0xffff, 0xffff, 0xffff, 0xffff, 0xffff, 0xffff, 0xffff, 0xffff, 0xffff, 0xffff, 0xffff, 0xffff, 0xffff, 0xffff, 0xffff, 0xffff, 0xffff, 0xffff, 0xffff, 0xffff, 0xffff, 0xffff, 0xffff, 0xffff, 0xffff, 0xffff, 0xffff, 0xffff, 0xffff, 0xffff, 0xffff, 0xffff, 0xffff, 0xffff, 0xffff, 0xffff, 0xffff, 0xffff, 0xffff, 0xffff, 0xffff, 
  0xffff, 0xffff, 0xffff, 0xffff, 0xffff, 0xffff, 0xffff, 0xffff, 0xffff, 0xffff, 0xffff, 0xffff, 0xffff, 0xffff, 0xffff, 0xffff, 0xffff, 0xffff, 0xffff, 0xffff, 0xffff, 0xffff, 0xffff, 0xffff, 0xffff, 0xffff, 0xffff, 0xffff, 0xffff, 0xffff, 0xffff, 0xffff, 0xffff, 0xffff, 0xffff, 0xffff, 0xffff, 0xffff, 0xffff, 0xffff, 0xffff, 0xffff, 0xe71c, 0xb596, 0xbdf8, 0xdedb, 0xdedb, 0xdefc, 0xe71c, 0xe71c, 0xe73d, 0xef5d, 0xef7d, 0xef5d, 0xef7d, 0xf79e, 0xef7d, 0xdefb, 0xd69a, 0xd6ba, 0xc638, 0x8c92, 0x7bf0, 0x8c73, 0x8c94, 0x8cb4, 0x94d4, 0x94f4, 0x9cf5, 0x9d35, 0xa556, 0xa556, 0xad77, 0xad97, 0xb5b7, 0xb5b8, 0xb5d8, 0xb5d8, 0xbdf8, 0xbdf8, 0xbe19, 0xbe19, 0xc639, 0x4aab, 0x08a4, 0x10c4, 0x2166, 0xbe19, 0xc67a, 0xc67a, 0xc67a, 0xc67a, 0xc67a, 0xce9a, 0xce9a, 0x7bf0, 0x10c2, 0x0882, 0x18e4, 0xc63a, 0xce9b, 0xce9b, 0xce9b, 0xce9b, 0xce9b, 0xce9b, 0xce7a, 0x630d, 0x52cd, 0x6b6f, 0xa556, 0xce9b, 0xce9b, 0xce9b, 0xce9b, 0xce9a, 0x4a69, 0x0061, 0x0020, 0x0020, 0x0020, 0x0021, 0x0021, 0x0883, 0xa556, 0xce9b, 0xce9b, 0xce9b, 0xce9b, 0xc67a, 0x8432, 0x630e, 0x4a6b, 0xa536, 0xce9b, 0xce9b, 0xce9b, 0xce9b, 0xce9b, 0xce9b, 0xce9b, 0x6b8e, 0x0041, 0x0021, 0x1084, 0xc65a, 0xce7a, 0xc67a, 0xc67a, 0xc67a, 0xc67a, 0xc67a, 0xc65a, 0x8c52, 0x0000, 0x0000, 0x0841, 0x94f4, 0xc65a, 0xc67a, 0xc67a, 0xc65a, 0xc65a, 0xc65a, 0xc65a, 0xc65a, 0xc65a, 0xc659, 0xc65a, 0xc65a, 0xc65a, 0xc659, 0xc639, 0xc639, 0xbe59, 0xbe5a, 0xbe39, 0xb5d7, 0xa534, 0x9d13, 0x9cf3, 0xad54, 0xbdd7, 0xc617, 0xc638, 0xce58, 0xce79, 0xce59, 0xce79, 0xce58, 0xc638, 0xc638, 0xc638, 0xbdf7, 0xb575, 0x94d2, 0xe73c, 0xffff, 0xffff, 0xffff, 0xffff, 0xffff, 0xffff, 0xffff, 0xffff, 0xffff, 0xffff, 0xffff, 0xffff, 0xffff, 0xffff, 0xffff, 0xffff, 0xffff, 0xffff, 0xffff, 0xffff, 0xffff, 0xffff, 0xffff, 0xffff, 0xffff, 0xffff, 0xffff, 0xffff, 0xffff, 0xffff, 0xffff, 0xffff, 0xffff, 0xffff, 0xffff, 0xffff, 0xffff, 0xffff, 0xffff, 0xffff, 0xffff, 0xffff, 0xffff, 
  0xffff, 0xffff, 0xffff, 0xffff, 0xffff, 0xffff, 0xffff, 0xffff, 0xffff, 0xffff, 0xffff, 0xffff, 0xffff, 0xffff, 0xffff, 0xffff, 0xffff, 0xffff, 0xffff, 0xffff, 0xffff, 0xffff, 0xffff, 0xffff, 0xffff, 0xffff, 0xffff, 0xffff, 0xffff, 0xffff, 0xffff, 0xffff, 0xffff, 0xffff, 0xffff, 0xffff, 0xffff, 0xffff, 0xffff, 0xffff, 0xffff, 0xffff, 0xffff, 0xf7be, 0xbe18, 0xb596, 0xd67a, 0xdefc, 0xe71c, 0xdefb, 0xe73c, 0xef5d, 0xef5d, 0xef7d, 0xef7d, 0xef7d, 0xf79e, 0xf7be, 0xef7d, 0xdeda, 0xd6ba, 0xd6ba, 0xbe17, 0x8c92, 0x7bf0, 0x8c73, 0x8c93, 0x94b4, 0x94d4, 0x94f4, 0x9d15, 0x9d35, 0xa556, 0xad76, 0xad97, 0xad97, 0xb5b7, 0xb5d8, 0xb5d8, 0xb5d8, 0xb5f8, 0xbdf8, 0xb5b7, 0x1925, 0x0063, 0x0883, 0x52cc, 0xc65a, 0xc65a, 0xc65a, 0xc67a, 0xc67a, 0xc67a, 0xc67a, 0xce9b, 0x4a6a, 0x0883, 0x0862, 0x29a7, 0xce9b, 0xce9b, 0xce9b, 0xce9b, 0xce9b, 0xce9b, 0xce9b, 0xc659, 0x2166, 0x08a3, 0x08a3, 0x6b8f, 0xcebb, 0xce9b, 0xce9b, 0xce9b, 0xce9a, 0x4a49, 0x0041, 0x0041, 0x0021, 0x0021, 0x0021, 0x0021, 0x0883, 0x9d35, 0xce9b, 0xce9b, 0xce9b, 0xce9a, 0xbe18, 0x2104, 0x0862, 0x0863, 0x7c11, 0xce9b, 0xce9b, 0xce9b, 0xce9b, 0xce9a, 0xce7a, 0xc67a, 0x9cf4, 0x0021, 0x0000, 0x0021, 0xa556, 0xc67a, 0xc67a, 0xc67a, 0xc67a, 0xc67a, 0xc67a, 0xc65a, 0xb5d8, 0x10a3, 0x0000, 0x0000, 0x5aec, 0xc67a, 0xc65a, 0xc65a, 0xc65a, 0xc65a, 0xc65a, 0xc65a, 0xc65a, 0xc65a, 0xc65a, 0xc65a, 0xc65a, 0xc63a, 0xc639, 0xc639, 0xc639, 0xc639, 0xb5d7, 0xad55, 0xa514, 0xa513, 0xa534, 0xb596, 0xbdf7, 0xc617, 0xc638, 0xc638, 0xc658, 0xce58, 0xce58, 0xc638, 0xce58, 0xc638, 0xc617, 0xbdf7, 0x9cf3, 0xad75, 0xf7be, 0xffff, 0xffff, 0xffff, 0xffff, 0xffff, 0xffff, 0xffff, 0xffff, 0xffff, 0xffff, 0xffff, 0xffff, 0xffff, 0xffff, 0xffff, 0xffff, 0xffff, 0xffff, 0xffff, 0xffff, 0xffff, 0xffff, 0xffff, 0xffff, 0xffff, 0xffff, 0xffff, 0xffff, 0xffff, 0xffff, 0xffff, 0xffff, 0xffff, 0xffff, 0xffff, 0xffff, 0xffff, 0xffff, 0xffff, 0xffff, 0xffff, 0xffff, 0xffff, 0xffff, 
  0xffff, 0xffff, 0xffff, 0xffff, 0xffff, 0xffff, 0xffff, 0xffff, 0xffff, 0xffff, 0xffff, 0xffff, 0xffff, 0xffff, 0xffff, 0xffff, 0xffff, 0xffff, 0xffff, 0xffff, 0xffff, 0xffff, 0xffff, 0xffff, 0xffff, 0xffff, 0xffff, 0xffff, 0xffff, 0xffff, 0xffff, 0xffff, 0xffff, 0xffff, 0xffff, 0xffff, 0xffff, 0xffff, 0xffff, 0xffff, 0xffff, 0xffff, 0xffff, 0xffff, 0xffff, 0xdefb, 0xad76, 0xc639, 0xdefc, 0xe71c, 0xe71c, 0xe71c, 0xef5d, 0xef5d, 0xef5d, 0xef7e, 0xef7d, 0xef7d, 0xf79e, 0xf7be, 0xef7d, 0xdefb, 0xd6ba, 0xd6bb, 0xc618, 0x8c92, 0x7c11, 0x8c93, 0x8c93, 0x94b3, 0x94d4, 0x94f4, 0x9d15, 0x9d15, 0xa536, 0xa556, 0xad77, 0xad97, 0xb5b7, 0xb5b8, 0xb5d8, 0xb5d8, 0x94b3, 0x0882, 0x0042, 0x0063, 0x8c73, 0xbe39, 0xc639, 0xc639, 0xc65a, 0xc65a, 0xc65a, 0xc65a, 0xc67a, 0x2146, 0x0883, 0x0862, 0x52ac, 0xce9b, 0xc67a, 0xc67a, 0xce9a, 0xce7a, 0xc67a, 0xc69a, 0xbe18, 0x18e4, 0x0063, 0x0063, 0x7c11, 0xce9b, 0xce9b, 0xce9b, 0xce9b, 0xce9a, 0x4249, 0x0041, 0x0020, 0x0000, 0x0000, 0x0000, 0x0000, 0x0042, 0x9d15, 0xce9b, 0xce9b, 0xce9b, 0xce9a, 0xc65a, 0x2966, 0x0061, 0x0041, 0x632e, 0xc69a, 0xce9a, 0xce9a, 0xc69a, 0xce7a, 0xce7a, 0xc67a, 0xbdf8, 0x0862, 0x0000, 0x0000, 0x7bf1, 0xc67a, 0xc67a, 0xc67a, 0xc67a, 0xc67a, 0xc65a, 0xc65a, 0xc659, 0x4a49, 0x0020, 0x0000, 0x2987, 0xbe39, 0xc65a, 0xc65a, 0xc65a, 0xc65a, 0xc65a, 0xc65a, 0xc65a, 0xc65a, 0xc65a, 0xc639, 0xc659, 0xbe59, 0xbe39, 0xc639, 0xbdd8, 0xa555, 0x9d14, 0x9d13, 0xa534, 0xad75, 0xb5d6, 0xbdf7, 0xc617, 0xc638, 0xc638, 0xc638, 0xc638, 0xc638, 0xc638, 0xce58, 0xce58, 0xc638, 0xb5b6, 0x94b2, 0xd69a, 0xffff, 0xffff, 0xffff, 0xffff, 0xffff, 0xffff, 0xffff, 0xffff, 0xffff, 0xffff, 0xffff, 0xffff, 0xffff, 0xffff, 0xffff, 0xffff, 0xffff, 0xffff, 0xffff, 0xffff, 0xffff, 0xffff, 0xffff, 0xffff, 0xffff, 0xffff, 0xffff, 0xffff, 0xffff, 0xffff, 0xffff, 0xffff, 0xffff, 0xffff, 0xffff, 0xffff, 0xffff, 0xffff, 0xffff, 0xffff, 0xffff, 0xffff, 0xffff, 0xffff, 0xffff, 0xffff, 
  0xffff, 0xffff, 0xffff, 0xffff, 0xffff, 0xffff, 0xffff, 0xffff, 0xffff, 0xffff, 0xffff, 0xffff, 0xffff, 0xffff, 0xffff, 0xffff, 0xffff, 0xffff, 0xffff, 0xffff, 0xffff, 0xffff, 0xffff, 0xffff, 0xffff, 0xffff, 0xffff, 0xffff, 0xffff, 0xffff, 0xffff, 0xffff, 0xffff, 0xffff, 0xffff, 0xffff, 0xffff, 0xffff, 0xffff, 0xffff, 0xffff, 0xffff, 0xffff, 0xffff, 0xffff, 0xffff, 0xef9d, 0xb5b7, 0xbdf8, 0xdebb, 0xdefb, 0xe73c, 0xe73d, 0xef5d, 0xef5d, 0xef7d, 0xf79e, 0xf79e, 0xef7e, 0xf79e, 0xf79e, 0xf7be, 0xef9d, 0xdf1b, 0xdedb, 0xdedb, 0xc659, 0x94b2, 0x8411, 0x8c73, 0x9493, 0x94b3, 0x94d4, 0x94f4, 0x9d15, 0x9d15, 0xa536, 0xa556, 0xad77, 0xad97, 0xb5b7, 0xb5b8, 0xb5d7, 0xa555, 0x6b8e, 0x3a08, 0xad77, 0xbe18, 0xbe19, 0xbe19, 0xbe39, 0xc639, 0xc639, 0xc65a, 0xb5d8, 0x0882, 0x0862, 0x0842, 0x7c11, 0xc67a, 0xc67a, 0xc67a, 0xc67a, 0xc67a, 0xc67a, 0xc67a, 0xadb7, 0x0883, 0x0062, 0x0883, 0x8cb3, 0xce9a, 0xce9a, 0xce9a, 0xce7b, 0xce7a, 0x4a69, 0x0041, 0x0020, 0x0000, 0x0000, 0x0000, 0x0000, 0x0042, 0x9515, 0xce9b, 0xc69b, 0xce9a, 0xce9a, 0xce9a, 0x39e7, 0x0041, 0x0041, 0x4a8b, 0xc67a, 0xc67a, 0xc67a, 0xc67a, 0xc67a, 0xce7a, 0xc67a, 0xce9a, 0x2945, 0x0000, 0x0000, 0x4a4a, 0xce7b, 0xc65a, 0xc67a, 0xc67a, 0xc67a, 0xc65a, 0xc65a, 0xc65a, 0x94d3, 0x4a8a, 0x94d3, 0xbe39, 0xc65a, 0xc65a, 0xc65a, 0xc65a, 0xc65a, 0xc659, 0xc639, 0xc639, 0xc639, 0xc639, 0xc639, 0xbe39, 0xbe39, 0xb5d7, 0xa555, 0x9d14, 0x9cf3, 0x9cf3, 0xad75, 0xb5b6, 0xbdf7, 0xc617, 0xc638, 0xc638, 0xc638, 0xc638, 0xc638, 0xc638, 0xc638, 0xc658, 0xc638, 0xc617, 0xa513, 0xad54, 0xf79e, 0xffff, 0xffff, 0xffff, 0xffff, 0xffff, 0xffff, 0xffff, 0xffff, 0xffff, 0xffff, 0xffff, 0xffff, 0xffff, 0xffff, 0xffff, 0xffff, 0xffff, 0xffff, 0xffff, 0xffff, 0xffff, 0xffff, 0xffff, 0xffff, 0xffff, 0xffff, 0xffff, 0xffff, 0xffff, 0xffff, 0xffff, 0xffff, 0xffff, 0xffff, 0xffff, 0xffff, 0xffff, 0xffff, 0xffff, 0xffff, 0xffff, 0xffff, 0xffff, 0xffff, 0xffff, 0xffff, 0xffff, 
  0xffff, 0xffff, 0xffff, 0xffff, 0xffff, 0xffff, 0xffff, 0xffff, 0xffff, 0xffff, 0xffff, 0xffff, 0xffff, 0xffff, 0xffff, 0xffff, 0xffff, 0xffff, 0xffff, 0xffff, 0xffff, 0xffff, 0xffff, 0xffff, 0xffff, 0xffff, 0xffff, 0xffff, 0xffff, 0xffff, 0xffff, 0xffff, 0xffff, 0xffff, 0xffff, 0xffff, 0xffff, 0xffff, 0xffff, 0xffff, 0xffff, 0xffff, 0xffff, 0xffff, 0xffff, 0xffff, 0xffff, 0xffff, 0xd69a, 0xb596, 0xce7a, 0xdefb, 0xe73c, 0xef5d, 0xef5d, 0xef5d, 0xef7d, 0xef7e, 0xf79e, 0xf79e, 0xf79e, 0xef7e, 0xf7be, 0xf7be, 0xef7d, 0xdf1b, 0xdedb, 0xdefb, 0xce99, 0x9d14, 0x8411, 0x8c52, 0x8c93, 0x8c93, 0x94d4, 0x94d4, 0x9cf5, 0x9d15, 0xa535, 0xa556, 0xad76, 0xad97, 0xad97, 0xadb7, 0xb5b7, 0xb5f8, 0xb5d8, 0xb5d8, 0xbdf8, 0xbdf8, 0xbdf8, 0xbe19, 0xbe19, 0xbe19, 0x9cd4, 0x0021, 0x0021, 0x0042, 0xa555, 0xc65a, 0xc65a, 0xc67a, 0xc67a, 0xc67a, 0xc67a, 0xc67a, 0x9d35, 0x0062, 0x0062, 0x0883, 0x9d15, 0xc67a, 0xc67a, 0xc67a, 0xce7a, 0xce7a, 0x4249, 0x0021, 0x0020, 0x0000, 0x0000, 0x0000, 0x0000, 0x0041, 0x94f4, 0xc69b, 0xc67b, 0xc67a, 0xc67a, 0xce9a, 0x4a8a, 0x0021, 0x0041, 0x31c8, 0xc65a, 0xc67a, 0xc67a, 0xc67a, 0xc67a, 0xc67a, 0xc67a, 0xce9a, 0x528a, 0x0000, 0x0000, 0x2105, 0xce7a, 0xc65a, 0xc65a, 0xc65a, 0xc65a, 0xc65a, 0xc65a, 0xc65a, 0xc65a, 0xc67a, 0xbe59, 0xc659, 0xc659, 0xc65a, 0xc659, 0xc659, 0xc639, 0xc639, 0xc639, 0xbe39, 0xbe39, 0xbe19, 0xbe19, 0xb5b7, 0xa535, 0x9cf3, 0x9cf3, 0x9cf3, 0xad54, 0xb5b6, 0xbdf7, 0xbe17, 0xc617, 0xc638, 0xc638, 0xc638, 0xc638, 0xc638, 0xc638, 0xc638, 0xc638, 0xc638, 0xbdd6, 0x9cd3, 0xd69a, 0xffff, 0xffff, 0xffff, 0xffff, 0xffff, 0xffff, 0xffff, 0xffff, 0xffff, 0xffff, 0xffff, 0xffff, 0xffff, 0xffff, 0xffff, 0xffff, 0xffff, 0xffff, 0xffff, 0xffff, 0xffff, 0xffff, 0xffff, 0xffff, 0xffff, 0xffff, 0xffff, 0xffff, 0xffff, 0xffff, 0xffff, 0xffff, 0xffff, 0xffff, 0xffff, 0xffff, 0xffff, 0xffff, 0xffff, 0xffff, 0xffff, 0xffff, 0xffff, 0xffff, 0xffff, 0xffff, 0xffff, 0xffff, 0xffff, 
  0xffff, 0xffff, 0xffff, 0xffff, 0xffff, 0xffff, 0xffff, 0xffff, 0xffff, 0xffff, 0xffff, 0xffff, 0xffff, 0xffff, 0xffff, 0xffff, 0xffff, 0xffff, 0xffff, 0xffff, 0xffff, 0xffff, 0xffff, 0xffff, 0xffff, 0xffff, 0xffff, 0xffff, 0xffff, 0xffff, 0xffff, 0xffff, 0xffff, 0xffff, 0xffff, 0xffff, 0xffff, 0xffff, 0xffff, 0xffff, 0xffff, 0xffff, 0xffff, 0xffff, 0xffff, 0xffff, 0xffff, 0xffff, 0xffff, 0xef7d, 0xb5b7, 0xb5b7, 0xd6bb, 0xe71c, 0xef5d, 0xef5d, 0xef5d, 0xef7d, 0xef7d, 0xf79e, 0xf7be, 0xf7be, 0xf79e, 0xf79e, 0xf7be, 0xf7de, 0xf7bd, 0xe75c, 0xe73c, 0xe73c, 0xd6ba, 0xad55, 0x8c52, 0x8452, 0x8c93, 0x94b3, 0x94b4, 0x94d4, 0x9cf4, 0x9d15, 0x9d35, 0xa556, 0xa556, 0xad76, 0xad97, 0xad97, 0xb5b7, 0xb5b8, 0xb5d8, 0xb5d8, 0xb5d8, 0xb5f8, 0xbdf8, 0xbe19, 0x6b6e, 0x0000, 0x0021, 0x0883, 0xbdf8, 0xbe39, 0xc65a, 0xc65a, 0xc65a, 0xc65a, 0xc65a, 0xc65a, 0x94b3, 0x0021, 0x0041, 0x1083, 0xad76, 0xc65a, 0xc67a, 0xc67a, 0xc67a, 0xc65a, 0x4a6a, 0x0021, 0x0000, 0x0000, 0x0000, 0x0000, 0x0000, 0x0021, 0x94f4, 0xc67a, 0xc67a, 0xc67a, 0xc67a, 0xce9b, 0x632d, 0x0021, 0x0021, 0x2125, 0xbe39, 0xc67a, 0xc67a, 0xc67a, 0xc67a, 0xc67a, 0xc67a, 0xc65a, 0x8430, 0x0020, 0x0000, 0x0841, 0xb5d8, 0xc65a, 0xc65a, 0xc65a, 0xc65a, 0xc65a, 0xc639, 0xc65a, 0xc639, 0xc639, 0xc639, 0xc639, 0xc639, 0xbe39, 0xbe39, 0xbe39, 0xbe39, 0xbe19, 0xbe19, 0xbe19, 0xbe19, 0xad97, 0xa534, 0x9cf3, 0x9cf3, 0x9cf3, 0xa534, 0xb596, 0xbdd6, 0xc617, 0xc618, 0xc638, 0xc638, 0xc638, 0xc638, 0xc638, 0xc638, 0xc638, 0xc618, 0xc618, 0xbdf7, 0xa514, 0xb5b6, 0xf7be, 0xffff, 0xffff, 0xffff, 0xffff, 0xffff, 0xffff, 0xffff, 0xffff, 0xffff, 0xffff, 0xffff, 0xffff, 0xffff, 0xffff, 0xffff, 0xffff, 0xffff, 0xffff, 0xffff, 0xffff, 0xffff, 0xffff, 0xffff, 0xffff, 0xffff, 0xffff, 0xffff, 0xffff, 0xffff, 0xffff, 0xffff, 0xffff, 0xffff, 0xffff, 0xffff, 0xffff, 0xffff, 0xffff, 0xffff, 0xffff, 0xffff, 0xffff, 0xffff, 0xffff, 0xffff, 0xffff, 0xffff, 0xffff, 0xffff, 0xffff, 
  0xffff, 0xffff, 0xffff, 0xffff, 0xffff, 0xffff, 0xffff, 0xffff, 0xffff, 0xffff, 0xffff, 0xffff, 0xffff, 0xffff, 0xffff, 0xffff, 0xffff, 0xffff, 0xffff, 0xffff, 0xffff, 0xffff, 0xffff, 0xffff, 0xffff, 0xffff, 0xffff, 0xffff, 0xffff, 0xffff, 0xffff, 0xffff, 0xffff, 0xffff, 0xffff, 0xffff, 0xffff, 0xffff, 0xffff, 0xffff, 0xffff, 0xffff, 0xffff, 0xffff, 0xffff, 0xffff, 0xffff, 0xffff, 0xffff, 0xffff, 0xffff, 0xd6ba, 0xad56, 0xce39, 0xdefc, 0xe73d, 0xef5d, 0xef7d, 0xef9e, 0xef7d, 0xef9e, 0xf7be, 0xf79e, 0xf79e, 0xf7be, 0xf7be, 0xf7de, 0xf7de, 0xf79d, 0xef5d, 0xe73c, 0xe71b, 0xdeda, 0xbe17, 0x94d3, 0x8452, 0x8c73, 0x94b3, 0x94b3, 0x94d4, 0x94f4, 0x9d15, 0x9d15, 0xa535, 0xa556, 0xa556, 0xad77, 0xad97, 0xad97, 0xb5b7, 0xb5b8, 0xb5d8, 0xb5d8, 0xb5d8, 0xa555, 0x73cf, 0x4a69, 0x4229, 0xbe39, 0xbe39, 0xbe39, 0xbe39, 0xbe39, 0xbe39, 0xc65a, 0xc639, 0x7c10, 0x0021, 0x0001, 0x10a3, 0xb5d8, 0xc65a, 0xc65a, 0xc65a, 0xc65a, 0xc65a, 0x4a69, 0x0020, 0x0000, 0x0000, 0x0000, 0x0000, 0x0000, 0x0021, 0x94b3, 0xc67a, 0xc67a, 0xc67a, 0xc67a, 0xc67a, 0x7bcf, 0x0001, 0x0000, 0x10a4, 0xb5f8, 0xc67a, 0xc67a, 0xc67a, 0xc67a, 0xc65a, 0xc65a, 0xc65a, 0xad96, 0x31a7, 0x5aec, 0x8c92, 0xbe19, 0xc659, 0xc65a, 0xc65a, 0xc63a, 0xc639, 0xc639, 0xc639, 0xc639, 0xc639, 0xbe39, 0xbe39, 0xbe39, 0xbe39, 0xbe39, 0xbe19, 0xbe19, 0xbe19, 0xb5d8, 0xad76, 0x9d14, 0x9cf3, 0x9cd2, 0x9cf3, 0xa554, 0xb5b6, 0xbdd7, 0xbdf7, 0xc638, 0xc638, 0xc638, 0xc638, 0xc638, 0xc617, 0xc638, 0xc638, 0xc638, 0xc638, 0xc617, 0xad75, 0xa514, 0xdf1b, 0xffff, 0xffff, 0xffff, 0xffff, 0xffff, 0xffff, 0xffff, 0xffff, 0xffff, 0xffff, 0xffff, 0xffff, 0xffff, 0xffff, 0xffff, 0xffff, 0xffff, 0xffff, 0xffff, 0xffff, 0xffff, 0xffff, 0xffff, 0xffff, 0xffff, 0xffff, 0xffff, 0xffff, 0xffff, 0xffff, 0xffff, 0xffff, 0xffff, 0xffff, 0xffff, 0xffff, 0xffff, 0xffff, 0xffff, 0xffff, 0xffff, 0xffff, 0xffff, 0xffff, 0xffff, 0xffff, 0xffff, 0xffff, 0xffff, 0xffff, 0xffff, 0xffff, 
  0xffff, 0xffff, 0xffff, 0xffff, 0xffff, 0xffff, 0xffff, 0xffff, 0xffff, 0xffff, 0xffff, 0xffff, 0xffff, 0xffff, 0xffff, 0xffff, 0xffff, 0xffff, 0xffff, 0xffff, 0xffff, 0xffff, 0xffff, 0xffff, 0xffff, 0xffff, 0xffff, 0xffff, 0xffff, 0xffff, 0xffff, 0xffff, 0xffff, 0xffff, 0xffff, 0xffff, 0xffff, 0xffff, 0xffff, 0xffff, 0xffff, 0xffff, 0xffff, 0xffff, 0xffff, 0xffff, 0xffff, 0xffff, 0xffff, 0xffff, 0xffff, 0xffff, 0xf7be, 0xc638, 0xb597, 0xd67a, 0xe73c, 0xef5d, 0xef7d, 0xef7d, 0xef7d, 0xef7e, 0xf79e, 0xf7be, 0xf7be, 0xf7be, 0xf7be, 0xf7be, 0xf7de, 0xf7df, 0xf7be, 0xef7d, 0xe73c, 0xe71c, 0xdf1b, 0xce99, 0xad55, 0x8c92, 0x8c52, 0x8c93, 0x94b4, 0x94d4, 0x94d4, 0x9cf4, 0x9cf5, 0x9d15, 0xa536, 0xa556, 0xad76, 0xad77, 0xad97, 0xad97, 0xb5b7, 0xb5b8, 0xb5b8, 0xb5d8, 0xbdf8, 0xbdf8, 0xbdf8, 0xbdf8, 0xbe19, 0xbe19, 0xbe19, 0xbe19, 0xbe39, 0xc639, 0x634d, 0x0000, 0x0001, 0x18e5, 0xbe19, 0xc659, 0xc65a, 0xc65a, 0xc65a, 0xc65a, 0x4a6a, 0x0020, 0x0000, 0x0000, 0x0000, 0x0000, 0x0000, 0x0021, 0x8cb3, 0xc67a, 0xc65a, 0xc65a, 0xc65a, 0xc65a, 0x8c72, 0x0841, 0x0000, 0x0841, 0xad97, 0xc65a, 0xc65a, 0xc65a, 0xc65a, 0xc65a, 0xc65a, 0xc65a, 0xc65a, 0xce7a, 0xc65a, 0xbe39, 0xc659, 0xbe3a, 0xbe3a, 0xc63a, 0xc639, 0xc639, 0xbe39, 0xbe39, 0xbe19, 0xbe19, 0xbe19, 0xbe19, 0xbe19, 0xbe19, 0xbe19, 0xbdf8, 0xb597, 0xa535, 0x9cf4, 0x9cd3, 0x9cd3, 0x9cf3, 0xad55, 0xb5b6, 0xb5b6, 0xbdd7, 0xc618, 0xc638, 0xc638, 0xc638, 0xc638, 0xc618, 0xc638, 0xc638, 0xc638, 0xc638, 0xc638, 0xb5b6, 0xa514, 0xce59, 0xffdf, 0xffff, 0xffff, 0xffff, 0xffff, 0xffff, 0xffff, 0xffff, 0xffff, 0xffff, 0xffff, 0xffff, 0xffff, 0xffff, 0xffff, 0xffff, 0xffff, 0xffff, 0xffff, 0xffff, 0xffff, 0xffff, 0xffff, 0xffff, 0xffff, 0xffff, 0xffff, 0xffff, 0xffff, 0xffff, 0xffff, 0xffff, 0xffff, 0xffff, 0xffff, 0xffff, 0xffff, 0xffff, 0xffff, 0xffff, 0xffff, 0xffff, 0xffff, 0xffff, 0xffff, 0xffff, 0xffff, 0xffff, 0xffff, 0xffff, 0xffff, 0xffff, 0xffff, 0xffff, 
  0xffff, 0xffff, 0xffff, 0xffff, 0xffff, 0xffff, 0xffff, 0xffff, 0xffff, 0xffff, 0xffff, 0xffff, 0xffff, 0xffff, 0xffff, 0xffff, 0xffff, 0xffff, 0xffff, 0xffff, 0xffff, 0xffff, 0xffff, 0xffff, 0xffff, 0xffff, 0xffff, 0xffff, 0xffff, 0xffff, 0xffff, 0xffff, 0xffff, 0xffff, 0xffff, 0xffff, 0xffff, 0xffff, 0xffff, 0xffff, 0xffff, 0xffff, 0xffff, 0xffff, 0xffff, 0xffff, 0xffff, 0xffff, 0xffff, 0xffff, 0xffff, 0xffff, 0xffff, 0xffff, 0xef7d, 0xbdd7, 0xb5b7, 0xdedb, 0xe73c, 0xef7d, 0xef7e, 0xef7e, 0xf79e, 0xf79e, 0xf7be, 0xf7be, 0xf7be, 0xf7de, 0xf7de, 0xf7de, 0xf7de, 0xffde, 0xf7be, 0xef9d, 0xef5d, 0xe73c, 0xe71b, 0xdedb, 0xc638, 0x9d14, 0x8c52, 0x8c72, 0x94b3, 0x94b4, 0x94b4, 0x94d4, 0x9cf4, 0x9d15, 0x9d35, 0xa536, 0xa556, 0xad76, 0xad77, 0xad97, 0xad97, 0xb5b7, 0xb5b7, 0xb5d8, 0xb5d8, 0xb5d8, 0xb5d8, 0xbdf8, 0xbdf8, 0xbdf8, 0xbe19, 0xbe19, 0xa555, 0x7c30, 0x636d, 0x634e, 0xbe19, 0xbe39, 0xbe39, 0xbe39, 0xc639, 0xc639, 0x4a8a, 0x0020, 0x0020, 0x0020, 0x0020, 0x0020, 0x0020, 0x0041, 0x8cb3, 0xc65a, 0xc65a, 0xc65a, 0xc65a, 0xc65a, 0xad96, 0x5b2c, 0x73cf, 0x8c92, 0xbe19, 0xc65a, 0xc65a, 0xc659, 0xc65a, 0xc65a, 0xc65a, 0xc63a, 0xc63a, 0xc639, 0xc639, 0xbe39, 0xbe39, 0xbe39, 0xbe39, 0xbe19, 0xbe19, 0xbe19, 0xbe19, 0xbe19, 0xbe19, 0xbe19, 0xbe19, 0xbe19, 0xbdf8, 0xb5b7, 0xa535, 0x9cf4, 0x9cf3, 0x9cd3, 0x9cd3, 0x9cf3, 0xad55, 0xb596, 0xb5b6, 0xbdd7, 0xbe17, 0xc638, 0xc638, 0xc638, 0xc638, 0xc638, 0xc638, 0xce58, 0xce58, 0xc638, 0xc638, 0xbe17, 0xa534, 0xbdf7, 0xf7be, 0xffff, 0xffff, 0xffff, 0xffff, 0xffff, 0xffff, 0xffff, 0xffff, 0xffff, 0xffff, 0xffff, 0xffff, 0xffff, 0xffff, 0xffff, 0xffff, 0xffff, 0xffff, 0xffff, 0xffff, 0xffff, 0xffff, 0xffff, 0xffff, 0xffff, 0xffff, 0xffff, 0xffff, 0xffff, 0xffff, 0xffff, 0xffff, 0xffff, 0xffff, 0xffff, 0xffff, 0xffff, 0xffff, 0xffff, 0xffff, 0xffff, 0xffff, 0xffff, 0xffff, 0xffff, 0xffff, 0xffff, 0xffff, 0xffff, 0xffff, 0xffff, 0xffff, 0xffff, 0xffff, 0xffff, 
  0xffff, 0xffff, 0xffff, 0xffff, 0xffff, 0xffff, 0xffff, 0xffff, 0xffff, 0xffff, 0xffff, 0xffff, 0xffff, 0xffff, 0xffff, 0xffff, 0xffff, 0xffff, 0xffff, 0xffff, 0xffff, 0xffff, 0xffff, 0xffff, 0xffff, 0xffff, 0xffff, 0xffff, 0xffff, 0xffff, 0xffff, 0xffff, 0xffff, 0xffff, 0xffff, 0xffff, 0xffff, 0xffff, 0xffff, 0xffff, 0xffff, 0xffff, 0xffff, 0xffff, 0xffff, 0xffff, 0xffff, 0xffff, 0xffff, 0xffff, 0xffff, 0xffff, 0xffff, 0xffff, 0xffff, 0xffff, 0xe73c, 0xbdd7, 0xc618, 0xe71c, 0xef5d, 0xef7d, 0xf79e, 0xf79e, 0xf79e, 0xf7be, 0xf79e, 0xf7be, 0xf7be, 0xffdf, 0xffdf, 0xf7be, 0xf7de, 0xffdf, 0xffdf, 0xf7be, 0xef7d, 0xef5d, 0xe71c, 0xdefb, 0xd6ba, 0xbdf7, 0x9cf4, 0x8c52, 0x8c52, 0x8c93, 0x94d4, 0x94d4, 0x94d4, 0x9cf5, 0x9d15, 0x9d35, 0xa536, 0xa556, 0xad76, 0xad77, 0xad97, 0xad97, 0xb5b7, 0xb5b7, 0xb5b8, 0xb5d8, 0xb5d8, 0xb5d8, 0xb5d8, 0xbdf8, 0xbdf8, 0xb5f8, 0xbe19, 0xbe19, 0xbe18, 0xbe19, 0xbe19, 0xbe19, 0xbe19, 0xbe19, 0xb5f8, 0xadb7, 0xadb7, 0xb5d7, 0xb5d7, 0xb5d7, 0xb5d7, 0xb5d7, 0xbe38, 0xc639, 0xc639, 0xc639, 0xc639, 0xc639, 0xc639, 0xc65a, 0xbe3a, 0xbe39, 0xbe39, 0xbe39, 0xbe39, 0xbe39, 0xbe39, 0xc639, 0xbe39, 0xbe19, 0xbe19, 0xbe19, 0xbe19, 0xbe19, 0xbe19, 0xbe19, 0xbe19, 0xbe19, 0xbe19, 0xbe19, 0xb618, 0xbe18, 0xbe18, 0xb5f8, 0xb5b7, 0xa555, 0x9cf3, 0x9cf3, 0x9cd3, 0x94b2, 0x9cd3, 0xa554, 0xb596, 0xb5b6, 0xbdd7, 0xbdd7, 0xbe17, 0xc638, 0xc638, 0xc618, 0xc618, 0xc618, 0xc638, 0xce59, 0xc638, 0xc638, 0xc638, 0xc617, 0xad55, 0xb5b6, 0xef5d, 0xffff, 0xffff, 0xffff, 0xffff, 0xffff, 0xffff, 0xffff, 0xffff, 0xffff, 0xffff, 0xffff, 0xffff, 0xffff, 0xffff, 0xffff, 0xffff, 0xffff, 0xffff, 0xffff, 0xffff, 0xffff, 0xffff, 0xffff, 0xffff, 0xffff, 0xffff, 0xffff, 0xffff, 0xffff, 0xffff, 0xffff, 0xffff, 0xffff, 0xffff, 0xffff, 0xffff, 0xffff, 0xffff, 0xffff, 0xffff, 0xffff, 0xffff, 0xffff, 0xffff, 0xffff, 0xffff, 0xffff, 0xffff, 0xffff, 0xffff, 0xffff, 0xffff, 0xffff, 0xffff, 0xffff, 0xffff, 0xffff, 
  0xffff, 0xffff, 0xffff, 0xffff, 0xffff, 0xffff, 0xffff, 0xffff, 0xffff, 0xffff, 0xffff, 0xffff, 0xffff, 0xffff, 0xffff, 0xffff, 0xffff, 0xffff, 0xffff, 0xffff, 0xffff, 0xffff, 0xffff, 0xffff, 0xffff, 0xffff, 0xffff, 0xffff, 0xffff, 0xffff, 0xffff, 0xffff, 0xffff, 0xffff, 0xffff, 0xffff, 0xffff, 0xffff, 0xffff, 0xffff, 0xffff, 0xffff, 0xffff, 0xffff, 0xffff, 0xffff, 0xffff, 0xffff, 0xffff, 0xffff, 0xffff, 0xffff, 0xffff, 0xffff, 0xffff, 0xffff, 0xffff, 0xffff, 0xdefb, 0xbdb7, 0xc618, 0xdefc, 0xef5d, 0xef7d, 0xf79e, 0xf79e, 0xf7be, 0xf7be, 0xf7be, 0xf7be, 0xf7be, 0xf7be, 0xf7be, 0xf7be, 0xf7be, 0xf7de, 0xf7de, 0xf7be, 0xef7d, 0xef7d, 0xe73c, 0xdedb, 0xdeda, 0xd699, 0xbdf7, 0xa514, 0x8c72, 0x8452, 0x8c93, 0x94b4, 0x94d4, 0x94d4, 0x9cf5, 0x9d15, 0x9d35, 0xa556, 0xa556, 0xad76, 0xad77, 0xad97, 0xad97, 0xad97, 0xad97, 0xb5b7, 0xb5b7, 0xb5d8, 0xb5d8, 0xb5d8, 0xb5d8, 0xb5d8, 0xb5f8, 0xbdf8, 0xbdf8, 0xbdf8, 0xbdf8, 0xbdf8, 0xbdf9, 0xb5f9, 0xb5f8, 0xbe18, 0xbdf8, 0xbdf8, 0xbe18, 0xbe19, 0xbe19, 0xbe19, 0xbe19, 0xbe19, 0xbe19, 0xbe19, 0xbe19, 0xbe19, 0xbe19, 0xbe19, 0xbe19, 0xbe19, 0xbe19, 0xbe19, 0xbe19, 0xbe19, 0xbe19, 0xbe19, 0xbe19, 0xbdf8, 0xbdf8, 0xbdf8, 0xbdf8, 0xb5f8, 0xb5f8, 0xbdf8, 0xbdf9, 0xb5f8, 0xb5d8, 0xad97, 0xa535, 0x9cd3, 0x94d3, 0x94d2, 0x94b2, 0x94b2, 0x9cf3, 0xa534, 0xb5b6, 0xb5b6, 0xbdd7, 0xbdf7, 0xc618, 0xc638, 0xc638, 0xc638, 0xc638, 0xc638, 0xce59, 0xce59, 0xce38, 0xc638, 0xc638, 0xc618, 0xad54, 0xad55, 0xdf1b, 0xffff, 0xffff, 0xffff, 0xffff, 0xffff, 0xffff, 0xffff, 0xffff, 0xffff, 0xffff, 0xffff, 0xffff, 0xffff, 0xffff, 0xffff, 0xffff, 0xffff, 0xffff, 0xffff, 0xffff, 0xffff, 0xffff, 0xffff, 0xffff, 0xffff, 0xffff, 0xffff, 0xffff, 0xffff, 0xffff, 0xffff, 0xffff, 0xffff, 0xffff, 0xffff, 0xffff, 0xffff, 0xffff, 0xffff, 0xffff, 0xffff, 0xffff, 0xffff, 0xffff, 0xffff, 0xffff, 0xffff, 0xffff, 0xffff, 0xffff, 0xffff, 0xffff, 0xffff, 0xffff, 0xffff, 0xffff, 0xffff, 0xffff, 0xffff
};
